{
"type": "FeatureCollection",
"name": "jiomzx",
"crs": { "type": "name", "properties": { "name": "urn:ogc:def:crs:OGC:1.3:CRS84" } },
"features": [
{ "type": "Feature", "properties": { "__mlocate_": 174681.0, "__mlocate0": 156.0, "__mlocate1": 1, "__mlocate2": 0.0, "__mlocate3": 1.0, "__mlocate4": "2009-02-16T00:00:00", "__mlocate5": 1.0, "__mlocate6": "2009-02-16T00:00:00", "__mlocate7": 1.0, "__mlocate8": "2009-02-16T00:00:00", "prov_code": "2C", "biogeozone": "Himalaya", "biogeoprov": "Himalaya: Central", "zone_code": 2, "area_sqkm": 5548.76 }, "geometry": { "type": "MultiPolygon", "coordinates": [ [ [ [ 95.151852973755595, 26.586694873807627 ], [ 95.152654066327827, 26.582817228751743 ], [ 95.154789934324441, 26.578197142005731 ], [ 95.155858409890016, 26.575885926842773 ], [ 95.154118903169277, 26.569862522845526 ], [ 95.14836635758266, 26.563644563599816 ], [ 95.144116794960297, 26.556945958712792 ], [ 95.144017610236872, 26.552070766865199 ], [ 95.138150618765778, 26.549543532524595 ], [ 95.133466172050859, 26.551433718206024 ], [ 95.126431883254995, 26.551454692893206 ], [ 95.12431854699372, 26.545711668781934 ], [ 95.120931102945903, 26.542062909174259 ], [ 95.116511735582037, 26.538713483164816 ], [ 95.114407988766587, 26.537119059442077 ], [ 95.118649925043115, 26.528747708413377 ], [ 95.120084602852643, 26.524380932084441 ], [ 95.120351275404104, 26.523569252550185 ], [ 95.120358906229285, 26.518877183506035 ], [ 95.112706635089523, 26.507801205348457 ], [ 95.106420030535929, 26.50457205907913 ], [ 95.103508638775111, 26.502342197663562 ], [ 95.103063099931489, 26.502000955615237 ], [ 95.103202818603165, 26.501526673562289 ], [ 95.104184624334437, 26.498193891399698 ], [ 95.101964472407218, 26.492277293153062 ], [ 95.095540533686076, 26.487589025773012 ], [ 95.090550920822665, 26.48370375552437 ], [ 95.087461019206515, 26.479778438509069 ], [ 95.083554776940815, 26.47505583518938 ], [ 95.079961341028721, 26.470869204603098 ], [ 95.075566813658284, 26.466787475532641 ], [ 95.074979353821874, 26.462469246918637 ], [ 95.071492723429671, 26.458549635605856 ], [ 95.068326529643429, 26.455804967599633 ], [ 95.066731996750875, 26.450679914454209 ], [ 95.065846035325933, 26.446026755045985 ], [ 95.065824100142592, 26.445911548310473 ], [ 95.065900388201229, 26.439495228102839 ], [ 95.071218068262752, 26.439500949487812 ], [ 95.074567374661456, 26.441520831292724 ], [ 95.081105749383326, 26.442320016574207 ], [ 95.083318272694427, 26.441805029743094 ], [ 95.083844700867246, 26.441682954616063 ], [ 95.086492091551079, 26.441064974508372 ], [ 95.090016871735912, 26.436309959571343 ], [ 95.09628059428276, 26.428442148491687 ], [ 95.099416270396773, 26.425056601948469 ], [ 95.100957402254195, 26.421684410877045 ], [ 95.105611330602244, 26.418993136947904 ], [ 95.107287973171353, 26.414755094793271 ], [ 95.108090879209257, 26.412725593109901 ], [ 95.107099060914678, 26.407776022893163 ], [ 95.105222234214096, 26.404009010759022 ], [ 95.104840761092376, 26.400045535354636 ], [ 95.104400187790958, 26.395961749855328 ], [ 95.104344852118089, 26.395448830106048 ], [ 95.104138861797793, 26.390218875062811 ], [ 95.121015059259349, 26.386963034885362 ], [ 95.124379615751863, 26.384378576592251 ], [ 95.13019320629833, 26.379501487204244 ], [ 95.135002486798129, 26.376733878810001 ], [ 95.135045495947722, 26.376709128258153 ], [ 95.135259118050698, 26.372100976157817 ], [ 95.133901090353078, 26.364540245842555 ], [ 95.131215548406928, 26.3555604512621 ], [ 95.129018285094034, 26.35089698200969 ], [ 95.128317846737772, 26.347349851744998 ], [ 95.127561077090803, 26.343517450740645 ], [ 95.130910374825532, 26.335338735580688 ], [ 95.130944095136456, 26.335266088326328 ], [ 95.132726165465456, 26.331426764836916 ], [ 95.127237538094889, 26.325261729882975 ], [ 95.126782882660393, 26.324751043643868 ], [ 95.127133838944133, 26.32101263685005 ], [ 95.127973070296079, 26.314167164378688 ], [ 95.128606304744523, 26.310457373136011 ], [ 95.129117479797671, 26.306026602666538 ], [ 95.130422097364757, 26.296163702626465 ], [ 95.130471734770381, 26.295384105867857 ], [ 95.130727280729459, 26.291370533569751 ], [ 95.130252192886289, 26.287372722961081 ], [ 95.130182888992437, 26.28678953604766 ], [ 95.130010116805948, 26.285335677780193 ], [ 95.130322924492248, 26.281274940322415 ], [ 95.128949637108732, 26.277498384594033 ], [ 95.126264088176555, 26.273754257068433 ], [ 95.120450505439536, 26.268158105379658 ], [ 95.120383365399476, 26.267650031652604 ], [ 95.119855415740716, 26.26365484524306 ], [ 95.121831425020829, 26.257482665193365 ], [ 95.124043949482214, 26.253021381133248 ], [ 95.127866267022966, 26.248985431258863 ], [ 95.127953733946256, 26.248599060798604 ], [ 95.12878942462342, 26.244907520745642 ], [ 95.127423767102528, 26.241319794 ], [ 95.12487555354295, 26.234586858100752 ], [ 95.122006907943174, 26.231300491690039 ], [ 95.121387320569951, 26.229877552227542 ], [ 95.120328443084233, 26.227445740651994 ], [ 95.122228155418384, 26.221719875622661 ], [ 95.127454285189003, 26.218204639210338 ], [ 95.132283690858799, 26.214332720832569 ], [ 95.139638413163738, 26.206812048589622 ], [ 95.139742591173658, 26.206599972296523 ], [ 95.141561019417182, 26.202898169124119 ], [ 95.137265673049029, 26.197914267242389 ], [ 95.133229730352923, 26.196350239035461 ], [ 95.127332220138001, 26.191841262062262 ], [ 95.125838423195191, 26.189155717635224 ], [ 95.123700636479441, 26.18531240896489 ], [ 95.125854810072724, 26.183428851865155 ], [ 95.126752390680622, 26.182644029151664 ], [ 95.124814527851115, 26.171390670135295 ], [ 95.121984035373046, 26.165025853152869 ], [ 95.119206936750928, 26.160917423307179 ], [ 95.117040196819119, 26.157615802587603 ], [ 95.116621851842908, 26.155580945817832 ], [ 95.11581949350628, 26.151678224329807 ], [ 95.119466334263109, 26.143758908523417 ], [ 95.122746974704057, 26.137746942538545 ], [ 95.125698300177291, 26.128924799622048 ], [ 95.126813438763705, 26.125591410974462 ], [ 95.124288109229312, 26.119936126215002 ], [ 95.122121369362119, 26.116275919846245 ], [ 95.119802041570608, 26.110624447575546 ], [ 95.119612181070607, 26.103680639905441 ], [ 95.119466342610451, 26.09834684529595 ], [ 95.122159522332424, 26.092800280680841 ], [ 95.125592740997931, 26.089580668814733 ], [ 95.130376363039062, 26.088871137558385 ], [ 95.136922372321663, 26.091108463339062 ], [ 95.143086917502913, 26.089477677574344 ], [ 95.146825308527283, 26.086437361074914 ], [ 95.150472158303629, 26.083393232103035 ], [ 95.156293372203791, 26.084648275532729 ], [ 95.164128747541454, 26.087276604665963 ], [ 95.169797378700196, 26.08524146000742 ], [ 95.175809335506059, 26.080711503892061 ], [ 95.178960265700951, 26.078228140165148 ], [ 95.183981151031389, 26.073258854437313 ], [ 95.184155876382931, 26.073085924713077 ], [ 95.184468684567449, 26.06874480187723 ], [ 95.182347718376491, 26.062910221825501 ], [ 95.179082339196682, 26.059713508020145 ], [ 95.176305249575222, 26.055967476363907 ], [ 95.171796282222132, 26.050176760489425 ], [ 95.166806669487784, 26.046194212658822 ], [ 95.164327122929436, 26.041811128750599 ], [ 95.163945655266247, 26.03297438523887 ], [ 95.16373203556158, 26.027284764490801 ], [ 95.16345737757689, 26.023407119296742 ], [ 95.161382189000264, 26.019834656864319 ], [ 95.147641669426889, 26.007242337236789 ], [ 95.141377949817411, 25.999309679581515 ], [ 95.139401937475853, 25.994911331344348 ], [ 95.13535074043493, 25.992628227671425 ], [ 95.130277200687757, 25.988559859656309 ], [ 95.12669139472419, 25.983743801270652 ], [ 95.116239137951027, 25.976238386318766 ], [ 95.108823381327539, 25.964170587800893 ], [ 95.10516890878327, 25.956644188503887 ], [ 95.092054001489217, 25.950000894093694 ], [ 95.08718645821034, 25.946106080260762 ], [ 95.077664993886273, 25.939397930405853 ], [ 95.072141320349431, 25.937587863777278 ], [ 95.064229651992932, 25.936271792584353 ], [ 95.056127241507269, 25.935585144193347 ], [ 95.051786125984023, 25.933120851471109 ], [ 95.048688599278975, 25.927848934938819 ], [ 95.043607423013498, 25.923414354879473 ], [ 95.040723518648988, 25.923523070612802 ], [ 95.035428731895166, 25.923725249689863 ], [ 95.034970307840183, 25.921824194303014 ], [ 95.034818226062399, 25.921193518727268 ], [ 95.03455898358348, 25.920118456163738 ], [ 95.035070148163157, 25.915687680695545 ], [ 95.031827662112889, 25.913030747108831 ], [ 95.026738867435142, 25.908506515918365 ], [ 95.020574323338181, 25.898666498959354 ], [ 95.018796682071255, 25.894363519633952 ], [ 95.018431490994615, 25.892188324809972 ], [ 95.018010855249727, 25.889682887453947 ], [ 95.018972156965205, 25.883169294759977 ], [ 95.019604873737151, 25.880805000471543 ], [ 95.020841360906871, 25.876184579077517 ], [ 95.017698050969031, 25.87343800284604 ], [ 95.014219055048144, 25.868961448762864 ], [ 95.014166586026988, 25.866109745709519 ], [ 95.014066467659589, 25.860668302475819 ], [ 95.016881712415966, 25.856468316963475 ], [ 95.020055537557212, 25.850465888689179 ], [ 95.022985222707135, 25.847078443342831 ], [ 95.026151418088375, 25.84007846884634 ], [ 95.03184293948263, 25.835109827949985 ], [ 95.032804237210001, 25.822452659593946 ], [ 95.033368814805513, 25.815403099164318 ], [ 95.035123573215458, 25.811025736947244 ], [ 95.036031466181385, 25.808767436456591 ], [ 95.038869600022608, 25.805561180156761 ], [ 95.042379121043993, 25.801534768850029 ], [ 95.047910423384039, 25.798565023294547 ], [ 95.050000601005422, 25.794278162194974 ], [ 95.050306050612733, 25.793651698453409 ], [ 95.049993244210626, 25.787605400793936 ], [ 95.046087007021256, 25.776201366360127 ], [ 95.044353432971292, 25.772111015652722 ], [ 95.043996554363105, 25.77126896418363 ], [ 95.044126254514239, 25.767109035391744 ], [ 95.04935705850194, 25.754919799058371 ], [ 95.050992704109291, 25.751108286464806 ], [ 95.042844521642223, 25.741760372527946 ], [ 95.039144269790853, 25.736038324355434 ], [ 95.032148129282803, 25.729919546022259 ], [ 95.025655526792733, 25.729114644672865 ], [ 95.017339499780959, 25.726986043349015 ], [ 95.007871434714758, 25.727045171248612 ], [ 95.000875288477587, 25.721189615180982 ], [ 94.997777762053403, 25.715187186714552 ], [ 94.997190302096527, 25.710235707843246 ], [ 94.991666630562008, 25.702825657427095 ], [ 94.987485723273082, 25.697651018409093 ], [ 94.98211464002209, 25.692854036785395 ], [ 94.97837623915521, 25.690477478103755 ], [ 94.974752283820237, 25.688095198691265 ], [ 94.9716166081175, 25.685342891292759 ], [ 94.952237977139546, 25.672088731135265 ], [ 94.9413279622716, 25.663948162820052 ], [ 94.936033165847476, 25.657711132443179 ], [ 94.933561247936098, 25.653230771036558 ], [ 94.932599948175906, 25.649717432645037 ], [ 94.931081696348357, 25.642704117510949 ], [ 94.928266458205513, 25.63534174337763 ], [ 94.925062115863525, 25.629240139063956 ], [ 94.923917708812326, 25.621040447825411 ], [ 94.920690482872686, 25.613149741383555 ], [ 94.919324825278565, 25.60351000088999 ], [ 94.918065977439539, 25.599823098342927 ], [ 94.915609319139932, 25.596332649139804 ], [ 94.909856760935085, 25.591997246954552 ], [ 94.901845910447207, 25.589765646978254 ], [ 94.894132607202081, 25.586721516882672 ], [ 94.887365336019002, 25.581852055658189 ], [ 94.88706191976398, 25.580560287769224 ], [ 94.886075974631851, 25.576362710768546 ], [ 94.890264508439998, 25.570791338182797 ], [ 94.895460121018829, 25.566116432758182 ], [ 94.901065049913512, 25.561150758547505 ], [ 94.90251730194629, 25.559864139127473 ], [ 94.903341273913597, 25.555793858070107 ], [ 94.902898766976492, 25.555751897295639 ], [ 94.88618279337463, 25.554147810676 ], [ 94.862340967037753, 25.552574252163989 ], [ 94.855886502027317, 25.552148912164093 ], [ 94.855024382396252, 25.552145099626966 ], [ 94.851408060708565, 25.552122204989647 ], [ 94.841825549552738, 25.544588175847352 ], [ 94.835256654525978, 25.539346782909043 ], [ 94.832311710930753, 25.535600751368495 ], [ 94.828191840821901, 25.527254196656077 ], [ 94.82799348009253, 25.521846860058453 ], [ 94.827222916923816, 25.516979303115118 ], [ 94.823705767296971, 25.509805768435825 ], [ 94.820470910466256, 25.506061640156968 ], [ 94.818609342210095, 25.50256546983756 ], [ 94.817007173836956, 25.495725718814665 ], [ 94.813909636815026, 25.488809675224235 ], [ 94.810842627771407, 25.484249204350935 ], [ 94.804235583856212, 25.482265562407502 ], [ 94.797521723946915, 25.482565014089069 ], [ 94.795492311998274, 25.482654656584749 ], [ 94.788190981547672, 25.480144585557827 ], [ 94.782896193521324, 25.479133692344302 ], [ 94.777326747286139, 25.473245704480753 ], [ 94.774961634121539, 25.472110828034644 ], [ 94.771108797249738, 25.4702664296499 ], [ 94.76545541867408, 25.471426093058934 ], [ 94.762930091689512, 25.474443520461811 ], [ 94.760732830735265, 25.480518423397214 ], [ 94.755071822284847, 25.481050573175626 ], [ 94.753812979244714, 25.476913533166293 ], [ 94.74993725346323, 25.47155007075246 ], [ 94.744909489931928, 25.468187412325804 ], [ 94.737608168688624, 25.465850905457021 ], [ 94.736120439898826, 25.465478974026567 ], [ 94.729322658037646, 25.463787154417236 ], [ 94.720228430243537, 25.461561280669063 ], [ 94.713056808689089, 25.460128865814614 ], [ 94.710951095211797, 25.45971687688678 ], [ 94.700872677446469, 25.457758027334187 ], [ 94.694105414006557, 25.457305986054962 ], [ 94.687101635626703, 25.454692921774871 ], [ 94.680891315363596, 25.448938445586261 ], [ 94.680502222065059, 25.439693531317459 ], [ 94.678091331853082, 25.43160445784682 ], [ 94.677534395840681, 25.422132565865844 ], [ 94.676542576889361, 25.41572769256091 ], [ 94.67465811479903, 25.409792022641877 ], [ 94.672209080441021, 25.405401303972777 ], [ 94.669363317096526, 25.401737285674059 ], [ 94.654684382004234, 25.398136212400825 ], [ 94.647596686986148, 25.39561088207002 ], [ 94.642843581552683, 25.390878750277466 ], [ 94.638731340642934, 25.381450722967482 ], [ 94.635935954534077, 25.370733911491019 ], [ 94.635656697439728, 25.369663310114344 ], [ 94.63592283130636, 25.366043409499344 ], [ 94.636068686375836, 25.364059519676871 ], [ 94.635862690346443, 25.356840207555514 ], [ 94.634344443597584, 25.348371572923995 ], [ 94.63210141045775, 25.344785759953467 ], [ 94.629438749704335, 25.339939183498416 ], [ 94.626600621181296, 25.336002419316003 ], [ 94.622511268758814, 25.328918527337077 ], [ 94.619978317347218, 25.325347968748325 ], [ 94.617330915858403, 25.321220467321826 ], [ 94.613554375894878, 25.31449896892649 ], [ 94.611517324537118, 25.31127364535244 ], [ 94.607916262404657, 25.302825996178576 ], [ 94.600241102034815, 25.288021150436371 ], [ 94.597087072622173, 25.278596414041719 ], [ 94.597021504521663, 25.278400486768213 ], [ 94.597084162899264, 25.27543627165236 ], [ 94.597189348600807, 25.270460195472623 ], [ 94.596744145068001, 25.266814040496172 ], [ 94.596395887251035, 25.263961852287217 ], [ 94.597068364084393, 25.259506718419026 ], [ 94.597570819723146, 25.256177971843687 ], [ 94.595442217324205, 25.246271197135489 ], [ 94.591803007137756, 25.235481325931268 ], [ 94.590185579098616, 25.226741855039862 ], [ 94.586996490063655, 25.219196384163233 ], [ 94.584837378312457, 25.21434408611335 ], [ 94.584200366290503, 25.209531879870525 ], [ 94.583609044771194, 25.20506483554885 ], [ 94.590300017733384, 25.19477278398535 ], [ 94.595785549900285, 25.189287247057628 ], [ 94.599874903341856, 25.184454031274928 ], [ 94.60705415122851, 25.18029029051015 ], [ 94.611296093099085, 25.178705277497123 ], [ 94.61557617842621, 25.179012364486006 ], [ 94.620855712862877, 25.180482927861778 ], [ 94.629072557761333, 25.179561678739038 ], [ 94.632002248864055, 25.176363051834162 ], [ 94.636289964262104, 25.170711580178292 ], [ 94.638891583347188, 25.168279710203326 ], [ 94.641668675555223, 25.165676184841338 ], [ 94.645895363007725, 25.163547579670784 ], [ 94.655790674349163, 25.161525790677334 ], [ 94.665045121883907, 25.157243792343063 ], [ 94.675512639782013, 25.154035637755015 ], [ 94.679228148744556, 25.150295327476702 ], [ 94.685232468860477, 25.14687163772 ], [ 94.69170218924701, 25.148500510930258 ], [ 94.696676550822431, 25.149606772466758 ], [ 94.701528843016163, 25.14873511834589 ], [ 94.706198022773862, 25.142797540611351 ], [ 94.711591997627053, 25.138841700142024 ], [ 94.726873658872947, 25.132593223997823 ], [ 94.733801140762267, 25.131685330492505 ], [ 94.739897021931156, 25.128265453219093 ], [ 94.743329035057542, 25.125631539613746 ], [ 94.743612530630259, 25.125413970092804 ], [ 94.743282137241636, 25.118260054798391 ], [ 94.743162399867344, 25.115667413933746 ], [ 94.743453340255854, 25.110580771682883 ], [ 94.743627797158894, 25.107530669190197 ], [ 94.743271958541897, 25.101182113945388 ], [ 94.74320818488097, 25.100044322338107 ], [ 94.743452316107422, 25.090467528347325 ], [ 94.746038681754854, 25.078691553265539 ], [ 94.747663746691487, 25.068733284403574 ], [ 94.748512942257207, 25.0655634782573 ], [ 94.74887681771807, 25.064205236406867 ], [ 94.748523460346405, 25.059687301569372 ], [ 94.748502978253896, 25.059425423440388 ], [ 94.748526006185031, 25.057630666328169 ], [ 94.748594530385006, 25.052290032797419 ], [ 94.747114426636116, 25.046709136539437 ], [ 94.745580925192826, 25.038057399555285 ], [ 94.743520990354611, 25.033208918949907 ], [ 94.74284960821565, 25.028255536832724 ], [ 94.740812557747404, 25.018886633070693 ], [ 94.74004199484672, 25.014022893608896 ], [ 94.737287787955211, 25.009271690542523 ], [ 94.733000073920024, 25.001474449251962 ], [ 94.723898217345848, 24.990129543532035 ], [ 94.711004559871398, 24.982534476302959 ], [ 94.70361168814928, 24.972423622839035 ], [ 94.700949027498311, 24.967134538819089 ], [ 94.700210345200858, 24.961294154205149 ], [ 94.69970544430997, 24.957302162416813 ], [ 94.701605157086874, 24.952405995612189 ], [ 94.703527759046395, 24.948495928087901 ], [ 94.706930470469771, 24.944654533182987 ], [ 94.711340255894498, 24.941795410613107 ], [ 94.714850157670298, 24.935364345422578 ], [ 94.714910810795544, 24.935253213032691 ], [ 94.716825782836892, 24.931249680384159 ], [ 94.712415998531569, 24.928335255814083 ], [ 94.703626948113069, 24.923116747182725 ], [ 94.699262941876782, 24.916400974488969 ], [ 94.690733287438064, 24.896741932032118 ], [ 94.689817765925199, 24.888711992994121 ], [ 94.686674454438588, 24.883878772182321 ], [ 94.67744289751937, 24.875776352622069 ], [ 94.669744857284158, 24.871097629238953 ], [ 94.659368891269636, 24.866350232720034 ], [ 94.655325133298192, 24.863132589037427 ], [ 94.654570002384602, 24.862531726605933 ], [ 94.654991708970556, 24.86002821880669 ], [ 94.655653378701246, 24.856100146661948 ], [ 94.653807069471256, 24.851789532513191 ], [ 94.645872504218403, 24.844030444756953 ], [ 94.638945022488784, 24.837715203309582 ], [ 94.635580460202348, 24.83134656941586 ], [ 94.632847353284731, 24.8197121382359 ], [ 94.632513451772539, 24.818290768214105 ], [ 94.632863888367993, 24.814660001949498 ], [ 94.633116177777381, 24.812046108488236 ], [ 94.632490564000051, 24.803745327763771 ], [ 94.630155974907197, 24.799898206297414 ], [ 94.625013770309735, 24.79327779744478 ], [ 94.622695390301388, 24.785437361272496 ], [ 94.622511328028622, 24.78481488896502 ], [ 94.623037762615894, 24.773790416305744 ], [ 94.62727970062825, 24.766244945892172 ], [ 94.630674772402273, 24.76177793061844 ], [ 94.630771933762446, 24.759072534336791 ], [ 94.630957062003588, 24.75391775378348 ], [ 94.622679180541297, 24.743000091384193 ], [ 94.618849227073525, 24.738351876621749 ], [ 94.61530919191344, 24.733068523322551 ], [ 94.6100144037935, 24.722570474352349 ], [ 94.60896918175321, 24.718608912702962 ], [ 94.608465637904985, 24.71111494094497 ], [ 94.596983416947324, 24.704313332683768 ], [ 94.588621607736783, 24.699991281235921 ], [ 94.582151891060988, 24.703949029988046 ], [ 94.583363892783581, 24.708496378003936 ], [ 94.584143154034308, 24.711420112505085 ], [ 94.5837757312392, 24.715534212542501 ], [ 94.583456506518132, 24.719108633913034 ], [ 94.581243991466934, 24.719814353141174 ], [ 94.579329009601864, 24.720426612712686 ], [ 94.578283787166598, 24.720136699076118 ], [ 94.575262544995795, 24.719299365702089 ], [ 94.572233684168978, 24.714733179186023 ], [ 94.572148933275415, 24.714466213946984 ], [ 94.57108927584359, 24.7111282844503 ], [ 94.573019507831376, 24.707681705070453 ], [ 94.573250595045266, 24.706407377290741 ], [ 94.574202069933577, 24.701160482471892 ], [ 94.56826640701712, 24.70069509069749 ], [ 94.565039168067372, 24.703075461271929 ], [ 94.560156366585858, 24.707473803952318 ], [ 94.554342773095001, 24.708356910022594 ], [ 94.548666509815902, 24.705715230438877 ], [ 94.545598017359637, 24.699372782514249 ], [ 94.544279614294609, 24.696647697569997 ], [ 94.548429995796965, 24.68873792029958 ], [ 94.550087712228731, 24.68354151377639 ], [ 94.550596748339132, 24.681945851040755 ], [ 94.548361341166924, 24.664087342675607 ], [ 94.544783157401739, 24.655635881547582 ], [ 94.538206626876544, 24.638196991640196 ], [ 94.529081884723169, 24.621595429352073 ], [ 94.518393111304889, 24.606016206705743 ], [ 94.505140871821297, 24.590814636442474 ], [ 94.500029180256902, 24.585639997620273 ], [ 94.495825391607752, 24.582078977201899 ], [ 94.487494095419706, 24.578468366364703 ], [ 94.482946981127739, 24.571565673507322 ], [ 94.475889803121149, 24.568397565304583 ], [ 94.470152496802115, 24.567291303832217 ], [ 94.463110578044933, 24.564933822049717 ], [ 94.457159655977406, 24.556156202267168 ], [ 94.453444147709718, 24.544721644385703 ], [ 94.447752624993768, 24.532144585235773 ], [ 94.443052922083254, 24.520906485763582 ], [ 94.438078560222365, 24.509861032271015 ], [ 94.43416468474021, 24.505388300873339 ], [ 94.432715103674212, 24.500526469701679 ], [ 94.429968526029484, 24.493688627007611 ], [ 94.427153281265973, 24.482797661341742 ], [ 94.419127167703834, 24.47999195122912 ], [ 94.406576822178678, 24.479141276778943 ], [ 94.403586103839046, 24.478151364454764 ], [ 94.403012522101974, 24.477961738291103 ], [ 94.401030262710179, 24.477306401663764 ], [ 94.407199055640362, 24.463379789864351 ], [ 94.409071637491152, 24.459152264510408 ], [ 94.400732716816847, 24.454549828255232 ], [ 94.400382096051544, 24.454167848909961 ], [ 94.398024282008265, 24.451599158884253 ], [ 94.405516343159363, 24.443294566106648 ], [ 94.406173891568216, 24.436627044526034 ], [ 94.406470020250566, 24.433624307069319 ], [ 94.405020435247835, 24.420721095023371 ], [ 94.401434626643876, 24.410650289401321 ], [ 94.396696774557014, 24.402660412249126 ], [ 94.389158941151422, 24.399221456906258 ], [ 94.380949714227043, 24.397151984959386 ], [ 94.371939415296794, 24.394355808035328 ], [ 94.364332909056827, 24.394165069995065 ], [ 94.364189524918572, 24.393678859969075 ], [ 94.362898587723492, 24.389301335553562 ], [ 94.373854388347794, 24.382410085352188 ], [ 94.376776445031354, 24.379941975799333 ], [ 94.377272355290529, 24.379522357581095 ], [ 94.381684116282045, 24.37579943532851 ], [ 94.383612378000947, 24.374172246451 ], [ 94.380881059470994, 24.368970906448016 ], [ 94.375052201546026, 24.360630068086749 ], [ 94.366850610000853, 24.35150912701009 ], [ 94.353255042913887, 24.336114915905512 ], [ 94.349249615841714, 24.331651722737291 ], [ 94.344588060058157, 24.329080619533279 ], [ 94.332358151381953, 24.328308140883543 ], [ 94.323881899938613, 24.328666721179253 ], [ 94.323541328878363, 24.3272442625689 ], [ 94.322737496861095, 24.323886908223749 ], [ 94.32437018089179, 24.32035449361392 ], [ 94.325400150045212, 24.308692963279242 ], [ 94.32565244270468, 24.298983948914586 ], [ 94.325735841935256, 24.295774486824172 ], [ 94.325476448966114, 24.282136945532553 ], [ 94.319258497287919, 24.265668901111709 ], [ 94.312254722430495, 24.249485048596533 ], [ 94.310705960459458, 24.243816403490321 ], [ 94.306792084494717, 24.240272551273968 ], [ 94.301245514385982, 24.235240963295691 ], [ 94.292609044855169, 24.229642893716623 ], [ 94.291937662571144, 24.226461439736017 ], [ 94.28906138504631, 24.212877300917167 ], [ 94.285101730861371, 24.203075443305494 ], [ 94.282507741961439, 24.192441963742766 ], [ 94.281882132930917, 24.181434659211924 ], [ 94.281157338167148, 24.169696832271168 ], [ 94.27716717521038, 24.165758164426013 ], [ 94.263930181683918, 24.1621055878025 ], [ 94.260138375737128, 24.157623317808245 ], [ 94.257536756948127, 24.145641355423948 ], [ 94.255692778853629, 24.134509480046422 ], [ 94.255415788638032, 24.132837324259615 ], [ 94.256468641592846, 24.121532461744565 ], [ 94.256556314061186, 24.114733764116963 ], [ 94.256621236262475, 24.109699275986213 ], [ 94.254698661050014, 24.099649440347065 ], [ 94.254103539378534, 24.0965385728957 ], [ 94.254607073774025, 24.094944025975153 ], [ 94.254744403276106, 24.094526316471896 ], [ 94.255713339267814, 24.091465024012059 ], [ 94.257139186116959, 24.087002864561754 ], [ 94.257422315408377, 24.086116816404996 ], [ 94.257048481131733, 24.079437283575171 ], [ 94.256972184212714, 24.079278973841973 ], [ 94.251395106003528, 24.067571665532579 ], [ 94.2475727809624, 24.060380957950958 ], [ 94.244528655097838, 24.052465464184614 ], [ 94.237295997654542, 24.055881525058808 ], [ 94.231768509337897, 24.056658255543024 ], [ 94.230414291229934, 24.056848552681753 ], [ 94.232588668632388, 24.048606900532608 ], [ 94.234450238454698, 24.046205544708812 ], [ 94.240919956933624, 24.037866615572099 ], [ 94.241282980375061, 24.03708819382587 ], [ 94.242651827279374, 24.034153011906177 ], [ 94.228911299902379, 24.011436485095672 ], [ 94.222922232846543, 24.004087472268505 ], [ 94.217619802749411, 23.996007942510321 ], [ 94.212706482238829, 23.987476371999545 ], [ 94.2076405676262, 23.982379934021068 ], [ 94.198622628382097, 23.968008062495922 ], [ 94.191794335740269, 23.955070514522589 ], [ 94.191150413850053, 23.945592305875468 ], [ 94.190855919554878, 23.941257494822029 ], [ 94.193545005675503, 23.935344019419151 ], [ 94.194113667915303, 23.934093493819283 ], [ 94.193251543192886, 23.927776359536651 ], [ 94.187712612428129, 23.924133326438074 ], [ 94.179106660360802, 23.927915592409267 ], [ 94.174208593508524, 23.928953195916524 ], [ 94.168074562056589, 23.925218601411441 ], [ 94.166823347729846, 23.918821357663983 ], [ 94.165503463844161, 23.879272479879763 ], [ 94.162283860124134, 23.855003377710062 ], [ 94.158713310208171, 23.842931767668588 ], [ 94.152716608013563, 23.841634768603242 ], [ 94.144423462925289, 23.84631540538961 ], [ 94.136565190848145, 23.8461189467079 ], [ 94.132430063412741, 23.836309449222377 ], [ 94.126112921827357, 23.833032629680613 ], [ 94.119925493733561, 23.832996386520367 ], [ 94.112074855455006, 23.842731495398183 ], [ 94.111433980823847, 23.856920258811339 ], [ 94.108931541513655, 23.861185094543067 ], [ 94.101531035101544, 23.86749078664495 ], [ 94.098319064509255, 23.8793525873619 ], [ 94.093459140493394, 23.88391496107581 ], [ 94.087965982319446, 23.884866734381486 ], [ 94.084921855243067, 23.884086626682869 ], [ 94.082846659477354, 23.883554476402661 ], [ 94.07311918741901, 23.88346291974003 ], [ 94.065886529364477, 23.886049286938903 ], [ 94.058333429195002, 23.887744918264413 ], [ 94.054015203367285, 23.888059634325462 ], [ 94.04854492929303, 23.890903487621248 ], [ 94.046752016525318, 23.89787293894771 ], [ 94.044348762851612, 23.903856290088378 ], [ 94.04067140149597, 23.90849877829352 ], [ 94.03539186453051, 23.91106797741914 ], [ 94.032004406258864, 23.912458435887235 ], [ 94.03157716339004, 23.912633909185114 ], [ 94.025229514177624, 23.916582119905456 ], [ 94.018988676030233, 23.922056215044826 ], [ 94.015189234202097, 23.924524324614108 ], [ 94.010863368809794, 23.925104156648644 ], [ 94.005545688740014, 23.923793806956077 ], [ 93.999045450895395, 23.921773925870841 ], [ 93.992957196829693, 23.922176375821508 ], [ 93.987166485585419, 23.92267991582775 ], [ 93.979125114754297, 23.923919688924968 ], [ 93.973929499534819, 23.925952930375715 ], [ 93.966940976580574, 23.924652114301907 ], [ 93.96188269536556, 23.926933299047512 ], [ 93.959799869485579, 23.927871716787187 ], [ 93.959372626288328, 23.93411638148531 ], [ 93.957541569954742, 23.937650699832453 ], [ 93.951377023236375, 23.940950411348247 ], [ 93.939223408598295, 23.943574917164259 ], [ 93.933425067294792, 23.944166200657289 ], [ 93.924010396714905, 23.946229951256914 ], [ 93.918616429355396, 23.947622313415106 ], [ 93.911551609187612, 23.948312768196505 ], [ 93.904677526181672, 23.948005691778558 ], [ 93.899741310582826, 23.946506518582865 ], [ 93.893744612192435, 23.945743573510036 ], [ 93.888701585922632, 23.942708977694309 ], [ 93.884734300940778, 23.938407911817759 ], [ 93.879225882930911, 23.938087474319289 ], [ 93.874709290182437, 23.937847146299514 ], [ 93.870848815830428, 23.934894578250592 ], [ 93.863921330334975, 23.928901683692267 ], [ 93.846335583738224, 23.929121030623492 ], [ 93.835280599520857, 23.923149121122773 ], [ 93.825942225613346, 23.922498712972281 ], [ 93.813742832341447, 23.920963299642821 ], [ 93.805815896458668, 23.924264919871018 ], [ 93.80348893006132, 23.928527841881643 ], [ 93.80308457556751, 23.93838311240378 ], [ 93.801345070451319, 23.94227601139762 ], [ 93.798926557706565, 23.946720137908123 ], [ 93.797301493390535, 23.947177899382798 ], [ 93.795005045481361, 23.947828307281927 ], [ 93.792098252641381, 23.953992852914588 ], [ 93.79135057234511, 23.958700186249239 ], [ 93.783416006543121, 23.960651409925209 ], [ 93.777198051968284, 23.969093337445749 ], [ 93.771331052616034, 23.97364808168718 ], [ 93.76814196075766, 23.981256498539778 ], [ 93.764464598458133, 23.988239295038735 ], [ 93.760100584064446, 23.995401392294415 ], [ 93.754836310757355, 24.000768666687787 ], [ 93.744506116698673, 23.999843609353608 ], [ 93.742285961045525, 23.992547999838134 ], [ 93.737845655076057, 23.990499503771325 ], [ 93.730696922432458, 23.993162168011377 ], [ 93.724715473343011, 23.995191582008232 ], [ 93.718138943047776, 23.996952068461752 ], [ 93.710662138822101, 23.996639260867848 ], [ 93.704093232985301, 23.997854245985625 ], [ 93.694953225601537, 23.99891281505602 ], [ 93.684455182871901, 24.001148236526081 ], [ 93.681502611550528, 24.001615531633615 ], [ 93.675513537476775, 24.002561578784093 ], [ 93.672438896617635, 23.999599462564753 ], [ 93.669654163638654, 23.998521816404526 ], [ 93.665541924183728, 23.996929173578994 ], [ 93.663771905384721, 23.996669778769764 ], [ 93.660819334076976, 23.996238723091857 ], [ 93.656806270248026, 23.998788840865984 ], [ 93.652991578478989, 24.001525888439598 ], [ 93.650466244923351, 24.00506401923889 ], [ 93.645774178527745, 24.005434046731725 ], [ 93.642989445467165, 24.00565338945442 ], [ 93.633353527983047, 24.004980097010129 ], [ 93.625708880583375, 24.006837856040129 ], [ 93.618720356614148, 24.005882274996871 ], [ 93.614534709956885, 24.002526792008357 ], [ 93.614363971907338, 24.002389917270907 ], [ 93.61470729827731, 23.994619377726444 ], [ 93.618117633132059, 23.991165162365903 ], [ 93.618694350617773, 23.987476158378502 ], [ 93.618781389933616, 23.986919409496995 ], [ 93.618949243390503, 23.982852945897225 ], [ 93.613967248917817, 23.973123562945105 ], [ 93.61030514127178, 23.968812948901572 ], [ 93.607329670253804, 23.965120320781967 ], [ 93.601500820486024, 23.961277016372605 ], [ 93.595198944071655, 23.958965308052552 ], [ 93.590682345325945, 23.959714897238566 ], [ 93.581939061723546, 23.960212711052733 ], [ 93.578124369886396, 23.962041864639982 ], [ 93.575225201265184, 23.969644550305819 ], [ 93.57053312454444, 23.975006108978715 ], [ 93.566939678946909, 23.980442050482129 ], [ 93.561629622282254, 23.98137093497785 ], [ 93.559348438737885, 23.977415094591755 ], [ 93.555449105380205, 23.971581052222383 ], [ 93.555373528787655, 23.971467977886892 ], [ 93.555489396436187, 23.966779908467345 ], [ 93.555610034929828, 23.961898808490535 ], [ 93.553023669045174, 23.957031256646857 ], [ 93.544463502655802, 23.955093388338419 ], [ 93.537581789165912, 23.955131536950617 ], [ 93.528624879033359, 23.952650081482641 ], [ 93.52230774819175, 23.946632393496401 ], [ 93.517554639189655, 23.94195557432985 ], [ 93.513221138591135, 23.939094552702901 ], [ 93.511260392047816, 23.939630514905009 ], [ 93.506835339946548, 23.940841678069724 ], [ 93.500686051441932, 23.947732928596032 ], [ 93.494117150540688, 23.949123387050122 ], [ 93.487555873540742, 23.953496937253764 ], [ 93.48395479790841, 23.95956994103841 ], [ 93.476203339359103, 23.961500169619857 ], [ 93.470404996996905, 23.962701804111152 ], [ 93.46708621995873, 23.965970996922145 ], [ 93.464362524557586, 23.971229561851274 ], [ 93.464648624232424, 23.975601554848595 ], [ 93.464911836900427, 23.979623798012085 ], [ 93.465613743743688, 23.984048852262411 ], [ 93.46541928361178, 23.988139005228849 ], [ 93.465270421962174, 23.991270073450377 ], [ 93.46136417399272, 23.995628364295072 ], [ 93.457061191335484, 24.00170517553104 ], [ 93.455626873813245, 24.007125862669945 ], [ 93.451537512568308, 24.014913565280985 ], [ 93.442328842193405, 24.019842149539333 ], [ 93.439414414099005, 24.026803970913019 ], [ 93.438277634358499, 24.035667430492158 ], [ 93.431197557922118, 24.053764352158424 ], [ 93.423095142525042, 24.063825614199438 ], [ 93.418586178773637, 24.06818200130424 ], [ 93.413787286168827, 24.071365363895065 ], [ 93.408881587841336, 24.07382966102039 ], [ 93.402602599711471, 24.07647896464044 ], [ 93.38954108398832, 24.080423362863616 ], [ 93.381789624804895, 24.081535345120169 ], [ 93.368903581811011, 24.084482196698602 ], [ 93.367080154715438, 24.084819797173278 ], [ 93.364875258273244, 24.085226059711527 ], [ 93.359984819107424, 24.092470174706161 ], [ 93.355208815544756, 24.101350792361885 ], [ 93.34991402283724, 24.10470772407648 ], [ 93.346751616510247, 24.105102359989882 ], [ 93.345389794274766, 24.105272301762561 ], [ 93.347518394464061, 24.097402581389147 ], [ 93.349372340008443, 24.093875887512439 ], [ 93.349893955792979, 24.093182543823175 ], [ 93.35230965238101, 24.089971546147964 ], [ 93.34529061412735, 24.084583290976184 ], [ 93.342055748891681, 24.08667564681863 ], [ 93.337821433816643, 24.085523612395246 ], [ 93.334017582267322, 24.083343747661822 ], [ 93.332496122502391, 24.082471848510526 ], [ 93.334441614457987, 24.077314378168371 ], [ 93.336081934054249, 24.071250917563184 ], [ 93.337333158949477, 24.06465721501522 ], [ 93.338736264306746, 24.062456498471299 ], [ 93.3404535790674, 24.059762956926043 ], [ 93.335799645656039, 24.053279882553067 ], [ 93.335449901852996, 24.051808034985424 ], [ 93.334792571377079, 24.049041753548629 ], [ 93.33582254020952, 24.045742036908095 ], [ 93.336738063375321, 24.042524343002402 ], [ 93.337773098861405, 24.04103799756912 ], [ 93.340644316973581, 24.036914831921184 ], [ 93.33444161581248, 24.034954074799526 ], [ 93.333840010800458, 24.034346667028778 ], [ 93.33167215194625, 24.032157898263105 ], [ 93.336066681090969, 24.026548387187766 ], [ 93.3381541725972, 24.024905945125024 ], [ 93.340575649929519, 24.023000722752645 ], [ 93.336168891481165, 24.017246913454294 ], [ 93.33533426060977, 24.016157154000801 ], [ 93.336204010621103, 24.0122680724566 ], [ 93.338287453393519, 24.006060346795678 ], [ 93.338721705070242, 24.004766470934282 ], [ 93.337653593410465, 23.994554523963124 ], [ 93.337363675163445, 23.98824119676263 ], [ 93.334279797695672, 23.982217599220725 ], [ 93.332793668690925, 23.979314810790633 ], [ 93.335830171913216, 23.975145348905986 ], [ 93.340735870298616, 23.974679947086173 ], [ 93.345748379457035, 23.973033906284378 ], [ 93.349952175874847, 23.970300676161731 ], [ 93.351500938660891, 23.964340208882234 ], [ 93.35420174590665, 23.953573232416208 ], [ 93.358199545424114, 23.94696617923443 ], [ 93.360732509138444, 23.943063741593512 ], [ 93.363265462879468, 23.938266760629954 ], [ 93.366103598933122, 23.935728075209216 ], [ 93.369330829711004, 23.93282700168988 ], [ 93.374038160580966, 23.93009376657368 ], [ 93.37953132530798, 23.928447725778945 ], [ 93.389243535720141, 23.926237112292128 ], [ 93.396987370082229, 23.922500614372783 ], [ 93.397555918141236, 23.918550247309433 ], [ 93.397834236284538, 23.916616444075864 ], [ 93.397414618415269, 23.911199578925221 ], [ 93.39582007785873, 23.905157093417653 ], [ 93.394950327994707, 23.890895850529283 ], [ 93.393821178826897, 23.87951660933815 ], [ 93.393726292641375, 23.873254159857016 ], [ 93.393660960328049, 23.868942263821801 ], [ 93.394614637267495, 23.86316300058526 ], [ 93.394895422568311, 23.858783907476926 ], [ 93.395072399245649, 23.856023797587842 ], [ 93.394790574046326, 23.851415651299398 ], [ 93.394751962187371, 23.850784304028569 ], [ 93.394904551354003, 23.84292984347498 ], [ 93.39524787275181, 23.833168033101931 ], [ 93.397859254754849, 23.828308878914115 ], [ 93.398261482111025, 23.827560430737236 ], [ 93.397671138603314, 23.820572266198077 ], [ 93.397323070099716, 23.816452026261157 ], [ 93.399558480457387, 23.811647415817912 ], [ 93.405044015705812, 23.809371947217183 ], [ 93.407966073642442, 23.805830003952522 ], [ 93.408745660358576, 23.801825529511142 ], [ 93.409110482751828, 23.799951559851742 ], [ 93.408187320066588, 23.791013721985301 ], [ 93.407088694436382, 23.787279132232403 ], [ 93.40567725108653, 23.782444002946669 ], [ 93.402564466562993, 23.767288211708415 ], [ 93.402473609576333, 23.76488584987634 ], [ 93.402335580877249, 23.761236193013517 ], [ 93.403380809213701, 23.753824234579586 ], [ 93.405211860951169, 23.747848512902461 ], [ 93.408614574609956, 23.740880970786474 ], [ 93.412497933821314, 23.735712058077855 ], [ 93.413459230203117, 23.730651860304441 ], [ 93.414862956616105, 23.727091759748223 ], [ 93.415778572465257, 23.724769593755337 ], [ 93.413886483530106, 23.719091415080229 ], [ 93.413339855503679, 23.716533979177157 ], [ 93.41297858508463, 23.714843752421235 ], [ 93.413543157715864, 23.710332877542037 ], [ 93.414985110186791, 23.704359059590775 ], [ 93.417128969152358, 23.700643537187357 ], [ 93.421317511166322, 23.696199420689201 ], [ 93.427581239944971, 23.692922593431902 ], [ 93.434516351530846, 23.688365935433737 ], [ 93.436652586022802, 23.684381490048963 ], [ 93.439376276859662, 23.680490494344081 ], [ 93.440965793231868, 23.677655607841633 ], [ 93.442679799635414, 23.674598694151037 ], [ 93.438926140352933, 23.670372012048354 ], [ 93.434089109781667, 23.663982397797103 ], [ 93.431411192379102, 23.659389495142364 ], [ 93.428344175785682, 23.65244293809014 ], [ 93.426383682729011, 23.646210328815826 ], [ 93.426246099871761, 23.645772938955083 ], [ 93.426589421667018, 23.637367250873115 ], [ 93.430655889216666, 23.61097717305212 ], [ 93.431319648250351, 23.58730888843165 ], [ 93.432057181000474, 23.583878920914614 ], [ 93.432662414452082, 23.581064223316041 ], [ 93.430953433236496, 23.574661258886287 ], [ 93.425017766565915, 23.563940050061852 ], [ 93.421874452854723, 23.56160545294405 ], [ 93.421894250574297, 23.558724565721253 ], [ 93.421927866183367, 23.55383300467539 ], [ 93.425116948398241, 23.545234686086445 ], [ 93.425766472995505, 23.539223650686647 ], [ 93.425956184721898, 23.537467959019313 ], [ 93.425628123233992, 23.530509950063937 ], [ 93.42550605321631, 23.526630401711248 ], [ 93.423430851493436, 23.523479466557298 ], [ 93.419791637822229, 23.51942825232031 ], [ 93.414069592478398, 23.512771608816919 ], [ 93.409041824237605, 23.505563738242209 ], [ 93.405486527446314, 23.500797271005847 ], [ 93.405332579489524, 23.49774425410207 ], [ 93.405158465487261, 23.494291302815714 ], [ 93.405479150684044, 23.492203944572172 ], [ 93.406005321665347, 23.488779064276141 ], [ 93.403078866176358, 23.47989917670472 ], [ 93.402228778654944, 23.477319713606686 ], [ 93.403777541361265, 23.473340988956462 ], [ 93.404493036729747, 23.469782610916297 ], [ 93.404921955908634, 23.467649465099068 ], [ 93.403800436067897, 23.459613805031424 ], [ 93.399245684032664, 23.449333190057772 ], [ 93.397628254236054, 23.43922996715369 ], [ 93.396331261492648, 23.435251232474826 ], [ 93.395061772293133, 23.426052987389184 ], [ 93.39501136959305, 23.425687789267542 ], [ 93.395067882780566, 23.423043071680329 ], [ 93.39516396371215, 23.418546677985773 ], [ 93.3949286995215, 23.416819622037522 ], [ 93.394660423884915, 23.414850231963719 ], [ 93.395408104280619, 23.407886501827921 ], [ 93.396071857719861, 23.403644560380336 ], [ 93.401702352227119, 23.394041059788453 ], [ 93.403541033381217, 23.389966961736459 ], [ 93.407523578904218, 23.384254456864962 ], [ 93.408354052148752, 23.383531152989576 ], [ 93.412002034380109, 23.380353927966361 ], [ 93.402388999917449, 23.375875470516249 ], [ 93.399428798910776, 23.371919630144671 ], [ 93.39423551358459, 23.366436988834117 ], [ 93.394225547788722, 23.366426467958554 ], [ 93.394279580593206, 23.361148336898523 ], [ 93.394286585520618, 23.360464091928787 ], [ 93.396521995859388, 23.356666566335864 ], [ 93.387610868288434, 23.355173109373425 ], [ 93.374106845024755, 23.355045317867887 ], [ 93.369399513797788, 23.352266309454006 ], [ 93.365279638902166, 23.350572581625588 ], [ 93.364737235505459, 23.349406416949758 ], [ 93.363601171326437, 23.346963884973434 ], [ 93.365828952232064, 23.342437745710821 ], [ 93.369811497798395, 23.33672713956852 ], [ 93.373115025127348, 23.333459855472558 ], [ 93.375548798015032, 23.330017088510068 ], [ 93.37631388779981, 23.327593998436139 ], [ 93.377089941285178, 23.325136185612081 ], [ 93.375297033110684, 23.31926536140762 ], [ 93.374602756164151, 23.31313514198769 ], [ 93.374625729206542, 23.311818951829196 ], [ 93.374740080901617, 23.305267335319012 ], [ 93.375396210308594, 23.299039834651197 ], [ 93.377517184650273, 23.293697356913508 ], [ 93.378756417319877, 23.287098610889409 ], [ 93.378943882776753, 23.286100381968193 ], [ 93.37892862348302, 23.282396311477058 ], [ 93.375983681813608, 23.279245376321551 ], [ 93.373115026677311, 23.275108336902669 ], [ 93.372943437128697, 23.270904416329831 ], [ 93.372786960185167, 23.26707076311493 ], [ 93.374984222456675, 23.256671900482253 ], [ 93.376121007146466, 23.248622894770289 ], [ 93.380942783962126, 23.237306589963811 ], [ 93.386077368494213, 23.227436065561701 ], [ 93.392342769415251, 23.216798158049766 ], [ 93.392371610929061, 23.216749188120847 ], [ 93.392447903012055, 23.212051388441882 ], [ 93.385077909165091, 23.203689570212521 ], [ 93.384253937237318, 23.194477083180271 ], [ 93.382903541632658, 23.180484768278777 ], [ 93.379126988571869, 23.167400352348253 ], [ 93.378211465703274, 23.159450532485486 ], [ 93.375754799123555, 23.156032563086136 ], [ 93.373671977901367, 23.15143203552584 ], [ 93.372461942274683, 23.146452277316005 ], [ 93.371589151327569, 23.142860408224955 ], [ 93.376723735795622, 23.136156077898942 ], [ 93.380546052347043, 23.137218474635205 ], [ 93.388267002817713, 23.140436168163472 ], [ 93.391427594629846, 23.137494530147485 ], [ 93.392066440609696, 23.136899941086856 ], [ 93.391250093511843, 23.131124495295712 ], [ 93.379569497140395, 23.120056147747402 ], [ 93.373702492561861, 23.116559982598947 ], [ 93.369887800478452, 23.115221018407951 ], [ 93.366652935307684, 23.113162988757843 ], [ 93.362624616788722, 23.109289166122334 ], [ 93.361632796399107, 23.105327604580257 ], [ 93.361602282774925, 23.098817823934183 ], [ 93.360694384768848, 23.092678066309521 ], [ 93.359595748650548, 23.087985987366668 ], [ 93.354987598680182, 23.083581918240444 ], [ 93.350074270904713, 23.077281947127837 ], [ 93.350063515351621, 23.077248410271697 ], [ 93.348685721320606, 23.072952266287039 ], [ 93.355053826333943, 23.070822159408035 ], [ 93.355796316329986, 23.070573799341489 ], [ 93.35500285351209, 23.065422050162869 ], [ 93.350562551480891, 23.057487484676674 ], [ 93.346114619782028, 23.057456965848864 ], [ 93.342757679395987, 23.057434081952852 ], [ 93.338225821479782, 23.047880171938392 ], [ 93.334357721490605, 23.036329260347756 ], [ 93.330222592719338, 23.028398512328561 ], [ 93.327178464726316, 23.024347303114624 ], [ 93.321685304997544, 23.017684933899563 ], [ 93.318839544072702, 23.014627453875462 ], [ 93.312591069472262, 23.014915463678062 ], [ 93.309363839187441, 23.011501311292136 ], [ 93.30377149311353, 23.00646781981305 ], [ 93.299552442354326, 23.001148217232146 ], [ 93.295348650918669, 22.998634329356513 ], [ 93.290961746729607, 22.997844688067694 ], [ 93.285789024036958, 22.997499463063683 ], [ 93.276229392081362, 22.998533244648524 ], [ 93.271560199212644, 23.003156656035916 ], [ 93.265723723086921, 23.005252833898936 ], [ 93.256728663255799, 23.001672737280384 ], [ 93.250869293335228, 22.999437326034343 ], [ 93.245421906443013, 23.002531045550171 ], [ 93.238891147632188, 23.007066717998843 ], [ 93.235496068807592, 23.010606762546004 ], [ 93.231803441582315, 23.01485823763042 ], [ 93.229384928400236, 23.020109173102107 ], [ 93.225890668244517, 23.02581786552458 ], [ 93.222266703024076, 23.031465525352075 ], [ 93.217933211688418, 23.03821944589631 ], [ 93.211806806975545, 23.04239463397489 ], [ 93.203933276931011, 23.049922936364379 ], [ 93.198951281727659, 23.050842282713578 ], [ 93.192222160776907, 23.053388587606523 ], [ 93.187858145811717, 23.051084509302402 ], [ 93.184897944507767, 23.050254815572597 ], [ 93.180800963170924, 23.051082605535743 ], [ 93.174529594578502, 23.046133035530449 ], [ 93.169936708693982, 23.043975825018848 ], [ 93.165633725813109, 23.04218100716237 ], [ 93.159781980118296, 23.045093533076383 ], [ 93.153464847638517, 23.051254270798928 ], [ 93.145179329395546, 23.054893491638925 ], [ 93.13970905357705, 23.053827282446289 ], [ 93.138137401621307, 23.049676887383402 ], [ 93.134711803607303, 23.046611782440767 ], [ 93.131879481267475, 23.042377073904817 ], [ 93.130790295592917, 23.040748592718099 ], [ 93.132918895821106, 23.034873955636478 ], [ 93.13324130946468, 23.032133452844878 ], [ 93.133674210679715, 23.028453818112801 ], [ 93.132194105074731, 23.024482722921622 ], [ 93.130522398348305, 23.021234773381646 ], [ 93.129455149787063, 23.019161221628384 ], [ 93.13197284886931, 23.013105390496701 ], [ 93.132719228503817, 23.009906127510586 ], [ 93.133597914145255, 23.006139752091123 ], [ 93.128020832205166, 22.999744406694852 ], [ 93.12771247174544, 22.997977277804225 ], [ 93.127029002209127, 22.994060507306436 ], [ 93.131209915118191, 22.989351265715563 ], [ 93.135207714802817, 22.987440103901822 ], [ 93.140372808252351, 22.986968986299779 ], [ 93.142791331496866, 22.981000899546199 ], [ 93.145408216872852, 22.973854056643237 ], [ 93.145523024688359, 22.972606221421547 ], [ 93.145873608233941, 22.968795767151217 ], [ 93.144301951286323, 22.964111323139935 ], [ 93.140721933055985, 22.961997322026924 ], [ 93.140487253956294, 22.961858743781942 ], [ 93.140281262453442, 22.957700723801519 ], [ 93.143973889744458, 22.954444881632664 ], [ 93.146590765073142, 22.949735639585061 ], [ 93.149398382623275, 22.943225859409065 ], [ 93.150344425055025, 22.934730528740452 ], [ 93.151183666530315, 22.92388152401794 ], [ 93.154975470104773, 22.919992442034246 ], [ 93.15944629096083, 22.917715070106141 ], [ 93.163833195369719, 22.915719976826082 ], [ 93.164588150507853, 22.91458431311537 ], [ 93.166060976364321, 22.912368770797485 ], [ 93.164199405928457, 22.909114832786202 ], [ 93.160483889445544, 22.90678595643617 ], [ 93.156295357177896, 22.906881329823047 ], [ 93.150054512227058, 22.90618896112035 ], [ 93.143714485972808, 22.906200403032109 ], [ 93.136497079823073, 22.906492225307797 ], [ 93.134237958548027, 22.9026805630312 ], [ 93.132972306018161, 22.900545113672983 ], [ 93.136214937550022, 22.894146273706351 ], [ 93.136550493164933, 22.893484106420683 ], [ 93.136046948316533, 22.886714926006853 ], [ 93.134864395642936, 22.882921212857156 ], [ 93.133285108806433, 22.875881185727859 ], [ 93.130919998900382, 22.868566509871705 ], [ 93.127975051573699, 22.862796779829509 ], [ 93.12162739587022, 22.859294888965877 ], [ 93.119384360575751, 22.856130593165986 ], [ 93.118721114159129, 22.849613896984007 ], [ 93.118575643327389, 22.848184580782771 ], [ 93.119026886940603, 22.840172322382568 ], [ 93.119216512595415, 22.836805340081163 ], [ 93.118522235536489, 22.830751412668189 ], [ 93.113341878212665, 22.824890131229044 ], [ 93.109858205233948, 22.822327267468541 ], [ 93.108947353913052, 22.821657173354492 ], [ 93.110381671535492, 22.815593712743151 ], [ 93.113843781549093, 22.81446226055802 ], [ 93.114280295857668, 22.814319603201788 ], [ 93.113875936792752, 22.809713354470919 ], [ 93.106948449113005, 22.806299197537591 ], [ 93.101981718193201, 22.805231090074461 ], [ 93.097830163764201, 22.804110551191659 ], [ 93.096999727428837, 22.803886409706749 ], [ 93.100555020482062, 22.785629269083536 ], [ 93.10172994340239, 22.780595777198435 ], [ 93.10565145686607, 22.763755791909045 ], [ 93.109008387782154, 22.746490471739932 ], [ 93.109779219611397, 22.741432721129964 ], [ 93.110343534617442, 22.737730015497657 ], [ 93.106818750777066, 22.73132132989932 ], [ 93.1022258598462, 22.725193014215741 ], [ 93.099586085323395, 22.720954884775914 ], [ 93.098487459584547, 22.713094702592144 ], [ 93.0967174404947, 22.707857123224876 ], [ 93.093108734697637, 22.704622261624912 ], [ 93.092016631740194, 22.704116178099031 ], [ 93.089408477961442, 22.702907553236209 ], [ 93.095611174916584, 22.694854730082099 ], [ 93.101821501287844, 22.689687716533488 ], [ 93.104300197148149, 22.680615540402165 ], [ 93.104514673695448, 22.679830542330503 ], [ 93.104308682184652, 22.67532157618534 ], [ 93.1011147764589, 22.672536423682793 ], [ 93.100791537749302, 22.672254552969783 ], [ 93.101165373185751, 22.667648304691287 ], [ 93.102431857445339, 22.663759222696498 ], [ 93.105041107902238, 22.657695762087137 ], [ 93.108230190736521, 22.652631751408901 ], [ 93.112113550274245, 22.648468010695737 ], [ 93.114943525451395, 22.646011470917312 ], [ 93.116088466156469, 22.64501761380258 ], [ 93.113232816004881, 22.635621420430052 ], [ 93.112357690823131, 22.632741920590256 ], [ 93.114478666106791, 22.628669725814547 ], [ 93.121856285812754, 22.623592364927184 ], [ 93.127112940226453, 22.622764580405146 ], [ 93.133903093967376, 22.616420734437472 ], [ 93.136619155136898, 22.611713401117147 ], [ 93.140464376497988, 22.601133339889699 ], [ 93.141898694152601, 22.592365253721958 ], [ 93.142693900426281, 22.584065311158266 ], [ 93.143119400367041, 22.579624169537933 ], [ 93.133475851633051, 22.575042718392183 ], [ 93.131225176872988, 22.570896140794986 ], [ 93.126739096204744, 22.568021763566477 ], [ 93.121955467658935, 22.560626972806503 ], [ 93.11911733151986, 22.553586951128775 ], [ 93.115317893506088, 22.552516929493009 ], [ 93.113442332772593, 22.549065195469058 ], [ 93.113059593811826, 22.548360813241814 ], [ 93.113762098861244, 22.541772775379606 ], [ 93.114013275808858, 22.539417254215653 ], [ 93.113509731362385, 22.534090032191493 ], [ 93.111831268606423, 22.530294409863746 ], [ 93.111261186265168, 22.529240996863781 ], [ 93.109199129007791, 22.525430670536075 ], [ 93.117362577230864, 22.522338859288222 ], [ 93.123290614952751, 22.522142400847969 ], [ 93.128341267814051, 22.519683824859591 ], [ 93.130011251749096, 22.516002791647793 ], [ 93.131133626426589, 22.513528817857406 ], [ 93.128104762633015, 22.507575975038819 ], [ 93.127325465548523, 22.505744122714663 ], [ 93.12634237300027, 22.503433219456031 ], [ 93.128081868443772, 22.499534594255444 ], [ 93.130202843722032, 22.495380391292738 ], [ 93.132720543202922, 22.492572772864271 ], [ 93.135238242249727, 22.488674157664889 ], [ 93.135536591386128, 22.484063189366399 ], [ 93.135787555538684, 22.480184548131412 ], [ 93.133727623008056, 22.473236072396993 ], [ 93.133040984511183, 22.471371601772592 ], [ 93.131965228835696, 22.468450538794205 ], [ 93.135642601795084, 22.462926857876401 ], [ 93.13950307202883, 22.456863397266215 ], [ 93.143180434970901, 22.452066411285195 ], [ 93.147155351267315, 22.449520100915006 ], [ 93.154143876609297, 22.44570731091995 ], [ 93.158362927678866, 22.446828831494631 ], [ 93.160171095086028, 22.447311396057728 ], [ 93.172797734567496, 22.444837560682167 ], [ 93.175498541771418, 22.440130222359574 ], [ 93.17955737455901, 22.432258593246413 ], [ 93.18527179577157, 22.427171698696039 ], [ 93.187114505829641, 22.423070691171969 ], [ 93.188155705262275, 22.420753469904586 ], [ 93.186400940573918, 22.416782369716948 ], [ 93.185916801303577, 22.414162242473129 ], [ 93.185599857731916, 22.412446968146607 ], [ 93.186271241112578, 22.407022468088659 ], [ 93.191596563012041, 22.402400960417587 ], [ 93.192103253584676, 22.40010286610017 ], [ 93.192832523487667, 22.396795266308889 ], [ 93.19058185375394, 22.392650591993252 ], [ 93.189329703770014, 22.390340083457748 ], [ 93.188819459132532, 22.389398562268532 ], [ 93.189582403864961, 22.384338364494404 ], [ 93.193732787979812, 22.377639760337278 ], [ 93.193944408492825, 22.37671667928435 ], [ 93.194686469435652, 22.373479836627986 ], [ 93.190664024588557, 22.365832070768782 ], [ 93.189895206510386, 22.36437033793748 ], [ 93.191817814701054, 22.356960288238401 ], [ 93.194411806144288, 22.352159484792157 ], [ 93.196986578043678, 22.33865737134683 ], [ 93.197272826448184, 22.337156282609723 ], [ 93.197092736487718, 22.334895055405894 ], [ 93.196761662105558, 22.330738053363177 ], [ 93.199950744404831, 22.327205648727741 ], [ 93.201100266052961, 22.325970138368277 ], [ 93.203826474397133, 22.32303999882863 ], [ 93.200126222748608, 22.320791231943993 ], [ 93.195356884704495, 22.318888246129031 ], [ 93.19361071875862, 22.318191518889726 ], [ 93.196784546718675, 22.311317431422125 ], [ 93.197837404459548, 22.306705461949296 ], [ 93.198585084826135, 22.299661622363825 ], [ 93.198782638887494, 22.29629290705644 ], [ 93.198951295354192, 22.293416967695403 ], [ 93.198506869183092, 22.287696359694841 ], [ 93.198340944751891, 22.285560598422819 ], [ 93.19879870662659, 22.280050263166075 ], [ 93.199172546615927, 22.274444569055916 ], [ 93.201194335597023, 22.269289007429208 ], [ 93.202560001085573, 22.266841878369409 ], [ 93.204574160570033, 22.263233171739181 ], [ 93.20596909835588, 22.260739647280484 ], [ 93.206504393164806, 22.259782779837714 ], [ 93.205802486613109, 22.254634842682858 ], [ 93.201507143627751, 22.252737031515966 ], [ 93.193648868054851, 22.249259938271489 ], [ 93.187598765358828, 22.243318547838548 ], [ 93.18090778306204, 22.242797839552505 ], [ 93.168197222159947, 22.243379580420541 ], [ 93.16325337468011, 22.242584218412276 ], [ 93.157615250491673, 22.240793213036529 ], [ 93.148788048967432, 22.241813649003916 ], [ 93.14441639894558, 22.240291581610048 ], [ 93.144223657183005, 22.238787759818834 ], [ 93.143722131403038, 22.234874716476629 ], [ 93.149230546109678, 22.228441228285678 ], [ 93.153770034557951, 22.222463597869847 ], [ 93.154395346084442, 22.219404781772187 ], [ 93.154914444128622, 22.216865528685307 ], [ 93.154185141090693, 22.213844986550047 ], [ 93.153541158817262, 22.211177816839744 ], [ 93.156325887513248, 22.203575120703125 ], [ 93.163192337725008, 22.198949800564677 ], [ 93.16562296308291, 22.195700159464206 ], [ 93.167052808375985, 22.193788517745265 ], [ 93.163642470210732, 22.187385542898529 ], [ 93.160201617873042, 22.176097858586157 ], [ 93.151656694967116, 22.171976078147114 ], [ 93.145644735389055, 22.170639027717915 ], [ 93.135940153954408, 22.170568451468629 ], [ 93.127990326799079, 22.172946918460628 ], [ 93.124808869367371, 22.176210390118005 ], [ 93.120071018764861, 22.182901369804089 ], [ 93.117187109190766, 22.192403780383732 ], [ 93.114478672503111, 22.195207581353635 ], [ 93.108855802169032, 22.194597230862151 ], [ 93.099540319981685, 22.192728029767224 ], [ 93.09458884292431, 22.19327353065334 ], [ 93.086165999932589, 22.196554175441239 ], [ 93.08326682603537, 22.199092851342336 ], [ 93.07891044527139, 22.202358236730841 ], [ 93.074355697407043, 22.204088204060216 ], [ 93.068915940207759, 22.202196114093052 ], [ 93.065024955772557, 22.200405109171882 ], [ 93.05716667490843, 22.197978960257334 ], [ 93.05124626699731, 22.197278961658181 ], [ 93.044059384466081, 22.191692344865768 ], [ 93.043131116406116, 22.19001932210583 ], [ 93.041907895459232, 22.187814704807685 ], [ 93.043937314409987, 22.184104908131257 ], [ 93.05107841900508, 22.169897068408421 ], [ 93.051905119009177, 22.162908649887001 ], [ 93.05230675464378, 22.159513465178502 ], [ 93.049377067073522, 22.15075300893923 ], [ 93.048194509370134, 22.144248949501328 ], [ 93.045371637497638, 22.139923081143273 ], [ 93.044878526873546, 22.136676200575767 ], [ 93.04428826108321, 22.13278959935332 ], [ 93.05143700506359, 22.125812518554604 ], [ 93.056571579942471, 22.121643056188255 ], [ 93.059951399582388, 22.114950168220879 ], [ 93.063452326450161, 22.108036893522975 ], [ 93.06379662095982, 22.107357015739517 ], [ 93.062896351871984, 22.09614943543955 ], [ 93.057075130169125, 22.093908303999765 ], [ 93.049415216465349, 22.093381869023254 ], [ 93.043609248280305, 22.095478046921524 ], [ 93.036544425765541, 22.099105825417801 ], [ 93.032760257478387, 22.099117267358093 ], [ 93.029555910249812, 22.099128709747468 ], [ 93.020354858521969, 22.099866851629958 ], [ 93.013373967454569, 22.099702820715741 ], [ 93.010719987884841, 22.096539599241002 ], [ 93.010650276377277, 22.096456511743412 ], [ 93.010642646951837, 22.092304222961204 ], [ 93.012448278248172, 22.088415847273371 ], [ 93.012954349490101, 22.087326037924473 ], [ 93.011870977620049, 22.079473480674174 ], [ 93.00913965209773, 22.073600757323355 ], [ 93.005431765408616, 22.064212787468058 ], [ 93.001151676664804, 22.055461869440464 ], [ 92.998138067118774, 22.049955356655509 ], [ 92.997352243617811, 22.044715873566727 ], [ 92.997333660915587, 22.038116838548511 ], [ 92.997321724946332, 22.033878315846938 ], [ 92.998946790243849, 22.02646635741996 ], [ 93.005797981400804, 22.01425169225914 ], [ 93.007396163311853, 22.006938905176359 ], [ 93.007712959742378, 22.005489342286435 ], [ 93.00709660115686, 21.99889464859648 ], [ 93.006919497206553, 21.996999732276503 ], [ 93.007289227034548, 21.992498032843809 ], [ 93.007484073998029, 21.990125645295791 ], [ 93.007178901614225, 21.986066801636412 ], [ 93.006591435258855, 21.978290541379124 ], [ 93.003959300541965, 21.974237428467109 ], [ 92.99940455261914, 21.973114004177074 ], [ 92.996307021126299, 21.972349150525115 ], [ 92.98973047914123, 21.975257864013034 ], [ 92.985374095480736, 21.977346413938836 ], [ 92.983161576554508, 21.984489427885965 ], [ 92.979117998399445, 21.99633215173403 ], [ 92.976905471686322, 22.000850666084119 ], [ 92.970519671868217, 22.004388797372886 ], [ 92.966842308786411, 22.008552538097234 ], [ 92.964339864015898, 22.014698016896851 ], [ 92.963966023569256, 22.021568286897978 ], [ 92.958358422831679, 22.02465247324167 ], [ 92.953216208413139, 22.024391159744599 ], [ 92.948554649712335, 22.020425780766487 ], [ 92.945846217981412, 22.017356863836035 ], [ 92.939536710171922, 22.012855512631603 ], [ 92.932075163265793, 22.014579759229274 ], [ 92.931251760928973, 22.013888539566093 ], [ 92.929069183559662, 22.012056338184692 ], [ 92.933128016527263, 22.007265082939551 ], [ 92.934472909476781, 22.005609714514744 ], [ 92.9365154711477, 22.003095616022737 ], [ 92.929618496897945, 21.996423713217599 ], [ 92.925155305312387, 21.990470870869704 ], [ 92.922233247102454, 21.981708510909328 ], [ 92.919707923113435, 21.975393280005804 ], [ 92.916885041167916, 21.968444814738962 ], [ 92.9131847838498, 21.959684358512035 ], [ 92.912298897214782, 21.953843827533873 ], [ 92.911910684742423, 21.951284396651531 ], [ 92.912657476350645, 21.947978788136187 ], [ 92.913543369531283, 21.944057454739681 ], [ 92.908317233641824, 21.94090460590018 ], [ 92.903289464325709, 21.948225007941829 ], [ 92.902175573752189, 21.975418078097203 ], [ 92.898795753530365, 21.98500631887152 ], [ 92.893882424828789, 21.998559938634418 ], [ 92.891761449411831, 22.006607045604703 ], [ 92.886932047664772, 22.012845979080524 ], [ 92.883262309001026, 22.016195281389148 ], [ 92.877059616782034, 22.020631778010458 ], [ 92.87223020459092, 22.02479361045544 ], [ 92.870010058342871, 22.031211839245483 ], [ 92.868858019207892, 22.041337956424108 ], [ 92.867698345623637, 22.048925387704994 ], [ 92.867708179828497, 22.053116989818182 ], [ 92.867713609957306, 22.055431355869079 ], [ 92.867670332555633, 22.055513780985336 ], [ 92.865295091598639, 22.060037604596744 ], [ 92.860847154271966, 22.062307347073414 ], [ 92.854560540642623, 22.060342777588687 ], [ 92.852210684376814, 22.059606539002417 ], [ 92.846595448641622, 22.057083117964481 ], [ 92.842231433202727, 22.058172211011797 ], [ 92.842238660345629, 22.062618386507435 ], [ 92.842239072632353, 22.0628719194067 ], [ 92.842193776295034, 22.062926972675168 ], [ 92.839042350157371, 22.066757194392796 ], [ 92.834106132619183, 22.071098317157411 ], [ 92.830131226060814, 22.071199401762165 ], [ 92.823257140886454, 22.074453340223634 ], [ 92.817931823494746, 22.085119232100659 ], [ 92.814742735915317, 22.090360623924152 ], [ 92.808059387487774, 22.092447268623079 ], [ 92.800986940145009, 22.097061146833983 ], [ 92.792854010107163, 22.10105131888859 ], [ 92.78646058014175, 22.103761664745527 ], [ 92.780830084920282, 22.103500351701385 ], [ 92.775108038762568, 22.104675279949618 ], [ 92.771430675567672, 22.10594366831566 ], [ 92.76697510821765, 22.110738740571946 ], [ 92.767446510307082, 22.114652621907322 ], [ 92.767844858644992, 22.117959961730975 ], [ 92.767315675166884, 22.11834709239168 ], [ 92.763396926227699, 22.12121390018676 ], [ 92.749046039388645, 22.127637850193345 ], [ 92.740905474356879, 22.13089560111915 ], [ 92.735572532030119, 22.133970249256635 ], [ 92.730537133056075, 22.144548406751337 ], [ 92.715697960529297, 22.147623049909406 ], [ 92.705810265446587, 22.148529040186926 ], [ 92.701255522240814, 22.148807516832349 ], [ 92.697639719287281, 22.143984180997464 ], [ 92.697189054709455, 22.143383011795155 ], [ 92.698238392778563, 22.135098043269942 ], [ 92.69844790918188, 22.133443819866688 ], [ 92.697463713572802, 22.117460239200899 ], [ 92.696792330686208, 22.113300310501522 ], [ 92.695012267891741, 22.095175515804787 ], [ 92.694938389595833, 22.094423280763909 ], [ 92.695216740618449, 22.085054753048151 ], [ 92.695327484488971, 22.081327422526716 ], [ 92.694747652528918, 22.075998296784778 ], [ 92.691352572894317, 22.072380051514784 ], [ 92.689117157203711, 22.076267229779198 ], [ 92.688453398650694, 22.089908583451443 ], [ 92.687385286370372, 22.102197637300023 ], [ 92.684280125187087, 22.104539864304435 ], [ 92.681838576200761, 22.100752970731946 ], [ 92.681663239685307, 22.100481020206658 ], [ 92.682342257631063, 22.087196343893563 ], [ 92.68311283189324, 22.080699908937557 ], [ 92.683593477673242, 22.071666707266974 ], [ 92.684661590359099, 22.065061553239172 ], [ 92.68484124508285, 22.061934367932821 ], [ 92.685050694752633, 22.058288560379971 ], [ 92.684208854171359, 22.054393417737277 ], [ 92.684074128969058, 22.053770051041685 ], [ 92.684463228375847, 22.045186986852208 ], [ 92.687399313284942, 22.037139928080755 ], [ 92.687759121819866, 22.036153785173976 ], [ 92.68727847614754, 22.030920017835431 ], [ 92.686132694707709, 22.028459961148027 ], [ 92.685722078352569, 22.027578345465489 ], [ 92.685820244392787, 22.026812290967634 ], [ 92.685935699442368, 22.025911319014966 ], [ 92.686210363564484, 22.023776992403622 ], [ 92.6850430601216, 22.019081101027311 ], [ 92.682136266578453, 22.013116826748011 ], [ 92.678550449722636, 22.009412755832194 ], [ 92.674583167967512, 22.009325016914502 ], [ 92.669349396881657, 22.00996206920469 ], [ 92.661018104531323, 22.010774599362009 ], [ 92.657050822767985, 22.010049808169221 ], [ 92.642516828060479, 21.993524539125346 ], [ 92.638839459822677, 21.987564076862299 ], [ 92.635741928573339, 21.984031666791999 ], [ 92.627898906390868, 21.98033140880241 ], [ 92.615981797082284, 21.976806623684034 ], [ 92.613776905182164, 21.976394639931296 ], [ 92.610168198941935, 21.975721348127042 ], [ 92.608916983967831, 21.98078344962364 ], [ 92.609921572498777, 21.981000497182649 ], [ 92.613075002977666, 21.98168181539134 ], [ 92.615691883522516, 21.98520659053862 ], [ 92.615407133116832, 21.989288615381572 ], [ 92.615401964990241, 21.989362701777072 ], [ 92.610259750164147, 21.998399725472019 ], [ 92.599990589951148, 22.007791503259806 ], [ 92.600900103113261, 22.011342877342326 ], [ 92.602592211062557, 22.017950047496026 ], [ 92.602599840534893, 22.017999638153594 ], [ 92.605216726073309, 22.023057927176254 ], [ 92.604553871350902, 22.026258332457328 ], [ 92.603851065849497, 22.02965162971644 ], [ 92.599105584863437, 22.034444793243125 ], [ 92.598907217695512, 22.03932188822321 ], [ 92.599034362959387, 22.039713919697942 ], [ 92.600166062534782, 22.043203340733395 ], [ 92.602584585933684, 22.048892961288647 ], [ 92.602676137271985, 22.053592669678903 ], [ 92.602560316043835, 22.053979698136857 ], [ 92.601135003789409, 22.058742510104974 ], [ 92.595794421849803, 22.062810887878491 ], [ 92.594825495402745, 22.075633990220929 ], [ 92.583953609217374, 22.095235816190414 ], [ 92.581237542768719, 22.099025717320778 ], [ 92.578712218055216, 22.106883990309015 ], [ 92.573669184485595, 22.116910926173027 ], [ 92.56968664323152, 22.121877654272815 ], [ 92.565032714052762, 22.124944677485413 ], [ 92.564155329028623, 22.12937163088548 ], [ 92.564859783077694, 22.130075126341904 ], [ 92.569770570039751, 22.134979233246444 ], [ 92.574912774810542, 22.138679491245622 ], [ 92.584312189461471, 22.140760415160592 ], [ 92.592368828278737, 22.136428825594386 ], [ 92.595084889736981, 22.130561818435908 ], [ 92.597228749113285, 22.123599992048561 ], [ 92.600715385219175, 22.121074667261219 ], [ 92.608566026911475, 22.12324523339089 ], [ 92.60991643307743, 22.132463441567513 ], [ 92.612434132275752, 22.142847049771127 ], [ 92.614272814080707, 22.151790603773701 ], [ 92.614455916717077, 22.165798173004557 ], [ 92.614362123096271, 22.165999491727145 ], [ 92.612228135464548, 22.170579894136903 ], [ 92.607574206321274, 22.173471444490712 ], [ 92.602431996111235, 22.172744739568184 ], [ 92.599715929663688, 22.177534091075263 ], [ 92.600078979099862, 22.181286311016194 ], [ 92.60067723602657, 22.187469470532985 ], [ 92.602035272114392, 22.19659422858777 ], [ 92.601598371622728, 22.198367618929765 ], [ 92.600387322853621, 22.203283299531574 ], [ 92.594756827394406, 22.20969771631162 ], [ 92.592910511009933, 22.214572892564604 ], [ 92.592811334673598, 22.220439904716283 ], [ 92.592841579704441, 22.220864330357323 ], [ 92.593101248148628, 22.224508272024092 ], [ 92.594550830174384, 22.231376638280548 ], [ 92.59411615231393, 22.233972437327271 ], [ 92.593673455146018, 22.236616121813935 ], [ 92.59268926472987, 22.251333222852491 ], [ 92.589286550033819, 22.258562078490939 ], [ 92.585601557187047, 22.267772662204468 ], [ 92.579864254551111, 22.275365826369814 ], [ 92.579864255913051, 22.279067981424966 ], [ 92.580071853430638, 22.279524325125948 ], [ 92.582000485734113, 22.283763872348928 ], [ 92.583251700598595, 22.294061650357804 ], [ 92.583442443138466, 22.309867849430756 ], [ 92.583352894009892, 22.31010234637947 ], [ 92.581786853967657, 22.314203250991593 ], [ 92.580520384280206, 22.325046524591951 ], [ 92.578948722244874, 22.332540501041777 ], [ 92.576034298617714, 22.341670979848608 ], [ 92.574279533558254, 22.351514808370343 ], [ 92.568740599410106, 22.362804406395856 ], [ 92.565429436481253, 22.375082008307317 ], [ 92.565466277809506, 22.379285952002881 ], [ 92.565513362852911, 22.384658802126662 ], [ 92.565439309831959, 22.384965200158952 ], [ 92.563766232283626, 22.391887657760211 ], [ 92.560546630774425, 22.39767073845033 ], [ 92.55693792483892, 22.412746420132049 ], [ 92.5563504632497, 22.425491322198585 ], [ 92.555846923082967, 22.441291800078762 ], [ 92.552245846637831, 22.453756321784109 ], [ 92.550178284178486, 22.465635285600083 ], [ 92.550101987199668, 22.466047274359827 ], [ 92.549598447084392, 22.475349414006789 ], [ 92.549624067367347, 22.478684899323383 ], [ 92.549689998063101, 22.487268444954914 ], [ 92.549618076673454, 22.488090919016116 ], [ 92.548118345959793, 22.505241388034452 ], [ 92.547317262815255, 22.520242681449261 ], [ 92.543121094906269, 22.538398732447444 ], [ 92.538940181907705, 22.548511498501348 ], [ 92.534843199939829, 22.554555887696459 ], [ 92.530174016338535, 22.559156405227423 ], [ 92.529380553863206, 22.564399706408718 ], [ 92.529698501873938, 22.566599429764569 ], [ 92.530059576015219, 22.56909751542981 ], [ 92.539291137329599, 22.573707566597598 ], [ 92.539177897952925, 22.578226712009425 ], [ 92.539085145649238, 22.58192824268119 ], [ 92.538398497775688, 22.592676157723989 ], [ 92.534980529045455, 22.606771460886367 ], [ 92.530593629012444, 22.613445272432081 ], [ 92.526893371772772, 22.618412005075562 ], [ 92.528355015305792, 22.620965085034832 ], [ 92.529220343821194, 22.622476570368594 ], [ 92.53505682584867, 22.626371378093552 ], [ 92.535545106458898, 22.630161279215674 ], [ 92.534834917925082, 22.630818696046422 ], [ 92.532516242177252, 22.632965080182348 ], [ 92.527938599973012, 22.634588232172273 ], [ 92.527061219940151, 22.638828270326883 ], [ 92.527055253707971, 22.643244534819903 ], [ 92.527045965445183, 22.650119772071914 ], [ 92.527013724268528, 22.65032316011801 ], [ 92.526458493924338, 22.653825751278639 ], [ 92.526458493885769, 22.658160833056613 ], [ 92.526458493882544, 22.658523551387386 ], [ 92.52741980528927, 22.662677758892467 ], [ 92.526826939765328, 22.664858218134114 ], [ 92.522239442043301, 22.681730261938974 ], [ 92.520660159725978, 22.697811115185246 ], [ 92.517829652500197, 22.708919514150672 ], [ 92.51528906380986, 22.716859810769151 ], [ 92.510505434416743, 22.731677996403945 ], [ 92.503288032231808, 22.738981240301179 ], [ 92.49703955644749, 22.742044441493817 ], [ 92.490913155842847, 22.742406839601131 ], [ 92.485648875836915, 22.742843615969349 ], [ 92.480575328456482, 22.747266761909028 ], [ 92.477447278205247, 22.761449803996914 ], [ 92.475570442907582, 22.776258456422074 ], [ 92.4722440355591, 22.785554879876241 ], [ 92.469016794070214, 22.792959208815383 ], [ 92.467056047383096, 22.800811756053214 ], [ 92.465194476568826, 22.805418004322064 ], [ 92.461196675873239, 22.809120171518167 ], [ 92.456512222829787, 22.813634863397937 ], [ 92.455817950059682, 22.820310588668704 ], [ 92.455981596474686, 22.82297977804755 ], [ 92.456100239056056, 22.824914923654333 ], [ 92.462722549787827, 22.827272405043495 ], [ 92.46244612724692, 22.83180323076575 ], [ 92.462425001760664, 22.832149500021945 ], [ 92.458816300405005, 22.837385171092354 ], [ 92.46064843775622, 22.839287457755471 ], [ 92.464744338838429, 22.843540183078805 ], [ 92.462996355892969, 22.846382022774193 ], [ 92.462302931458765, 22.847509379522279 ], [ 92.459953074996889, 22.851846689811186 ], [ 92.461100335742216, 22.854278287957353 ], [ 92.463065870672381, 22.858444204356147 ], [ 92.461222856956496, 22.859239215433099 ], [ 92.458480608499173, 22.860422124521268 ], [ 92.457008132481377, 22.865657795590085 ], [ 92.457734664244612, 22.86756033955832 ], [ 92.458663711154699, 22.869993202595072 ], [ 92.457414140706703, 22.871442908364635 ], [ 92.454459913834356, 22.874870292575764 ], [ 92.451530230801879, 22.878837580288288 ], [ 92.44917274985788, 22.883802404646357 ], [ 92.448684464158688, 22.889217371034334 ], [ 92.443313378732185, 22.890033715654113 ], [ 92.440887229975246, 22.887041083695937 ], [ 92.436706317025696, 22.88486479635559 ], [ 92.429076926048609, 22.89678190844085 ], [ 92.422317285606283, 22.907880779199417 ], [ 92.421729824061771, 22.913209905389046 ], [ 92.415778891203814, 22.914735784792786 ], [ 92.403892300391789, 22.909294122078137 ], [ 92.40242745385072, 22.912900919968688 ], [ 92.401336452248771, 22.919134132682185 ], [ 92.401602139160232, 22.922029282291415 ], [ 92.401817102932938, 22.92437171247991 ], [ 92.401370298346791, 22.924549959110728 ], [ 92.39751412476059, 22.926088329588726 ], [ 92.38922860484513, 22.925800319753531 ], [ 92.383865143924808, 22.92533491787804 ], [ 92.377036835996634, 22.929361334455656 ], [ 92.375472808627777, 22.930286401571987 ], [ 92.375266816508486, 22.936706534528376 ], [ 92.374854827791623, 22.941221231403848 ], [ 92.375163446368063, 22.941982507462246 ], [ 92.377090238954437, 22.946735374103952 ], [ 92.377845553742489, 22.953866952146424 ], [ 92.378425385273431, 22.959197987065721 ], [ 92.377975182618698, 22.959990576607375 ], [ 92.376067899312801, 22.963348382109416 ], [ 92.374015596263249, 22.967227925891617 ], [ 92.375675678607649, 22.968656706861719 ], [ 92.379272246385455, 22.971752161419012 ], [ 92.381309295441099, 22.97312354310202 ], [ 92.383849879093091, 22.974832530282711 ], [ 92.386176851172038, 22.98052977576533 ], [ 92.385869764425337, 22.984515942406873 ], [ 92.385780116844501, 22.985679621184737 ], [ 92.386058939632036, 22.986209882411661 ], [ 92.387916346718868, 22.989742272746899 ], [ 92.389068385787539, 22.996524803355225 ], [ 92.391059656169261, 23.001659384824883 ], [ 92.389894125944281, 23.003402919820342 ], [ 92.385925081112177, 23.009340276216221 ], [ 92.38514688192457, 23.011602394206527 ], [ 92.384345788867719, 23.013944621201833 ], [ 92.384877089691599, 23.01693645231359 ], [ 92.385116363072839, 23.018283835218927 ], [ 92.388328335098862, 23.02235030379337 ], [ 92.391044401547077, 23.026418681099141 ], [ 92.389514753300517, 23.028840219588282 ], [ 92.38865640180363, 23.03019904856605 ], [ 92.387336514305034, 23.032285683248958 ], [ 92.388321888305057, 23.035323910768366 ], [ 92.388686920536813, 23.036449424408232 ], [ 92.393066191075803, 23.04141997495611 ], [ 92.394439476190598, 23.043807980146294 ], [ 92.396758818804628, 23.047842021193382 ], [ 92.396758818769953, 23.051544187936162 ], [ 92.396494740394843, 23.052112440992687 ], [ 92.393028042193066, 23.059572208479491 ], [ 92.39116647137142, 23.062911982120706 ], [ 92.390197534967157, 23.065095898937813 ], [ 92.389205714693816, 23.067340843798672 ], [ 92.388152861376582, 23.070917123341196 ], [ 92.387824794589505, 23.072031013982002 ], [ 92.386741427907708, 23.078077311450802 ], [ 92.386138701951438, 23.084674830996597 ], [ 92.380668424810111, 23.085205072482811 ], [ 92.376670624118148, 23.083751667613956 ], [ 92.373237395995787, 23.088714593239416 ], [ 92.373564692273376, 23.092858592546314 ], [ 92.373710417198936, 23.0947036655758 ], [ 92.373801968560983, 23.095848080463032 ], [ 92.373413693080366, 23.09605980418003 ], [ 92.369506619843236, 23.098190302458708 ], [ 92.366660858231597, 23.101709356419654 ], [ 92.366462491054506, 23.105588905200733 ], [ 92.366650847168273, 23.106347661843778 ], [ 92.368011264410868, 23.111827843656268 ], [ 92.371024869287169, 23.117336265164568 ], [ 92.373740935727298, 23.122671122096381 ], [ 92.372848691211303, 23.125671644988874 ], [ 92.37255837776749, 23.126647938461691 ], [ 92.370406888903005, 23.127235410079145 ], [ 92.366988919761823, 23.128171914131148 ], [ 92.363464145245558, 23.134939190341562 ], [ 92.36468020069907, 23.137198432649711 ], [ 92.365798737260931, 23.139276501077358 ], [ 92.368018888566567, 23.145513525802016 ], [ 92.367732182704358, 23.149482204396261 ], [ 92.367522978373884, 23.152378075045977 ], [ 92.36554696727751, 23.15860747529625 ], [ 92.364158413582459, 23.166824330250282 ], [ 92.364536105610071, 23.169034688284395 ], [ 92.3655011889376, 23.17468260734158 ], [ 92.365333526720946, 23.178579182562636 ], [ 92.365302826752455, 23.179292673069902 ], [ 92.363731169425819, 23.183895104323604 ], [ 92.361770412318634, 23.18548582877958 ], [ 92.359519747144503, 23.187313073687356 ], [ 92.358924651131886, 23.191377628981336 ], [ 92.359312973692838, 23.193107206300308 ], [ 92.359878333082975, 23.195625296607798 ], [ 92.361724638971154, 23.202219008691234 ], [ 92.36159967736053, 23.206607200315979 ], [ 92.361511017811779, 23.209720609760179 ], [ 92.360038541324755, 23.214860906973566 ], [ 92.358634732297062, 23.224615092377224 ], [ 92.357444549391857, 23.230667106038389 ], [ 92.358225551115353, 23.231205913698155 ], [ 92.362426540851843, 23.234104147264134 ], [ 92.368583465344088, 23.233757013562148 ], [ 92.373565461817151, 23.234941480453248 ], [ 92.388229155974443, 23.234973898535834 ], [ 92.393989342373658, 23.236785878497535 ], [ 92.397903221177273, 23.235345839296674 ], [ 92.40592171642092, 23.23473358007853 ], [ 92.405517352625424, 23.23897933397437 ], [ 92.405068647219139, 23.239506949063031 ], [ 92.401298305433698, 23.243940345866942 ], [ 92.398948449396627, 23.248899449029313 ], [ 92.39795662865626, 23.252965917604829 ], [ 92.396888516413583, 23.25458717085764 ], [ 92.395698329006038, 23.256389608161385 ], [ 92.394576808654293, 23.258018490888567 ], [ 92.393150110390465, 23.260091774903188 ], [ 92.394614956876737, 23.262039176269024 ], [ 92.394822926559172, 23.262317348880558 ], [ 92.396270531026829, 23.264253607333476 ], [ 92.399879231865825, 23.268140785591228 ], [ 92.398608948554411, 23.271535755457524 ], [ 92.397414945121412, 23.27472685819971 ], [ 92.393890160658387, 23.277883524056982 ], [ 92.39173104683627, 23.282852170874246 ], [ 92.388091821629942, 23.290882099696571 ], [ 92.38872466194799, 23.294122610779109 ], [ 92.38916756372258, 23.296390526206295 ], [ 92.389343046984891, 23.29729461273028 ], [ 92.391876000651266, 23.303714745688819 ], [ 92.390793875030269, 23.305796955981869 ], [ 92.388831872337121, 23.309572214181102 ], [ 92.387061852876656, 23.313995355114393 ], [ 92.38353707840524, 23.317514414073216 ], [ 92.376785062511857, 23.317863456503797 ], [ 92.373145842307622, 23.324989313801861 ], [ 92.374506983908489, 23.326980803724084 ], [ 92.375678801457809, 23.328695293008074 ], [ 92.379684226600347, 23.331237790917029 ], [ 92.384849330750654, 23.33747481609533 ], [ 92.386016629220336, 23.34244727492683 ], [ 92.38658120634345, 23.347780218578428 ], [ 92.386336319901105, 23.350565768361054 ], [ 92.3861844724657, 23.352293011722892 ], [ 92.385398648334032, 23.356540674349123 ], [ 92.381370324234098, 23.362945547904818 ], [ 92.378997588865559, 23.368627538539069 ], [ 92.375236293571206, 23.368946072173756 ], [ 92.370681550162359, 23.369331349595068 ], [ 92.365493562045515, 23.371580116464482 ], [ 92.367455363165135, 23.375455631891757 ], [ 92.367828159047164, 23.376192085925613 ], [ 92.366419977437317, 23.378228849300097 ], [ 92.365089203202132, 23.38015365289051 ], [ 92.359893585154936, 23.382772442336147 ], [ 92.361637705362185, 23.38661834006291 ], [ 92.362228182152904, 23.387920379475709 ], [ 92.362022190493988, 23.39225387274972 ], [ 92.362005190964226, 23.39225812240813 ], [ 92.357703952474083, 23.393333432128191 ], [ 92.357009675158338, 23.397932050919614 ], [ 92.35751533804401, 23.399077843248602 ], [ 92.359046718726546, 23.402547832842618 ], [ 92.36139657013446, 23.406255720780106 ], [ 92.361190578477277, 23.410406106272063 ], [ 92.360987365268031, 23.410419202955783 ], [ 92.355804233234025, 23.410753244971279 ], [ 92.350997709961547, 23.41607475123233 ], [ 92.351305944300435, 23.420444365710015 ], [ 92.351463101228859, 23.422672265778129 ], [ 92.351151410305491, 23.423548331049162 ], [ 92.349891448900664, 23.427089685517767 ], [ 92.349059847054406, 23.428892132821179 ], [ 92.348014623666771, 23.431152341629645 ], [ 92.345657132754411, 23.430038450987112 ], [ 92.342437530776465, 23.428520196059019 ], [ 92.336669711110972, 23.425975794417393 ], [ 92.332572729546328, 23.425968164940056 ], [ 92.332160740805605, 23.43202399606302 ], [ 92.331947119211748, 23.437532422121489 ], [ 92.331542760393305, 23.443578710038988 ], [ 92.331623271652518, 23.446481677184746 ], [ 92.331710608680979, 23.449630728700289 ], [ 92.334235932891119, 23.456228248247314 ], [ 92.334815764423595, 23.460657114924963 ], [ 92.334196210825894, 23.460984874050148 ], [ 92.329032690299627, 23.463716503644395 ], [ 92.324043068866033, 23.464063642343753 ], [ 92.323043618646707, 23.467760077892169 ], [ 92.324294826398102, 23.468806086223616 ], [ 92.329009795887217, 23.472747796575078 ], [ 92.329383635806707, 23.477077476937396 ], [ 92.328967400354884, 23.47755074388963 ], [ 92.325652869687275, 23.481319418816966 ], [ 92.325057773222071, 23.485202789609733 ], [ 92.324546603641835, 23.490526194604552 ], [ 92.324720236141459, 23.493054839568149 ], [ 92.325210362019632, 23.500192636079628 ], [ 92.324923466052013, 23.501411104119782 ], [ 92.323913368793754, 23.505701057586709 ], [ 92.321227820993798, 23.514280309752987 ], [ 92.321143894090937, 23.514547344001755 ], [ 92.321958704211454, 23.516595741721169 ], [ 92.322509559727465, 23.517980567765512 ], [ 92.324256689779418, 23.523494715468509 ], [ 92.323056315311007, 23.5246185460718 ], [ 92.319740085014601, 23.527723311229689 ], [ 92.313163552313824, 23.53078079121639 ], [ 92.31295756020468, 23.53502464182985 ], [ 92.312946215677897, 23.539250277444676 ], [ 92.31294229574921, 23.540710444926816 ], [ 92.315063271174964, 23.550298680679649 ], [ 92.314722715277895, 23.553718226699083 ], [ 92.314460545212526, 23.556350699340015 ], [ 92.313751013469926, 23.563478460369407 ], [ 92.310676365780438, 23.579099647917271 ], [ 92.310569560006087, 23.579635620595564 ], [ 92.310058385403494, 23.586860653759466 ], [ 92.304069314206771, 23.589279172740007 ], [ 92.299262790499483, 23.590351102641847 ], [ 92.295043743725316, 23.593055718183532 ], [ 92.293929848191169, 23.603258131884726 ], [ 92.294177226614835, 23.605437032855868 ], [ 92.294883525099081, 23.611658093734025 ], [ 92.29849985591855, 23.614101405329123 ], [ 92.301833903147923, 23.616100311086218 ], [ 92.302306918916003, 23.62016867839284 ], [ 92.301358622070936, 23.620636864628516 ], [ 92.298667704185064, 23.621965404948991 ], [ 92.290931497443523, 23.621582031246717 ], [ 92.284164227521416, 23.622648229953214 ], [ 92.284496420953872, 23.627388840544516 ], [ 92.284721170150689, 23.630596156040081 ], [ 92.284368507065395, 23.630859955249324 ], [ 92.279907026931767, 23.634197233180224 ], [ 92.279304300970608, 23.639888762469106 ], [ 92.279690501819758, 23.640704016641678 ], [ 92.283584395209871, 23.648923867416219 ], [ 92.288947856071275, 23.658790584807701 ], [ 92.292938027239856, 23.667467109564935 ], [ 92.294677527798569, 23.675149914686262 ], [ 92.296020304061472, 23.683820718247372 ], [ 92.295587452139216, 23.686085554380501 ], [ 92.294830116590774, 23.690048209764367 ], [ 92.292053016961518, 23.698259352633979 ], [ 92.29050425352726, 23.699281687331009 ], [ 92.287826335712708, 23.701055519115609 ], [ 92.285163676807301, 23.706098554190561 ], [ 92.282401836602105, 23.711418146719616 ], [ 92.276603492588791, 23.715555186535692 ], [ 92.268523964592447, 23.720788948859585 ], [ 92.260101120480783, 23.719491955426225 ], [ 92.254127303679581, 23.718481057656028 ], [ 92.249229234074235, 23.714305874555041 ], [ 92.246795456181005, 23.71077727738697 ], [ 92.245292840976745, 23.708389037786109 ], [ 92.244064139855013, 23.706436154636553 ], [ 92.246337694411324, 23.701299659439318 ], [ 92.246761119445097, 23.698312927690001 ], [ 92.246940420359365, 23.697048184352671 ], [ 92.24675731265981, 23.69244574809974 ], [ 92.244819444895768, 23.689187997643426 ], [ 92.24433116468748, 23.688901891533476 ], [ 92.240020561563895, 23.686370845559569 ], [ 92.238103484874486, 23.681255514491095 ], [ 92.23768596454083, 23.680141445308379 ], [ 92.238542526252232, 23.673203618016313 ], [ 92.238700674213007, 23.671922677513361 ], [ 92.238525196440634, 23.66677283709565 ], [ 92.23676281150324, 23.663068761171775 ], [ 92.232574273580269, 23.656463617149836 ], [ 92.224471851786362, 23.649299616573398 ], [ 92.220260429481357, 23.648113240949307 ], [ 92.215438651756628, 23.650714872713408 ], [ 92.211890987854702, 23.657665247149559 ], [ 92.212709047432071, 23.660775391384195 ], [ 92.214980889697316, 23.669412607112495 ], [ 92.216918757452419, 23.674562447981202 ], [ 92.217597770300429, 23.678182596537546 ], [ 92.217658807868958, 23.679597853135302 ], [ 92.21777324808609, 23.68214988424635 ], [ 92.217574144982521, 23.683315645309367 ], [ 92.217246819127496, 23.685232156841987 ], [ 92.216872979135402, 23.687389372772397 ], [ 92.212920951474416, 23.69415092323279 ], [ 92.208480643594214, 23.701271054332373 ], [ 92.200927549497379, 23.701610563553878 ], [ 92.197196773331811, 23.704397191381865 ], [ 92.192680173075715, 23.705373757880995 ], [ 92.181396302828134, 23.704521180286239 ], [ 92.178329280122043, 23.709665289956824 ], [ 92.178871651012628, 23.713512496861295 ], [ 92.178901487199596, 23.713724134056438 ], [ 92.178396359581171, 23.715166310168332 ], [ 92.177322204914915, 23.718233100184872 ], [ 92.176307490261095, 23.724107736804129 ], [ 92.176913761249565, 23.72520418366399 ], [ 92.178458979580299, 23.727998727521875 ], [ 92.177761105741951, 23.731604046830206 ], [ 92.177253537700381, 23.734226219486896 ], [ 92.173873717205439, 23.734210965085165 ], [ 92.171264466421974, 23.73419952269662 ], [ 92.162345701605673, 23.732542034895811 ], [ 92.154609505457188, 23.730445860294296 ], [ 92.151092350143699, 23.727632516933877 ], [ 92.146194275449318, 23.724811547839661 ], [ 92.141151251371227, 23.710885996355948 ], [ 92.136771981169829, 23.703737250184247 ], [ 92.130027595027613, 23.699014662471551 ], [ 92.125846691516713, 23.691686625980708 ], [ 92.115081608416872, 23.684867859930286 ], [ 92.111007512930158, 23.67744826704909 ], [ 92.106803720511522, 23.672918310326452 ], [ 92.100631546428133, 23.67199706567083 ], [ 92.095817398112473, 23.673238747689322 ], [ 92.092262094750808, 23.673007962979394 ], [ 92.089843581163109, 23.67285155698109 ], [ 92.088188007383081, 23.671684263221024 ], [ 92.086128069386604, 23.670225137158393 ], [ 92.084984944676194, 23.663827520325231 ], [ 92.084884473898938, 23.663265224515712 ], [ 92.084969797653869, 23.660606727700976 ], [ 92.085113359901527, 23.656133646477841 ], [ 92.082992384361532, 23.649885169370716 ], [ 92.081252883706625, 23.645275113645248 ], [ 92.077239823483723, 23.641921988888637 ], [ 92.070472553360844, 23.643070215785436 ], [ 92.063712912716099, 23.642953866788616 ], [ 92.057731460812391, 23.643108364502975 ], [ 92.051948386057461, 23.642723082077389 ], [ 92.042129357143679, 23.644126891735898 ], [ 92.036140280733036, 23.646358485476153 ], [ 92.026321251773354, 23.65101051238188 ], [ 92.020805201620178, 23.654594416394385 ], [ 92.012443384747144, 23.65952873149778 ], [ 92.005607446971695, 23.671874995453337 ], [ 92.000167688287021, 23.681600565781427 ], [ 91.996688686784225, 23.691066736785078 ], [ 91.991912687038237, 23.70260428762079 ], [ 91.988807525488355, 23.71523475395432 ], [ 91.983924709962508, 23.727125164685734 ], [ 91.975959626916975, 23.730981824138766 ], [ 91.970954741309427, 23.731130595660645 ], [ 91.96232590023601, 23.72928619262354 ], [ 91.958808755093997, 23.727466577191365 ], [ 91.956474158393036, 23.72447204352595 ], [ 91.954543920041942, 23.718318930274208 ], [ 91.95395469659509, 23.713425959162141 ], [ 91.953521581009724, 23.709829325773676 ], [ 91.957702489313277, 23.699283590390202 ], [ 91.959970558107301, 23.698675499472504 ], [ 91.962020722557313, 23.698125830286504 ], [ 91.961654517076823, 23.694421759816827 ], [ 91.952255096264494, 23.69139861608534 ], [ 91.944923258413453, 23.687934873529283 ], [ 91.940719455893159, 23.684387204057014 ], [ 91.939450175956566, 23.679394305283509 ], [ 91.938995219615478, 23.677604668455746 ], [ 91.939605565494503, 23.673910141191733 ], [ 91.941235964401173, 23.669112380708118 ], [ 91.941902014010324, 23.667152402744541 ], [ 91.940982253334781, 23.663034278912452 ], [ 91.940467686258856, 23.660730361513849 ], [ 91.941276403838927, 23.65712355817853 ], [ 91.943939062843086, 23.653247827313095 ], [ 91.945930333869924, 23.648115159579216 ], [ 91.949160724533385, 23.643228151136523 ], [ 91.949500891737017, 23.642713538865529 ], [ 91.949134681265733, 23.637559885989965 ], [ 91.947226095650535, 23.633088633248519 ], [ 91.946624611298958, 23.631679532730971 ], [ 91.948242041917069, 23.623199461885694 ], [ 91.951904151169899, 23.616630547412772 ], [ 91.958137363038205, 23.60699271101296 ], [ 91.959003824106489, 23.604015799218974 ], [ 91.959739534235922, 23.601488111971907 ], [ 91.957137912912131, 23.593175884510394 ], [ 91.955985873758209, 23.588018414172875 ], [ 91.955758296024783, 23.585804212272727 ], [ 91.955428926059923, 23.582599630330144 ], [ 91.956436010794576, 23.578361510913535 ], [ 91.956838635867612, 23.575244884574911 ], [ 91.957053991153515, 23.573577870613654 ], [ 91.956934620226434, 23.571502238916942 ], [ 91.956695405612408, 23.567342754176874 ], [ 91.957588050082578, 23.565441126009251 ], [ 91.959373324022508, 23.561666479739774 ], [ 91.962531896765285, 23.557794560354356 ], [ 91.96414169931117, 23.55013083718455 ], [ 91.965255589839998, 23.54299735541754 ], [ 91.966871398600119, 23.535612486304249 ], [ 91.967071382604303, 23.534698483172697 ], [ 91.966895909802801, 23.530549996865847 ], [ 91.964958041952684, 23.527379984893958 ], [ 91.961746069743214, 23.523750297686853 ], [ 91.960705367089716, 23.522415409855125 ], [ 91.959411472587576, 23.520755759022649 ], [ 91.961791842993648, 23.515256876174085 ], [ 91.967193452934225, 23.512844077930676 ], [ 91.971038664920272, 23.508346548738555 ], [ 91.972823948861176, 23.504112241783417 ], [ 91.975211948743834, 23.497716896886296 ], [ 91.976829379353148, 23.489683145608463 ], [ 91.978523101928815, 23.483636853145672 ], [ 91.978539443362564, 23.483270439514719 ], [ 91.978744352985373, 23.478675836256865 ], [ 91.974555819868527, 23.475313183298933 ], [ 91.967216347086904, 23.473651878048337 ], [ 91.959892129148315, 23.471454615120155 ], [ 91.953925941565274, 23.47024726436171 ], [ 91.94679245584976, 23.467151631104148 ], [ 91.943977212937313, 23.463071816417557 ], [ 91.943699936103599, 23.461178504834386 ], [ 91.943221898081404, 23.457914346080493 ], [ 91.945693409543452, 23.450949533968217 ], [ 91.94571671374932, 23.450883862640261 ], [ 91.945717659943369, 23.450686096757341 ], [ 91.945739597652036, 23.446102141071783 ], [ 91.946324441877337, 23.442814851064643 ], [ 91.946655131465022, 23.440956112670246 ], [ 91.946090553840207, 23.435445782437053 ], [ 91.942489477236364, 23.432182310794769 ], [ 91.939086772763986, 23.431686400571085 ], [ 91.936721656788521, 23.431341165600653 ], [ 91.927802897099852, 23.43355750494867 ], [ 91.921630717850192, 23.434789653767563 ], [ 91.916831828828307, 23.43440246261579 ], [ 91.912032939791757, 23.435823434959048 ], [ 91.908019879900692, 23.435621255769192 ], [ 91.903724535962098, 23.43361090808466 ], [ 91.893104418804768, 23.430215827605409 ], [ 91.89258561432878, 23.430036542286082 ], [ 91.884513715933508, 23.422502513704554 ], [ 91.876937727253079, 23.412700646392548 ], [ 91.866721974324236, 23.404071803585417 ], [ 91.861930709751434, 23.402601236042091 ], [ 91.856933458984003, 23.403476707503092 ], [ 91.852638115016674, 23.40183638739552 ], [ 91.848060476996054, 23.398828498067942 ], [ 91.84291063729161, 23.39383506365775 ], [ 91.840194575196193, 23.389211652270891 ], [ 91.840080629575809, 23.38534215475379 ], [ 91.839958059823616, 23.381179804727527 ], [ 91.841465718505034, 23.3762462229259 ], [ 91.841750963270385, 23.375312802585263 ], [ 91.841400017632679, 23.369981757673163 ], [ 91.838874687765113, 23.365726465131043 ], [ 91.835082878881039, 23.362545011676691 ], [ 91.830818043719702, 23.356655120218154 ], [ 91.824737425855147, 23.344884865954086 ], [ 91.820731985404322, 23.34323310391067 ], [ 91.815765252977982, 23.340314857244572 ], [ 91.813239928543396, 23.337503426365121 ], [ 91.809455749122904, 23.333955761898327 ], [ 91.807372134572873, 23.330309441778912 ], [ 91.806556574708623, 23.328882213482338 ], [ 91.807158504076924, 23.326595809606761 ], [ 91.808051940151543, 23.323202131134575 ], [ 91.802345147240686, 23.314685815309339 ], [ 91.80103289459359, 23.313507079615942 ], [ 91.795051447522326, 23.308147419645334 ], [ 91.791839475681954, 23.305953974180561 ], [ 91.788543576938267, 23.303049083630384 ], [ 91.787696715685968, 23.296991343785908 ], [ 91.784820435150593, 23.288669582676054 ], [ 91.782310365109268, 23.284593580904549 ], [ 91.780486942468571, 23.278804769445216 ], [ 91.777793759680591, 23.272914878032012 ], [ 91.77739502071968, 23.268260843323141 ], [ 91.777305479469234, 23.267215723826546 ], [ 91.777252076359602, 23.266590113938904 ], [ 91.777915829943666, 23.255666731059229 ], [ 91.778556704641815, 23.247724526175894 ], [ 91.780349608090077, 23.243225093253827 ], [ 91.784599178950941, 23.236381530055542 ], [ 91.788627498766544, 23.232975002627363 ], [ 91.79159533575276, 23.227846137353634 ], [ 91.791699122669826, 23.22558793274872 ], [ 91.791831846201646, 23.222700118954251 ], [ 91.791310203906789, 23.213034103978149 ], [ 91.791129944476253, 23.209693903859012 ], [ 91.792556642425254, 23.201211923834659 ], [ 91.79316698830776, 23.19741630197484 ], [ 91.797988766303177, 23.191938394264366 ], [ 91.79937731595858, 23.188516612890879 ], [ 91.802253601561631, 23.183568951667706 ], [ 91.805419800709785, 23.176452627579188 ], [ 91.806655761422903, 23.168325421181791 ], [ 91.809348934284941, 23.159585950561787 ], [ 91.810958735433687, 23.152275076757252 ], [ 91.811032538767194, 23.150801575216523 ], [ 91.811179991481424, 23.14785765702252 ], [ 91.81094481320909, 23.144242406620741 ], [ 91.810821410915452, 23.142345418510196 ], [ 91.811042656959415, 23.138647078785056 ], [ 91.811485164497384, 23.131151193919337 ], [ 91.813079711234465, 23.126728047989296 ], [ 91.814491144777094, 23.119512548037939 ], [ 91.815399043666744, 23.115549082794239 ], [ 91.819045888569846, 23.109880437828608 ], [ 91.819745653314982, 23.106389715147891 ], [ 91.820365776178889, 23.103296278958165 ], [ 91.820071022605191, 23.102521292567509 ], [ 91.819023004750775, 23.099765773068452 ], [ 91.8212965639554, 23.095890041751264 ], [ 91.825874202011249, 23.096914289723081 ], [ 91.834068170696199, 23.096954341712216 ], [ 91.83449441829903, 23.095443670314225 ], [ 91.835365168973794, 23.092357626655861 ], [ 91.833442560929868, 23.088829039497938 ], [ 91.82713305206795, 23.08345793759381 ], [ 91.822151060228848, 23.082443232828236 ], [ 91.819915649317636, 23.080963131629503 ], [ 91.819252062299299, 23.080522852948121 ], [ 91.816520564272182, 23.078710551853867 ], [ 91.818075920166578, 23.077140478933721 ], [ 91.820350521924667, 23.074844354189132 ], [ 91.81481921227865, 23.069131839774339 ], [ 91.810935851545253, 23.066038124802152 ], [ 91.807037226854376, 23.064750664593554 ], [ 91.802169675697996, 23.064815519657909 ], [ 91.796104312131263, 23.065141672779699 ], [ 91.792487976029918, 23.067285533046807 ], [ 91.787681457437614, 23.070512764708297 ], [ 91.782417171965548, 23.069400782809495 ], [ 91.779014467435744, 23.066493978080697 ], [ 91.778071481611406, 23.063213446199494 ], [ 91.777297850569951, 23.060522078885946 ], [ 91.780174136187838, 23.053764335436835 ], [ 91.78245532032598, 23.049448010744559 ], [ 91.783553956454483, 23.0445766415164 ], [ 91.784638917710481, 23.042028680329697 ], [ 91.785743589665856, 23.039434430575632 ], [ 91.780723449575717, 23.03002356643654 ], [ 91.774040100173494, 23.037586205100045 ], [ 91.768119691104687, 23.032743445950675 ], [ 91.765212891737193, 23.029211041333532 ], [ 91.759055967310132, 23.022115697696343 ], [ 91.755264162884401, 23.016054145553696 ], [ 91.748275641043875, 23.009601590542484 ], [ 91.739234805562091, 23.005029673110368 ], [ 91.730605964243509, 22.997758856778475 ], [ 91.726951479439364, 22.990962975071092 ], [ 91.715873600159981, 22.984214780304981 ], [ 91.710212595777975, 22.984086979385197 ], [ 91.703559765141634, 22.987483973165396 ], [ 91.696632270826854, 22.986627573583498 ], [ 91.691596871272424, 22.981273644360652 ], [ 91.681381113080349, 22.978315345708403 ], [ 91.677383312027899, 22.978202818734282 ], [ 91.6746672448634, 22.975477208505932 ], [ 91.670577892878072, 22.975175853006988 ], [ 91.664802442760674, 22.977664942801304 ], [ 91.659637348074099, 22.97709083186318 ], [ 91.654487507791984, 22.973812095833086 ], [ 91.638656507903875, 22.965311044435829 ], [ 91.636146437812755, 22.96203803414393 ], [ 91.62979878011906, 22.951341623528368 ], [ 91.621581927430427, 22.940814965031318 ], [ 91.619476216114421, 22.940923684556182 ], [ 91.61690510841872, 22.941057196686 ], [ 91.615005388719453, 22.945468895229649 ], [ 91.611862078852113, 22.949331280880749 ], [ 91.607437035092232, 22.954538336881203 ], [ 91.608963712269116, 22.95725104486073 ], [ 91.610702415101244, 22.960340493955748 ], [ 91.60944703507937, 22.962732384800344 ], [ 91.608909501182623, 22.963756554586212 ], [ 91.605094808304386, 22.966711041254612 ], [ 91.600486656336685, 22.9700202861018 ], [ 91.595474140573771, 22.973598474378893 ], [ 91.590797327003457, 22.973300931343623 ], [ 91.586807150396794, 22.971643438112171 ], [ 91.579238791800677, 22.966630931855786 ], [ 91.572975060932848, 22.969831457635877 ], [ 91.56454458114338, 22.974561684830057 ], [ 91.55827321579217, 22.978397359152623 ], [ 91.557647605503462, 22.982728948238712 ], [ 91.558104010915002, 22.983861447307778 ], [ 91.559181114657264, 22.986534113747588 ], [ 91.560302639640994, 22.991235725855223 ], [ 91.560958768695883, 22.995031352710871 ], [ 91.560329812003872, 22.996172343464121 ], [ 91.558875941676902, 22.998809811442882 ], [ 91.552856351171286, 22.995700827529689 ], [ 91.548690701720588, 22.991422646123553 ], [ 91.545936486236656, 22.994380944801776 ], [ 91.546869375597922, 22.997895848971687 ], [ 91.547546292369134, 23.00044630911524 ], [ 91.549636744277265, 23.007328026020925 ], [ 91.549774073378629, 23.013648982649496 ], [ 91.549640192859243, 23.013803586837327 ], [ 91.543563745596828, 23.020820613143393 ], [ 91.545336096234294, 23.023299848240189 ], [ 91.547523407960938, 23.026359548429777 ], [ 91.549934292215937, 23.029806132848037 ], [ 91.551734830584167, 23.03578185450159 ], [ 91.550541645256061, 23.036516017639322 ], [ 91.548393158547071, 23.037837975389856 ], [ 91.541976833713207, 23.035713187453339 ], [ 91.537284755272722, 23.036312096015635 ], [ 91.536254786180109, 23.043075555202016 ], [ 91.536726401644998, 23.044272192447295 ], [ 91.53778829533583, 23.046966550908706 ], [ 91.538597012901008, 23.053836815880576 ], [ 91.538032047133399, 23.053932028547763 ], [ 91.534500025940616, 23.054527275832367 ], [ 91.530265714395995, 23.058198923779106 ], [ 91.533273814002669, 23.06012599218456 ], [ 91.53453816963578, 23.060935971389778 ], [ 91.53575887592531, 23.065919872593586 ], [ 91.535050742206963, 23.067745347557075 ], [ 91.532966517156751, 23.073118204414971 ], [ 91.529304407765252, 23.079050056614879 ], [ 91.53093457500438, 23.080924508519924 ], [ 91.531913663735622, 23.082050316465025 ], [ 91.533737086432296, 23.086311329746707 ], [ 91.532044324788174, 23.087008093765363 ], [ 91.527068996300258, 23.089056007303348 ], [ 91.524856469613937, 23.096445076379304 ], [ 91.523658657164617, 23.099964140335146 ], [ 91.517761136795329, 23.103883736122341 ], [ 91.517135526505285, 23.10794830140944 ], [ 91.517610798411965, 23.109156394129453 ], [ 91.519912620830425, 23.115007394902374 ], [ 91.518792528211108, 23.116854755018192 ], [ 91.517242342244074, 23.119411463972032 ], [ 91.507919217921454, 23.123956674653133 ], [ 91.507087615992674, 23.129089352383605 ], [ 91.507696423059826, 23.129680957515088 ], [ 91.512420564096104, 23.134271615759506 ], [ 91.517829803727196, 23.140819539623759 ], [ 91.51517976308962, 23.142259960363937 ], [ 91.512924103714298, 23.143486016003386 ], [ 91.508758454686074, 23.143878932909441 ], [ 91.504905608069919, 23.144241326467611 ], [ 91.505561736677393, 23.14803886160448 ], [ 91.501136687891403, 23.150272364532363 ], [ 91.496559054694245, 23.149599067277503 ], [ 91.494087133269474, 23.152473444487601 ], [ 91.494769440283108, 23.156228027283383 ], [ 91.495483302633104, 23.160156248841503 ], [ 91.498840238807475, 23.167669293022669 ], [ 91.498531491859168, 23.171661975313054 ], [ 91.498504547507963, 23.172010415762738 ], [ 91.497001552112124, 23.176689144002278 ], [ 91.498204234336498, 23.177425471289204 ], [ 91.502830415401718, 23.180257793602316 ], [ 91.50758352597903, 23.183004374418157 ], [ 91.50497301552025, 23.186119337309965 ], [ 91.504424960001302, 23.18677330179904 ], [ 91.491622836205096, 23.187574383164037 ], [ 91.483032132489413, 23.187242503875751 ], [ 91.477332979266464, 23.190357204004965 ], [ 91.475540065774922, 23.194946284585168 ], [ 91.476892367088794, 23.195987864801562 ], [ 91.479217439547568, 23.197778700600665 ], [ 91.487785248483704, 23.201452252703504 ], [ 91.486829411919047, 23.205662564026927 ], [ 91.486762909317889, 23.205955497634871 ], [ 91.485458281082515, 23.210464473759874 ], [ 91.482871913945814, 23.215499873909295 ], [ 91.47808828410821, 23.214828490385443 ], [ 91.463943391668991, 23.212738033720694 ], [ 91.458427341199695, 23.21666335524937 ], [ 91.460815345571902, 23.219536613304864 ], [ 91.461524872886585, 23.220390320031978 ], [ 91.466194069674643, 23.222324360415339 ], [ 91.470725927018009, 23.229127881894758 ], [ 91.469298941130603, 23.231643826599118 ], [ 91.46287527422038, 23.242969511450799 ], [ 91.454757602241102, 23.243631361342594 ], [ 91.453643711241682, 23.24795532095429 ], [ 91.453721167016752, 23.252090618970666 ], [ 91.453735124851661, 23.252835826876449 ], [ 91.453834448893801, 23.258138653225437 ], [ 91.45343771456929, 23.258523935649741 ], [ 91.448745641097716, 23.259483328580696 ], [ 91.431541360185662, 23.258527748150509 ], [ 91.424919043657951, 23.257122035222178 ], [ 91.422630224534089, 23.260444640730142 ], [ 91.422004614689257, 23.264591208752247 ], [ 91.419692906681604, 23.271617884725764 ], [ 91.416198645173736, 23.278808587072049 ], [ 91.412545965349082, 23.278493076499053 ], [ 91.411605752999208, 23.278411862720045 ], [ 91.412734897952262, 23.273183816586787 ], [ 91.415770469024309, 23.261373464893175 ], [ 91.416694555875097, 23.257778163921131 ], [ 91.413696200032618, 23.254320137567522 ], [ 91.409263526287916, 23.257987973050952 ], [ 91.406196508357198, 23.261842723775452 ], [ 91.402562820510852, 23.259966557719054 ], [ 91.402107155839303, 23.259731286501015 ], [ 91.402748025536596, 23.25405502162031 ], [ 91.406740682144175, 23.251448907290108 ], [ 91.409042280281568, 23.24994659230903 ], [ 91.405670083986948, 23.245321272198495 ], [ 91.401318762077921, 23.242090579183017 ], [ 91.401115335535351, 23.241939542390433 ], [ 91.401466286240108, 23.235530846833573 ], [ 91.402862472912872, 23.231927869858552 ], [ 91.402891712833807, 23.231514822070462 ], [ 91.40321341701204, 23.226970666540396 ], [ 91.395408553204007, 23.225368492337658 ], [ 91.391624367841487, 23.222085951671435 ], [ 91.391410746307812, 23.21386908762263 ], [ 91.388762606723461, 23.210033488785999 ], [ 91.388526836163749, 23.209691995810314 ], [ 91.388557349969929, 23.205905907159543 ], [ 91.389811663358657, 23.203418082723466 ], [ 91.391548075925712, 23.199974054962595 ], [ 91.387084883399908, 23.196954723705669 ], [ 91.385042076456912, 23.192869108991623 ], [ 91.384498516276722, 23.191781988980395 ], [ 91.385011534394522, 23.188659304445494 ], [ 91.385223302429281, 23.187370294991378 ], [ 91.385025331276879, 23.183764663168311 ], [ 91.38481131372977, 23.179866785208826 ], [ 91.388130106960048, 23.170509334180196 ], [ 91.38893852515028, 23.167372559425015 ], [ 91.389243997513972, 23.166187283299848 ], [ 91.388870158329837, 23.161517319824174 ], [ 91.388542095722485, 23.157419197176335 ], [ 91.395774761576149, 23.147911060536448 ], [ 91.396903908147024, 23.141593926718691 ], [ 91.398811257354069, 23.136106485360354 ], [ 91.40205374863271, 23.114368429131925 ], [ 91.406272799235964, 23.112152098279182 ], [ 91.407679884681656, 23.108513786523933 ], [ 91.407874977076816, 23.108009334221418 ], [ 91.407714758194771, 23.103858938738917 ], [ 91.406738345822944, 23.101190770915498 ], [ 91.406288065251005, 23.099960323558484 ], [ 91.40692130501931, 23.095630642754738 ], [ 91.40872184344461, 23.090314862241581 ], [ 91.411308210594825, 23.085374830944989 ], [ 91.414886388108243, 23.079893110775981 ], [ 91.419517434018942, 23.074964516411466 ], [ 91.420635366613396, 23.071342332328349 ], [ 91.421630774862933, 23.068117135757344 ], [ 91.418449316705306, 23.063673014248174 ], [ 91.414283672203908, 23.060838694503925 ], [ 91.404144205301463, 23.059133524809027 ], [ 91.393112099329159, 23.058866495134367 ], [ 91.385566629011024, 23.061964027139126 ], [ 91.381629860887955, 23.065362925093059 ], [ 91.377998270259383, 23.067947383734626 ], [ 91.370735089003958, 23.07149696149942 ], [ 91.368362343409757, 23.075361250878238 ], [ 91.366271891436824, 23.079587927907898 ], [ 91.362121506294457, 23.084428783342375 ], [ 91.358848491714625, 23.088644023887642 ], [ 91.35647575066983, 23.092149727177592 ], [ 91.353790207653134, 23.097095484667058 ], [ 91.352188036387531, 23.101409906073986 ], [ 91.350562970797796, 23.106908788918279 ], [ 91.348571700128545, 23.111219402863885 ], [ 91.34458152386749, 23.119317999194926 ], [ 91.339652934885208, 23.133811945415893 ], [ 91.338577192581724, 23.143280024690853 ], [ 91.334968490795291, 23.152368542740266 ], [ 91.327949444859669, 23.161067961360434 ], [ 91.327945927422363, 23.165602664832271 ], [ 91.327941815358159, 23.170904149927104 ], [ 91.32806388551549, 23.178039550415551 ], [ 91.327969077491232, 23.179082160080512 ], [ 91.327407756415425, 23.185255045359749 ], [ 91.327148361644731, 23.191667548377705 ], [ 91.326751627289752, 23.201324461625713 ], [ 91.326867633309533, 23.202135797235456 ], [ 91.327384872485524, 23.205753318291574 ], [ 91.328109663607265, 23.212711327190309 ], [ 91.327952242817048, 23.21614447930224 ], [ 91.327720563729201, 23.221197124218765 ], [ 91.327262802242416, 23.228227613099698 ], [ 91.326698224526197, 23.234996793026244 ], [ 91.323303149302546, 23.242366785691228 ], [ 91.324631091361667, 23.243994784227475 ], [ 91.329093854393022, 23.249465936628742 ], [ 91.327234115687617, 23.251828609881379 ], [ 91.325920025214359, 23.253498073941724 ], [ 91.320060653489577, 23.253177636584816 ], [ 91.318824692296346, 23.259849539378454 ], [ 91.315849230729853, 23.263519279039539 ], [ 91.315193101630967, 23.269929883327176 ], [ 91.315578529989864, 23.270367036422382 ], [ 91.319442673063364, 23.274749753153433 ], [ 91.318479169844991, 23.27829884787236 ], [ 91.318122790415657, 23.279611584172915 ], [ 91.312744064022468, 23.280382153580149 ], [ 91.308624188120561, 23.281698218867739 ], [ 91.304687424533682, 23.283283227134277 ], [ 91.302970807553251, 23.289415355239008 ], [ 91.303534653670923, 23.291871151506509 ], [ 91.304092328009418, 23.294300070126837 ], [ 91.309997483366217, 23.299678796500174 ], [ 91.315254134125396, 23.301349630397521 ], [ 91.317954941969091, 23.305162425377919 ], [ 91.316872083104585, 23.308288780200574 ], [ 91.316146773609518, 23.310382842037168 ], [ 91.311813281145348, 23.312604902577529 ], [ 91.306243822512258, 23.312643050858778 ], [ 91.302032389780209, 23.312511437473226 ], [ 91.294563216850165, 23.316871637085129 ], [ 91.29539126012871, 23.320979868210767 ], [ 91.295402448685124, 23.321035378233375 ], [ 91.297027513804665, 23.324480053921441 ], [ 91.299026409377163, 23.329099652840792 ], [ 91.300224231811725, 23.336509702949105 ], [ 91.304473802795457, 23.342056267708699 ], [ 91.309043811133833, 23.342817303892879 ], [ 91.314018173265509, 23.345577235375625 ], [ 91.316032333235214, 23.349201201832415 ], [ 91.317039417977526, 23.356594078362086 ], [ 91.316336141491817, 23.356335509142053 ], [ 91.310798566327435, 23.354299543309736 ], [ 91.30661766240199, 23.350927352156141 ], [ 91.304214398028392, 23.346748346612074 ], [ 91.299720686671193, 23.34706878398752 ], [ 91.298683088093284, 23.352487562375639 ], [ 91.295211715885046, 23.357328407806968 ], [ 91.291877673686798, 23.366685859283425 ], [ 91.293225693795961, 23.36741178946669 ], [ 91.297325057137627, 23.369619360341513 ], [ 91.296885980191604, 23.374030545676526 ], [ 91.296668928036723, 23.37621115867951 ], [ 91.29284660015243, 23.377523416503951 ], [ 91.290252608088977, 23.372543328215421 ], [ 91.286125107260517, 23.373134612300429 ], [ 91.284271166143839, 23.382051464500147 ], [ 91.280540394160255, 23.393119811436367 ], [ 91.280479356555716, 23.398181913364365 ], [ 91.280497311558506, 23.398220129329822 ], [ 91.282691883690674, 23.402891154943244 ], [ 91.282113767894785, 23.406370364596263 ], [ 91.281852651827023, 23.407941809936062 ], [ 91.277564932531746, 23.414588924680594 ], [ 91.273818901623727, 23.417621607068828 ], [ 91.270843429602991, 23.420120235509728 ], [ 91.270385667667099, 23.426078794035714 ], [ 91.270678099099356, 23.426542158852751 ], [ 91.272506643424137, 23.42943953780679 ], [ 91.270818110345687, 23.43143894787433 ], [ 91.259422228606212, 23.444932929412104 ], [ 91.254470750725631, 23.459064477528717 ], [ 91.252029347591801, 23.466011044495673 ], [ 91.249900747288621, 23.485048292638918 ], [ 91.24976341770936, 23.48628425391442 ], [ 91.242713857968951, 23.486583705701573 ], [ 91.239921498705215, 23.490528104083911 ], [ 91.23799889008113, 23.496013636709396 ], [ 91.235114979895798, 23.495706560013573 ], [ 91.232429431874436, 23.49541855017802 ], [ 91.22507469918024, 23.495624541843878 ], [ 91.22325890633617, 23.500928870418551 ], [ 91.220428398790915, 23.508039473306837 ], [ 91.213592460602385, 23.507255552802871 ], [ 91.208167960976127, 23.510091781744279 ], [ 91.205635001901726, 23.516923897997579 ], [ 91.206229724429903, 23.519892341126315 ], [ 91.208045885740574, 23.528957364487788 ], [ 91.212013178125588, 23.533773416853155 ], [ 91.21475212923778, 23.543104166983891 ], [ 91.213938289834132, 23.545115800797575 ], [ 91.213333065727767, 23.546611784001502 ], [ 91.205909655969322, 23.544549936939202 ], [ 91.199798513909016, 23.548194878549982 ], [ 91.198509150030318, 23.558200829231257 ], [ 91.195510794118448, 23.562690728495976 ], [ 91.18238060604051, 23.580257414107948 ], [ 91.178413323622792, 23.583826058722952 ], [ 91.178673447996459, 23.588233169218917 ], [ 91.178909234235391, 23.592227928832123 ], [ 91.178612605154512, 23.592390349246553 ], [ 91.17485802991078, 23.594446177357938 ], [ 91.166618282594555, 23.594629280151551 ], [ 91.163253716144297, 23.597942352453853 ], [ 91.163305675430536, 23.602530555787666 ], [ 91.163352902425544, 23.60670088992098 ], [ 91.163308900657896, 23.610182797916991 ], [ 91.163253716094289, 23.614549634673907 ], [ 91.160697867685158, 23.623735425301639 ], [ 91.160887931525991, 23.627619311266002 ], [ 91.161254820878511, 23.635116574672786 ], [ 91.16373437225559, 23.640733710684295 ], [ 91.162981462053708, 23.643777300719059 ], [ 91.161262445304473, 23.650726315249557 ], [ 91.161382753654848, 23.654800835703856 ], [ 91.161537109427968, 23.66002845486797 ], [ 91.165359427335019, 23.66115378788669 ], [ 91.17214196288522, 23.658966063603941 ], [ 91.183204578480201, 23.652118683614837 ], [ 91.195884633855826, 23.649444576180795 ], [ 91.197425777554258, 23.643316265539799 ], [ 91.203124931328645, 23.642023084574582 ], [ 91.207389761737232, 23.646121975662151 ], [ 91.208465508994266, 23.654619209623664 ], [ 91.208369597988863, 23.658732333471953 ], [ 91.208282401200862, 23.662471766839289 ], [ 91.20645897843049, 23.667961116476381 ], [ 91.206830276132067, 23.671450075003428 ], [ 91.207603388192396, 23.678714747229307 ], [ 91.207189582388779, 23.679809652832642 ], [ 91.204780510116962, 23.686183920755784 ], [ 91.195663387703021, 23.685369491906041 ], [ 91.18604271516709, 23.686002726729971 ], [ 91.174873284025551, 23.685171124753683 ], [ 91.164878781468843, 23.684980387511104 ], [ 91.160034113934387, 23.685611723597837 ], [ 91.15779870289667, 23.685901642171601 ], [ 91.156646663602459, 23.69203185154268 ], [ 91.156716120196279, 23.696195616125806 ], [ 91.156761109285839, 23.69889258785755 ], [ 91.156656978377526, 23.699174790962299 ], [ 91.15513604367905, 23.703296656922006 ], [ 91.152542047013654, 23.708057397895669 ], [ 91.15313623890205, 23.711612038252039 ], [ 91.154914792582289, 23.722251887324312 ], [ 91.154869014378761, 23.725862497666892 ], [ 91.158615050281156, 23.732761377697962 ], [ 91.164100582020581, 23.74238585840849 ], [ 91.167396481386447, 23.745216366144057 ], [ 91.175559931715341, 23.743673323608 ], [ 91.190124442619251, 23.748239514842364 ], [ 91.200004509893105, 23.750864025915654 ], [ 91.205795219595004, 23.750553131746262 ], [ 91.21417229147221, 23.746845243809489 ], [ 91.222816398039981, 23.737993236658813 ], [ 91.227592398024768, 23.741828915510638 ], [ 91.23016350073965, 23.756204603991353 ], [ 91.231017996945141, 23.767860412535711 ], [ 91.230785883394674, 23.769831747210567 ], [ 91.22993462470626, 23.777061457560507 ], [ 91.228378226611866, 23.783365246058963 ], [ 91.229096502000715, 23.785042013872438 ], [ 91.231834344389213, 23.791433333580123 ], [ 91.234802176461002, 23.797323225033722 ], [ 91.234749343978905, 23.802009251777111 ], [ 91.234725879449968, 23.804090496227783 ], [ 91.234748326026676, 23.804123423506226 ], [ 91.23887627413302, 23.810178754860068 ], [ 91.244850091556387, 23.817508695059598 ], [ 91.24766533465521, 23.822546003930775 ], [ 91.254012987515068, 23.834156034724089 ], [ 91.25320944467984, 23.837483351122319 ], [ 91.252685475384112, 23.839653008834969 ], [ 91.250266956127533, 23.84459876632107 ], [ 91.245841912243165, 23.853216167195605 ], [ 91.242622300295594, 23.860496516747656 ], [ 91.241264274364028, 23.867351527321535 ], [ 91.240119864547964, 23.873205183789754 ], [ 91.233238148150974, 23.882163997176036 ], [ 91.233810472009324, 23.886141055443481 ], [ 91.234695360325588, 23.892290114311411 ], [ 91.236968919587497, 23.899988173809316 ], [ 91.243408133862474, 23.903841015790253 ], [ 91.247077872754673, 23.909111018100024 ], [ 91.246517786286987, 23.913101601001738 ], [ 91.246116561151339, 23.915960307480361 ], [ 91.242546013083569, 23.919092175731105 ], [ 91.238304066539584, 23.92130469806234 ], [ 91.241548747757889, 23.924356249886117 ], [ 91.241989060286727, 23.924770354341224 ], [ 91.261863630023925, 23.922063820501315 ], [ 91.268943708536668, 23.921680446802259 ], [ 91.276679915661589, 23.92481993951704 ], [ 91.27604311793813, 23.929343076021386 ], [ 91.27603141648639, 23.929426188222838 ], [ 91.273246692155681, 23.933010097233545 ], [ 91.269172594433385, 23.936853401019221 ], [ 91.265449452385411, 23.943410868100415 ], [ 91.2667717766506, 23.945797211454369 ], [ 91.269218367570602, 23.950212471000121 ], [ 91.270439073881221, 23.954290381501437 ], [ 91.274146961489535, 23.957748408306387 ], [ 91.277801435967262, 23.964647293340562 ], [ 91.28049461387414, 23.970539093077029 ], [ 91.284538193206714, 23.976537699051438 ], [ 91.28974339017897, 23.976222352544056 ], [ 91.289764330172247, 23.976221083691819 ], [ 91.289761026728058, 23.976139085882075 ], [ 91.289604111743415, 23.972244257785704 ], [ 91.290740886631951, 23.966842647078057 ], [ 91.297431870725362, 23.966361991245765 ], [ 91.300018237863767, 23.968450539652434 ], [ 91.301727219891887, 23.969829561256109 ], [ 91.304618754511395, 23.97464560907563 ], [ 91.304740824657614, 23.981861114018731 ], [ 91.307357710579893, 23.98594856272474 ], [ 91.316764751900379, 23.987394328109527 ], [ 91.324043197092664, 23.987632752286416 ], [ 91.328246997021196, 23.989389409881881 ], [ 91.334472577568349, 23.987098693332513 ], [ 91.338264386657229, 23.981441490310853 ], [ 91.340843119337094, 23.978219979401448 ], [ 91.350006024841591, 23.977125165617021 ], [ 91.357063209422876, 23.979351043607004 ], [ 91.363326945350281, 23.981672285000862 ], [ 91.368102945316537, 23.976654047982812 ], [ 91.372939977856532, 23.974437708189697 ], [ 91.379936134855953, 23.972515104428048 ], [ 91.38543693092987, 23.972381592300106 ], [ 91.384353261756914, 23.977196317810083 ], [ 91.382659826502916, 23.984720226768886 ], [ 91.380355747971038, 23.989484785204422 ], [ 91.379501261709336, 23.994806286458129 ], [ 91.380050962266708, 23.995940431694894 ], [ 91.383544840996208, 24.003149027705252 ], [ 91.38663474320046, 24.009132379283532 ], [ 91.391288672925782, 24.015674586961453 ], [ 91.395675573440656, 24.019052499313318 ], [ 91.39690390465833, 24.023302070660943 ], [ 91.396331370560063, 24.026267664723637 ], [ 91.395980751337731, 24.028083792225065 ], [ 91.396649979563819, 24.029215665129556 ], [ 91.39936057208314, 24.033800119105518 ], [ 91.400497346471298, 24.037420268103851 ], [ 91.402526765808219, 24.041679377656585 ], [ 91.403060824691252, 24.044454573996198 ], [ 91.402243618613028, 24.045989435222619 ], [ 91.39706412294305, 24.055717465650034 ], [ 91.393485935439671, 24.059295648917491 ], [ 91.386253268000956, 24.065286629975979 ], [ 91.384040750857096, 24.069055555498615 ], [ 91.382697974334491, 24.075181962409083 ], [ 91.381660375758983, 24.080137253099625 ], [ 91.381889743361128, 24.083675719344779 ], [ 91.382339388652099, 24.090612407672225 ], [ 91.382059874963161, 24.091708586081438 ], [ 91.380706703583485, 24.09701537203652 ], [ 91.381375985102565, 24.099062807039072 ], [ 91.382125767039838, 24.101356504774849 ], [ 91.387695225599742, 24.105379098874661 ], [ 91.39021293021726, 24.105016705772304 ], [ 91.393608005390433, 24.104528425469542 ], [ 91.397750765570791, 24.10357284455748 ], [ 91.405914220739206, 24.104003904723282 ], [ 91.414260774111995, 24.105243678007817 ], [ 91.419715796975026, 24.105220794132695 ], [ 91.421340852532907, 24.105213159207953 ], [ 91.428237823185569, 24.105184554139392 ], [ 91.435737514803407, 24.102804183875126 ], [ 91.438918978421796, 24.099313729536828 ], [ 91.441619780790731, 24.099336623858377 ], [ 91.449745082663895, 24.099403377192612 ], [ 91.45605459675032, 24.097738264925855 ], [ 91.462676908254835, 24.094541541619325 ], [ 91.469772241051203, 24.093246456478255 ], [ 91.480682277167688, 24.094322198841869 ], [ 91.490234276954382, 24.094045631385221 ], [ 91.496635337398885, 24.092744825501292 ], [ 91.497947595106865, 24.088777532798559 ], [ 91.498580840324706, 24.085084914268538 ], [ 91.501556301839145, 24.082490916977854 ], [ 91.507369900720718, 24.081354137464878 ], [ 91.516631981949985, 24.08016967557483 ], [ 91.521064655627598, 24.079479215630283 ], [ 91.527763269519511, 24.078176496015413 ], [ 91.53682698857456, 24.076707841747908 ], [ 91.54637898877499, 24.074617384605343 ], [ 91.553497215397201, 24.072235105161287 ], [ 91.555572407919215, 24.072124477359228 ], [ 91.56391896074436, 24.071683883533055 ], [ 91.569618124332209, 24.072269436417354 ], [ 91.573921097868165, 24.075368877137748 ], [ 91.578536879273301, 24.076572410885181 ], [ 91.585037125526242, 24.074636456459373 ], [ 91.590972794554943, 24.070886607796339 ], [ 91.596465956038585, 24.0728206584897 ], [ 91.60166920898034, 24.074756617914343 ], [ 91.60557544905069, 24.077037814714028 ], [ 91.603988998667575, 24.08097663259284 ], [ 91.60346973730347, 24.082265848444411 ], [ 91.60264576485379, 24.086053840827965 ], [ 91.602865282128832, 24.089746570058761 ], [ 91.602989091469837, 24.091829301575235 ], [ 91.610763437101028, 24.091709135118215 ], [ 91.611694229854663, 24.091600415597885 ], [ 91.615882768144075, 24.091108317834276 ], [ 91.620307812302343, 24.091230388021962 ], [ 91.624931223164978, 24.09163093439459 ], [ 91.629844552557046, 24.093019479205921 ], [ 91.638343699693607, 24.099580764199967 ], [ 91.642516978530992, 24.105833048312981 ], [ 91.644340400730897, 24.110811228328046 ], [ 91.644889723974032, 24.116603847205408 ], [ 91.644493224887157, 24.117706890462067 ], [ 91.642562751607031, 24.123077388270278 ], [ 91.640861399068839, 24.127494808003505 ], [ 91.640319715673698, 24.133001325322127 ], [ 91.640368593614284, 24.136974361306098 ], [ 91.640380748227543, 24.137962337657179 ], [ 91.640540966643513, 24.141670220136856 ], [ 91.644233594712531, 24.147020336908739 ], [ 91.646858100474361, 24.150289529744803 ], [ 91.647323496823404, 24.1540794304101 ], [ 91.648651008842776, 24.160593028477891 ], [ 91.648345272412655, 24.16414723441849 ], [ 91.648208506303618, 24.16573714769531 ], [ 91.648499637325443, 24.16677636766758 ], [ 91.649551283180443, 24.170530316647593 ], [ 91.651573067537868, 24.17497252898541 ], [ 91.656875501741069, 24.178255077489933 ], [ 91.662650951785835, 24.181903836558124 ], [ 91.663902166839094, 24.185434337449713 ], [ 91.663264177381464, 24.188616974776096 ], [ 91.663070564916282, 24.189582819203714 ], [ 91.65998066273302, 24.19398688826897 ], [ 91.658470037881912, 24.198217392758469 ], [ 91.656860237177042, 24.202451699709918 ], [ 91.655532724624834, 24.208312986104989 ], [ 91.65447986405033, 24.215801232303551 ], [ 91.655031499536832, 24.216485527070677 ], [ 91.658286934966199, 24.220523829198232 ], [ 91.662689094758647, 24.223983759291677 ], [ 91.667480354386655, 24.227714541095899 ], [ 91.671409487890344, 24.229457854535745 ], [ 91.67404228604758, 24.228862399488918 ], [ 91.675651433818203, 24.228498461614258 ], [ 91.673919563008184, 24.223514555405327 ], [ 91.673171882602261, 24.219268801516463 ], [ 91.671722295404138, 24.214387888634889 ], [ 91.671699292372807, 24.214103353876478 ], [ 91.671371339311648, 24.210046765893427 ], [ 91.672973515536654, 24.206445688753671 ], [ 91.679809453476054, 24.201169960695498 ], [ 91.683410530232436, 24.194511413568033 ], [ 91.685768011870309, 24.18305587592517 ], [ 91.690284606997793, 24.172979349439174 ], [ 91.69459522049209, 24.163162227727128 ], [ 91.69895923205992, 24.158679957938578 ], [ 91.702224612052035, 24.1566276495195 ], [ 91.706458928489653, 24.156469339343133 ], [ 91.709991337663368, 24.158838268120203 ], [ 91.713249088181811, 24.156333918490322 ], [ 91.715659972433969, 24.150930404049276 ], [ 91.720481750410983, 24.150604245939746 ], [ 91.726318238055995, 24.147209165455845 ], [ 91.731361262518931, 24.144710537019701 ], [ 91.739135618055997, 24.143411629871075 ], [ 91.745956301536879, 24.140836714893066 ], [ 91.749801513584828, 24.13851547304515 ], [ 91.755813474022503, 24.138547890575769 ], [ 91.761428705603151, 24.137683861058292 ], [ 91.766242854080019, 24.137891771446206 ], [ 91.767860284604581, 24.145299907383517 ], [ 91.767163199648365, 24.147157384273171 ], [ 91.765357843974854, 24.151967998167216 ], [ 91.762512077106251, 24.164056776072925 ], [ 91.761108267959273, 24.179306032295489 ], [ 91.757438534088735, 24.196344369701027 ], [ 91.756545899512517, 24.209884643744079 ], [ 91.753517024905463, 24.219076155569276 ], [ 91.751243465164833, 24.232959745852288 ], [ 91.749801512803458, 24.241172787444818 ], [ 91.750677251624907, 24.240893667907841 ], [ 91.764816154969722, 24.236387248425974 ], [ 91.774604670397963, 24.230495448688639 ], [ 91.779960507246344, 24.226730345630145 ], [ 91.785690179079779, 24.223068235899309 ], [ 91.792892327421441, 24.222200393922414 ], [ 91.798141348488215, 24.217990874577144 ], [ 91.801406728426912, 24.21832847507709 ], [ 91.803748950105046, 24.218572615454601 ], [ 91.807762015447622, 24.221305845616861 ], [ 91.814681875174017, 24.219079967625433 ], [ 91.817161426450213, 24.215221399442957 ], [ 91.822418076978778, 24.210824965303615 ], [ 91.82537065451281, 24.210485451077549 ], [ 91.831382615352666, 24.209796904869702 ], [ 91.832763535048301, 24.210262296299629 ], [ 91.836006026098318, 24.211353298068811 ], [ 91.843925335965892, 24.218082426006202 ], [ 91.848045211608067, 24.221534731628964 ], [ 91.851989609899803, 24.220838545495656 ], [ 91.854766702493407, 24.216794970367449 ], [ 91.854839618238969, 24.215870758934564 ], [ 91.855201581790922, 24.211282727286896 ], [ 91.850799422101176, 24.207017896532108 ], [ 91.849635594965605, 24.203737352200065 ], [ 91.848968370030562, 24.201856608731578 ], [ 91.85048661979927, 24.19536208752297 ], [ 91.855750895261806, 24.187540049099731 ], [ 91.865470743120497, 24.178024292898769 ], [ 91.872016767866569, 24.170293805867324 ], [ 91.874236919386789, 24.166948316039587 ], [ 91.876785137707245, 24.163091656587934 ], [ 91.879394389059584, 24.159507747577919 ], [ 91.882659769011184, 24.154998776454175 ], [ 91.885459757626123, 24.147342677680555 ], [ 91.889961103277287, 24.136981958814577 ], [ 91.895690775508129, 24.131866449665523 ], [ 91.902290202379447, 24.131904597942839 ], [ 91.902389378680084, 24.131904597942931 ], [ 91.907401893771791, 24.133277893361218 ], [ 91.913177344104795, 24.136743544653552 ], [ 91.915405124994734, 24.144065850396959 ], [ 91.916709753051009, 24.155187600461943 ], [ 91.918716280443448, 24.163768772975303 ], [ 91.9193495229934, 24.172985070340467 ], [ 91.920684664434987, 24.179128640387859 ], [ 91.923797460752681, 24.186374659140313 ], [ 91.925407261301302, 24.195137024084175 ], [ 91.929733128901532, 24.206733698787719 ], [ 91.930900422417764, 24.214311596842798 ], [ 91.931922761871746, 24.224332801936242 ], [ 91.93503555773755, 24.231035228537095 ], [ 91.939391939118835, 24.2428894042846 ], [ 91.944045868504176, 24.254013058086436 ], [ 91.94400772017174, 24.261056897193466 ], [ 91.944732516171172, 24.270996089101573 ], [ 91.944450150260096, 24.272574387759381 ], [ 91.943199006997474, 24.279567716785742 ], [ 91.939811552460583, 24.286056521948673 ], [ 91.937698211116199, 24.292993545113831 ], [ 91.934692230438287, 24.301015854450405 ], [ 91.933280796908278, 24.306875227116453 ], [ 91.929595798342646, 24.312816617514912 ], [ 91.927490082516087, 24.3179569247202 ], [ 91.926231237439865, 24.329860686117577 ], [ 91.926593663159551, 24.331010354947335 ], [ 91.927970738105302, 24.335378645828467 ], [ 91.936637722876966, 24.337593071902997 ], [ 91.945594636141706, 24.342315669623257 ], [ 91.946464386269326, 24.342777248591517 ], [ 91.950477446541441, 24.344892493344332 ], [ 91.953719937523402, 24.347700117220882 ], [ 91.962356413430143, 24.35424613238591 ], [ 91.969787442156829, 24.348417278526931 ], [ 91.972984160088501, 24.34093857198997 ], [ 91.975875699993253, 24.335174562981962 ], [ 91.981521450258867, 24.32986831613032 ], [ 91.9917982406606, 24.324596405096159 ], [ 91.998603659966875, 24.324260713341449 ], [ 92.004882654821401, 24.329444885476249 ], [ 92.004958946301741, 24.334314345975105 ], [ 92.004845180153353, 24.334435620488922 ], [ 92.002097920632707, 24.337364196036454 ], [ 91.99880965141837, 24.340879437975623 ], [ 91.995826560130553, 24.343788145988277 ], [ 91.992362818085155, 24.347169875802848 ], [ 91.988937219734979, 24.352359773663331 ], [ 91.988090353463704, 24.353649137608809 ], [ 91.986770470875854, 24.358610149495775 ], [ 91.983489836562399, 24.363742826774924 ], [ 91.978622275039243, 24.37022399731071 ], [ 91.975639184193071, 24.373279568564765 ], [ 91.974624474517739, 24.379049293122193 ], [ 91.975371775469739, 24.379582306728803 ], [ 91.978309472526931, 24.381677621680492 ], [ 91.979728540904532, 24.382686615264412 ], [ 91.983772114977455, 24.382070538589183 ], [ 91.987342672804033, 24.378120419018781 ], [ 91.989402610820889, 24.378602983581118 ], [ 91.991287076358873, 24.379043569934819 ], [ 91.994026021447311, 24.382123946278391 ], [ 91.995384052200123, 24.386732098724032 ], [ 91.99871809953396, 24.389820097068398 ], [ 92.005912617756394, 24.389312744920204 ], [ 92.008010704528814, 24.385438922339507 ], [ 92.010299518083642, 24.380933758677873 ], [ 92.014015030340929, 24.381254196053543 ], [ 92.014739826427089, 24.381317132379884 ], [ 92.020950153801223, 24.38224982898139 ], [ 92.02489454700067, 24.381908416029724 ], [ 92.028541401763746, 24.380386349100359 ], [ 92.031226944591808, 24.377508159434896 ], [ 92.036674327655604, 24.373559948599691 ], [ 92.041900464210102, 24.373228069305966 ], [ 92.046150035329248, 24.371889115159842 ], [ 92.058074784901834, 24.371576307291754 ], [ 92.069419687864951, 24.370815276573165 ], [ 92.069785898367158, 24.370805732918843 ], [ 92.078193488269775, 24.370578765691626 ], [ 92.082351512528206, 24.370601650023662 ], [ 92.085792365627327, 24.370615005699069 ], [ 92.094558536086609, 24.370649336978605 ], [ 92.102042973143369, 24.374114988285058 ], [ 92.10457593191984, 24.377195352155642 ], [ 92.109817328275682, 24.376491541556625 ], [ 92.113960088131435, 24.375516893794519 ], [ 92.118293580190823, 24.375988001427427 ], [ 92.124206364914997, 24.378450389892897 ], [ 92.12703686209565, 24.384057997271345 ], [ 92.126367560162507, 24.387783013074888 ], [ 92.125610168719291, 24.391998293427129 ], [ 92.126233101610893, 24.393295309964159 ], [ 92.130302246685872, 24.401767728686757 ], [ 92.133628659008963, 24.40666008306885 ], [ 92.136359984893943, 24.411632532353654 ], [ 92.139289673355748, 24.417963027205527 ], [ 92.142532168794716, 24.420961378343378 ], [ 92.147559938561017, 24.421791076619115 ], [ 92.153869442129832, 24.421453476139028 ], [ 92.160789306084354, 24.420122141477506 ], [ 92.165427971512798, 24.417617802306442 ], [ 92.171836665905943, 24.417819971967447 ], [ 92.17251567873204, 24.422426220234005 ], [ 92.171921362198162, 24.4236432997359 ], [ 92.169128228700401, 24.429363253546232 ], [ 92.16633587010557, 24.435859678484544 ], [ 92.164420896051411, 24.445327757769853 ], [ 92.162109188156734, 24.454895018368994 ], [ 92.160209468999881, 24.460126871966001 ], [ 92.160026361176605, 24.466100689901047 ], [ 92.159972958046623, 24.46771049121692 ], [ 92.157150075573995, 24.480882645971448 ], [ 92.156234551759823, 24.486564636601823 ], [ 92.156020930601372, 24.491987222909735 ], [ 92.154914669591363, 24.495595929525475 ], [ 92.15429668379123, 24.499477382034101 ], [ 92.154497614273012, 24.502962651341875 ], [ 92.154853636837984, 24.509138107313952 ], [ 92.156493951116943, 24.515916820912636 ], [ 92.158843802543061, 24.520893097210259 ], [ 92.160713007832598, 24.52164077229256 ], [ 92.16317730455053, 24.522626877009245 ], [ 92.170471003875548, 24.523731229467316 ], [ 92.174728199384944, 24.522489547459745 ], [ 92.180755418894492, 24.520790103952937 ], [ 92.18768290776741, 24.517118450581616 ], [ 92.196288865151104, 24.513538364056597 ], [ 92.204894822104521, 24.507696154542472 ], [ 92.212714950378597, 24.503473279547485 ], [ 92.21686534466086, 24.50096320918383 ], [ 92.22112254017155, 24.497541422822636 ], [ 92.227752486003951, 24.494857787891178 ], [ 92.233451638624146, 24.497947690431765 ], [ 92.234031470599533, 24.502008437815448 ], [ 92.23394896116811, 24.50671406910098 ], [ 92.233779705153225, 24.516366958201083 ], [ 92.23376385497194, 24.520116716647752 ], [ 92.233749180936641, 24.523588173966846 ], [ 92.233731757190554, 24.523706541430279 ], [ 92.232955728072099, 24.528978342681803 ], [ 92.232330117796778, 24.53325462082088 ], [ 92.232414044650042, 24.536693575326687 ], [ 92.232429889806937, 24.537338932279177 ], [ 92.232497966053856, 24.540111534690524 ], [ 92.234138285732854, 24.548519136468656 ], [ 92.234100136892451, 24.557725907256188 ], [ 92.23406199348139, 24.568378453438733 ], [ 92.234042095344179, 24.568660866520158 ], [ 92.233726296713954, 24.573143001880958 ], [ 92.233436383142461, 24.577224729853221 ], [ 92.231521399572301, 24.58490371750273 ], [ 92.229133399318457, 24.590581891115974 ], [ 92.224075116213939, 24.594806669849746 ], [ 92.221580300624993, 24.601486207120342 ], [ 92.222354895468172, 24.604350079887332 ], [ 92.222556866440243, 24.605096817924533 ], [ 92.224311621449573, 24.607124328750267 ], [ 92.227172652391673, 24.610437391066256 ], [ 92.23179606282946, 24.614521022788281 ], [ 92.234252730004542, 24.618318558392776 ], [ 92.237579137221232, 24.625740055019254 ], [ 92.239921363649771, 24.63323402662223 ], [ 92.240096836824137, 24.640192030538206 ], [ 92.239962097803968, 24.641554742623363 ], [ 92.239677223162914, 24.644435880700435 ], [ 92.236297398117927, 24.649120329676013 ], [ 92.233123574692371, 24.653356550352694 ], [ 92.228950296066387, 24.658847808714363 ], [ 92.22745493525214, 24.662639613560003 ], [ 92.225448405327768, 24.668857571864848 ], [ 92.225835961317472, 24.672576198140508 ], [ 92.22621134000029, 24.67617797888483 ], [ 92.228370463737036, 24.680006028285401 ], [ 92.231399327963246, 24.687574382703033 ], [ 92.23269633108859, 24.690565109363806 ], [ 92.233756818816047, 24.693000791484739 ], [ 92.239463601311499, 24.697797777479952 ], [ 92.2444989954449, 24.699531557286921 ], [ 92.249442843237972, 24.698740002316949 ], [ 92.254211218203793, 24.697998043004027 ], [ 92.257453708618897, 24.697494503317142 ], [ 92.260993747415128, 24.700580598391443 ], [ 92.263557225346517, 24.704019547908377 ], [ 92.266105443414062, 24.708629604097251 ], [ 92.267257482410031, 24.717578888847761 ], [ 92.2672345884435, 24.724170687199727 ], [ 92.267905971321909, 24.728860852385431 ], [ 92.270538116205515, 24.738809587969087 ], [ 92.270622038029032, 24.743862156254128 ], [ 92.270507154180507, 24.744323392988804 ], [ 92.269721768646193, 24.747476574063505 ], [ 92.268104338070799, 24.754957199533585 ], [ 92.264526150892152, 24.760282518243855 ], [ 92.264783161045344, 24.764928241307704 ], [ 92.264800814934858, 24.765247347600685 ], [ 92.265868927087411, 24.770309444095613 ], [ 92.266914150421286, 24.7720527675414 ], [ 92.268035680730009, 24.773929593112129 ], [ 92.270293970303825, 24.776916506866627 ], [ 92.273551725511581, 24.779088977211789 ], [ 92.278884673036728, 24.78136444044457 ], [ 92.282012723164783, 24.782836912189531 ], [ 92.283126613568427, 24.783359529205811 ], [ 92.283118989033071, 24.787422180319261 ], [ 92.282414182757364, 24.788134714032733 ], [ 92.27963998273583, 24.790939330532389 ], [ 92.276084684440661, 24.795715331346042 ], [ 92.274673250564348, 24.797603608841424 ], [ 92.274253627341622, 24.80247497307321 ], [ 92.273719568345342, 24.812774659358578 ], [ 92.272895596367789, 24.817773814969517 ], [ 92.272697234209019, 24.819000242591688 ], [ 92.271987697477684, 24.823625562715165 ], [ 92.264159939382594, 24.827550889204694 ], [ 92.258918548216457, 24.82554817141412 ], [ 92.253288063108045, 24.82544326932938 ], [ 92.247527867400507, 24.829214098113209 ], [ 92.247520237887244, 24.831892011874857 ], [ 92.24750960849417, 24.834301324209253 ], [ 92.247504973439561, 24.835351942421759 ], [ 92.248870634034972, 24.840051650816012 ], [ 92.249053746697911, 24.845476150408587 ], [ 92.248855109894649, 24.845825750155534 ], [ 92.246955659994924, 24.849168773935546 ], [ 92.241790566154023, 24.853038784037114 ], [ 92.240157871269446, 24.854455949358528 ], [ 92.237022191137456, 24.857173920107972 ], [ 92.236312659403012, 24.861865999017983 ], [ 92.237010322742748, 24.862265612304569 ], [ 92.243125707388145, 24.865768431703565 ], [ 92.246383457594973, 24.868671418996048 ], [ 92.249625948369967, 24.873826980623232 ], [ 92.253471160057416, 24.877630232430107 ], [ 92.253654262283163, 24.882150650499142 ], [ 92.253439664711905, 24.882908100577847 ], [ 92.252044461654393, 24.887832646126544 ], [ 92.247176910799993, 24.892059323587226 ], [ 92.243499547337692, 24.896200180406112 ], [ 92.243682645023327, 24.900091171124217 ], [ 92.244266375565232, 24.900409673554524 ], [ 92.250495697998744, 24.903808592298102 ], [ 92.253822115291683, 24.904260633076234 ], [ 92.258712550382612, 24.904922488428753 ], [ 92.270194792467578, 24.905855180075775 ], [ 92.27652718974872, 24.905424119487829 ], [ 92.280700468724689, 24.90390968249509 ], [ 92.285552760092628, 24.903833390527456 ], [ 92.290954369651587, 24.906026841027455 ], [ 92.291641011986584, 24.906305312216325 ], [ 92.292266627190131, 24.906560894532042 ], [ 92.298675311331507, 24.91190910261534 ], [ 92.303237694619568, 24.912101748626885 ], [ 92.307693256685923, 24.912385946028973 ], [ 92.312644078568681, 24.906377755449785 ], [ 92.312667623291119, 24.906349181791779 ], [ 92.312668309846515, 24.906109535882322 ], [ 92.312682877773355, 24.901021959333477 ], [ 92.315170058818126, 24.896867751841761 ], [ 92.324493182117948, 24.893465041925634 ], [ 92.332023396702354, 24.889425274725195 ], [ 92.337989573515145, 24.88419914734504 ], [ 92.343154677748359, 24.879072190376412 ], [ 92.348891978985776, 24.879083632794224 ], [ 92.350959546276002, 24.883872988855192 ], [ 92.355697397306642, 24.886322021666796 ], [ 92.357497935559223, 24.881900789472716 ], [ 92.359939337918902, 24.87976837160787 ], [ 92.362754585688819, 24.877309795633252 ], [ 92.365638495981415, 24.873617177111345 ], [ 92.369308234425418, 24.871192931950969 ], [ 92.374259712022337, 24.870748521141209 ], [ 92.379317994960516, 24.868589406506874 ], [ 92.381995913172005, 24.865797042495604 ], [ 92.385482549407087, 24.858039859131306 ], [ 92.396095035869564, 24.851203920461828 ], [ 92.40272497143647, 24.851486209148177 ], [ 92.407462827401119, 24.855291369247869 ], [ 92.410812133855842, 24.859632492467874 ], [ 92.416656250334185, 24.860095980201493 ], [ 92.420516716433795, 24.856319430218957 ], [ 92.424087278997845, 24.854156493564584 ], [ 92.424903621405477, 24.854076384114997 ], [ 92.430434930515744, 24.85353279199559 ], [ 92.438049066755525, 24.855720516322613 ], [ 92.443359124678821, 24.864664075363162 ], [ 92.447402703378117, 24.867570880129669 ], [ 92.457397204254008, 24.871915815406496 ], [ 92.464431503498503, 24.871393208440558 ], [ 92.473548624514962, 24.867616653493428 ], [ 92.47819492915211, 24.865638732910945 ], [ 92.481368757399551, 24.864288331838381 ], [ 92.487212869285173, 24.862939839064978 ], [ 92.492248268216869, 24.862876892773532 ], [ 92.493354534113763, 24.862861638382416 ], [ 92.497802466542268, 24.864044186571977 ], [ 92.498977399373672, 24.870092392784194 ], [ 92.49841288206369, 24.872520343037095 ], [ 92.497779577461074, 24.875244142379906 ], [ 92.494598124216949, 24.88101577565828 ], [ 92.494292951205892, 24.887065890591437 ], [ 92.494473718238368, 24.887866220410611 ], [ 92.495475508975105, 24.892301561670198 ], [ 92.495544165835938, 24.902236936133466 ], [ 92.495467980468348, 24.902427643131439 ], [ 92.491363262818481, 24.912702562053177 ], [ 92.49007388909331, 24.917488096083858 ], [ 92.486488077100859, 24.923713688852303 ], [ 92.48545810814548, 24.925411229092084 ], [ 92.48440525532186, 24.927141191859722 ], [ 92.486495262326969, 24.928784824812304 ], [ 92.487861372063179, 24.929859167649884 ], [ 92.489829753469436, 24.933473585479891 ], [ 92.489012177492867, 24.937194122592729 ], [ 92.488738746872528, 24.938438419831854 ], [ 92.484374736303721, 24.939058303947458 ], [ 92.478431438601476, 24.939323424874225 ], [ 92.471503954628247, 24.938587196114671 ], [ 92.465369919816027, 24.937673566465129 ], [ 92.460113264425004, 24.937211992012625 ], [ 92.457298022186023, 24.937858582474576 ], [ 92.455062611053762, 24.938373564546918 ], [ 92.451492053460711, 24.943334581420103 ], [ 92.451652169954059, 24.948199067011586 ], [ 92.451667526626906, 24.948665621344336 ], [ 92.456023912703117, 24.950481414346118 ], [ 92.461173751876672, 24.951305391450489 ], [ 92.464629869080525, 24.954107284156581 ], [ 92.465911607711035, 24.958625793955395 ], [ 92.464663824938299, 24.959491601894296 ], [ 92.459556321251, 24.963035583731919 ], [ 92.454101304123554, 24.965196606640433 ], [ 92.44895909939504, 24.965545659040554 ], [ 92.443504076854964, 24.965177539709032 ], [ 92.437659960423801, 24.964262011209613 ], [ 92.431022390406937, 24.965688704701606 ], [ 92.422988640906468, 24.970552443961658 ], [ 92.419906363470119, 24.976327899702291 ], [ 92.419884507009442, 24.981438867019769 ], [ 92.419875849549356, 24.983463290660648 ], [ 92.420264949264393, 24.987884522418753 ], [ 92.422523248694048, 24.994573593373392 ], [ 92.4227139862641, 24.999534610271017 ], [ 92.425170647842691, 25.005319594702975 ], [ 92.427032213420048, 25.013629918909327 ], [ 92.426889719328841, 25.018330990288835 ], [ 92.42681859175994, 25.020677570488015 ], [ 92.425384268994449, 25.025619510514336 ], [ 92.418372853963916, 25.029960633218305 ], [ 92.411437740553993, 25.028684614891006 ], [ 92.40479254060854, 25.029113771736576 ], [ 92.39704108010649, 25.034242631965778 ], [ 92.392371886523648, 25.037483219712239 ], [ 92.386825322519655, 25.039545061306281 ], [ 92.379188292322496, 25.039711000910124 ], [ 92.372741459466297, 25.040687567373567 ], [ 92.37018561642499, 25.043008808761712 ], [ 92.36797308955272, 25.045015339426126 ], [ 92.359946965007722, 25.043642043960503 ], [ 92.356071234547841, 25.043764113674964 ], [ 92.352218393402808, 25.043888092570239 ], [ 92.34793830415596, 25.046047217207271 ], [ 92.345550304401897, 25.051189423138833 ], [ 92.346111213679379, 25.055067399109497 ], [ 92.34641242489802, 25.057149890416227 ], [ 92.34699988630031, 25.062028889129458 ], [ 92.346517777291126, 25.063511082017619 ], [ 92.346359016670263, 25.063999174813564 ], [ 92.345496901024006, 25.06662559418227 ], [ 92.344085457076943, 25.07357597861732 ], [ 92.336532358650828, 25.07798576838892 ], [ 92.331672437408372, 25.078422544722727 ], [ 92.326728589753969, 25.076509479586438 ], [ 92.321098094365468, 25.071434021944253 ], [ 92.316146621789443, 25.068895341470068 ], [ 92.311584243995043, 25.067346578169893 ], [ 92.305152665480648, 25.067239762342705 ], [ 92.300384300584696, 25.06758689601843 ], [ 92.293235555886525, 25.070093153893861 ], [ 92.286483540014046, 25.072240826131935 ], [ 92.281615989232122, 25.074209213060882 ], [ 92.279411097263917, 25.075523379600703 ], [ 92.277244348558725, 25.076816555998775 ], [ 92.271987693421607, 25.078329084701888 ], [ 92.265037320381381, 25.080842972053958 ], [ 92.255500575476262, 25.084512711665386 ], [ 92.247161653339887, 25.08692169740161 ], [ 92.240211270264666, 25.089969638701994 ], [ 92.23246743907616, 25.092649461153044 ], [ 92.22519662909832, 25.097772600197903 ], [ 92.216048988448364, 25.104423522813711 ], [ 92.212371619998493, 25.10720634361429 ], [ 92.216198023394995, 25.109454549436499 ], [ 92.218101296814595, 25.110572818619588 ], [ 92.222686559020474, 25.110589981773423 ], [ 92.225738317207544, 25.110599514995187 ], [ 92.226821688804549, 25.112400053573921 ], [ 92.227805879558503, 25.114034657499595 ], [ 92.22479356800649, 25.115766947537502 ], [ 92.222343237293799, 25.11717605937973 ], [ 92.209831031131188, 25.119747162285357 ], [ 92.202781472202915, 25.120895384147889 ], [ 92.199981483768013, 25.123313903120309 ], [ 92.198203839843856, 25.124853133178402 ], [ 92.194907941233268, 25.130174634424829 ], [ 92.190734657666269, 25.131513599008759 ], [ 92.189751167764499, 25.130687277881687 ], [ 92.188323773656407, 25.129487991908267 ], [ 92.191268716182464, 25.123567581656609 ], [ 92.191485684348862, 25.122793099626197 ], [ 92.192886152195697, 25.117794039639612 ], [ 92.186935219305752, 25.117053989007065 ], [ 92.178993020928516, 25.118822100011471 ], [ 92.171531473244158, 25.122766498360523 ], [ 92.166862289504948, 25.12582397832967 ], [ 92.161292831423907, 25.128866198895913 ], [ 92.15283182852896, 25.133171081611309 ], [ 92.142700002485142, 25.137010572889732 ], [ 92.13862590472597, 25.138801578236993 ], [ 92.13765696812753, 25.152343746021458 ], [ 92.125510972210208, 25.161411288431054 ], [ 92.114776420218561, 25.165702820918764 ], [ 92.107902338987685, 25.169013979459582 ], [ 92.102439686646676, 25.171062470394471 ], [ 92.096977049756234, 25.17276001061397 ], [ 92.090499692799042, 25.175975800753751 ], [ 92.084533505366124, 25.179384236433744 ], [ 92.077674678966559, 25.181703569523272 ], [ 92.070716676282771, 25.182634357350185 ], [ 92.065261658405547, 25.1833629609912 ], [ 92.060401731988307, 25.182075500753317 ], [ 92.054672060479973, 25.1790695201252 ], [ 92.052703673876906, 25.178565979966457 ], [ 92.049613772359024, 25.177776339143442 ], [ 92.042449766957006, 25.180273053407905 ], [ 92.038383309684264, 25.180702210243446 ], [ 92.033241094659175, 25.178691862532897 ], [ 92.029258548234395, 25.179035183757236 ], [ 92.019210638467783, 25.183233261130841 ], [ 92.013946363215652, 25.184652329718645 ], [ 92.005218336026175, 25.183160781542938 ], [ 91.998695206333039, 25.18014907472099 ], [ 91.993949715144694, 25.176517483761671 ], [ 91.990028211360979, 25.170812608792492 ], [ 91.986274551354143, 25.167085643984549 ], [ 91.977729631399896, 25.1680374124007 ], [ 91.972549272986939, 25.172071453874597 ], [ 91.967071366138001, 25.175027848798333 ], [ 91.96239455236686, 25.176713942088174 ], [ 91.955337358716264, 25.17821121139438 ], [ 91.950179889201792, 25.178819658583397 ], [ 91.948486166692575, 25.178783413587109 ], [ 91.938766318665088, 25.178579330627461 ], [ 91.930236658519902, 25.178256984497221 ], [ 91.91644271305789, 25.178359987775192 ], [ 91.908714140974141, 25.176782608960881 ], [ 91.901862938922875, 25.176206589256868 ], [ 91.895423735108267, 25.175901411714726 ], [ 91.885818327741219, 25.173036577679266 ], [ 91.879081576372059, 25.171918874555228 ], [ 91.87472519490376, 25.170627591862907 ], [ 91.862312169027149, 25.170555112292085 ], [ 91.860572663308375, 25.170669552550216 ], [ 91.854774329093104, 25.17105293622474 ], [ 91.851631014360592, 25.172002795932855 ], [ 91.84423050896315, 25.174238207112342 ], [ 91.839279026469896, 25.173122407726456 ], [ 91.833160254963659, 25.169481273563179 ], [ 91.824920508227095, 25.169700625860084 ], [ 91.819389203681197, 25.166954040016368 ], [ 91.81521591947282, 25.166839599740157 ], [ 91.809470988362918, 25.16490936104038 ], [ 91.804817058842275, 25.164604188057087 ], [ 91.798873760558109, 25.164022447616272 ], [ 91.79122910479667, 25.164064408327697 ], [ 91.785774092180873, 25.163940429393325 ], [ 91.781951764077903, 25.163251873169738 ], [ 91.778953413821853, 25.162956238397168 ], [ 91.774963247352161, 25.162605287221041 ], [ 91.771858076314658, 25.162727357400247 ], [ 91.769111500416486, 25.162836071913123 ], [ 91.760368208519367, 25.16468047992424 ], [ 91.758590564509632, 25.16514015060477 ], [ 91.755592208784691, 25.165918349469386 ], [ 91.749725207428483, 25.167226795260639 ], [ 91.748168094003404, 25.164746056167544 ], [ 91.746879445719713, 25.162693026523399 ], [ 91.749206408053567, 25.157297136561205 ], [ 91.750252569848655, 25.154023376782693 ], [ 91.750533925134434, 25.153142929065961 ], [ 91.75067125474034, 25.149446483072175 ], [ 91.747032034874678, 25.144186014399217 ], [ 91.73998247551279, 25.14558219411672 ], [ 91.733619558532666, 25.147256850021126 ], [ 91.729644646872401, 25.148401259447063 ], [ 91.72425829124181, 25.151702879797988 ], [ 91.719192377954727, 25.152935028599785 ], [ 91.714218011048274, 25.153717039922032 ], [ 91.707877983400749, 25.152318956439711 ], [ 91.705650202029503, 25.145706172949644 ], [ 91.700942864396652, 25.139627457501167 ], [ 91.697212088112934, 25.135986323349098 ], [ 91.691970697009666, 25.133695600733816 ], [ 91.685333125882892, 25.132839200672766 ], [ 91.681068300673616, 25.133348462005713 ], [ 91.674919000675132, 25.13276481238761 ], [ 91.668121211146769, 25.126667020524721 ], [ 91.663871640346485, 25.125007628993341 ], [ 91.659690736572344, 25.12669753930302 ], [ 91.653640627408905, 25.126466744581744 ], [ 91.650016661885005, 25.122293470215588 ], [ 91.645080443236466, 25.119907378749481 ], [ 91.637725710861488, 25.121568683986865 ], [ 91.6311339182827, 25.126388554260338 ], [ 91.629272347268213, 25.13486289890405 ], [ 91.627052190696006, 25.139181137767935 ], [ 91.621658210537603, 25.142208093948049 ], [ 91.61729419400389, 25.141992568629476 ], [ 91.614852791002136, 25.140932085655415 ], [ 91.612853885950145, 25.140068056131554 ], [ 91.609847905269817, 25.139184950194693 ], [ 91.608108404506822, 25.138671876836195 ], [ 91.604003788123123, 25.142528531280064 ], [ 91.60566313723568, 25.146040072603054 ], [ 91.606826665549946, 25.148502349213839 ], [ 91.605822737425513, 25.151570186116498 ], [ 91.604469189377781, 25.155706402220243 ], [ 91.604567901262456, 25.160381680067651 ], [ 91.60460651388901, 25.162210466633063 ], [ 91.611144908724611, 25.167877192874204 ], [ 91.606638441235475, 25.169071340438897 ], [ 91.605926396410382, 25.169260021931329 ], [ 91.59573353171308, 25.167293543688356 ], [ 91.591567877775944, 25.166975025043051 ], [ 91.587798957700457, 25.166688918926635 ], [ 91.582649117454864, 25.165742876211223 ], [ 91.5791090783502, 25.162734986873758 ], [ 91.577453499516807, 25.159017560735961 ], [ 91.572021370668523, 25.156089780399718 ], [ 91.564109690522827, 25.153591156947176 ], [ 91.560073741247734, 25.149950022797569 ], [ 91.556831245145247, 25.146940229730156 ], [ 91.550506481796191, 25.144544599608384 ], [ 91.544769179982126, 25.143415449560987 ], [ 91.540115250334324, 25.142208093792235 ], [ 91.531013382658614, 25.140417098412044 ], [ 91.522186178657108, 25.139801021714725 ], [ 91.515823256994878, 25.140295028198452 ], [ 91.510871783858278, 25.140701295755886 ], [ 91.507209674539155, 25.139230723203127 ], [ 91.50675190766556, 25.135520931542619 ], [ 91.503303419910296, 25.132783888917277 ], [ 91.496093646962223, 25.130283351737514 ], [ 91.488746539416539, 25.130405426913708 ], [ 91.480522051321785, 25.1306972492029 ], [ 91.47395314799752, 25.131727218364734 ], [ 91.470497030220542, 25.140085219009851 ], [ 91.469856165513932, 25.14505004335517 ], [ 91.46635427504674, 25.146823885584443 ], [ 91.459617512907442, 25.146860120114663 ], [ 91.453872586573127, 25.145273208115206 ], [ 91.449005025318101, 25.145404811950861 ], [ 91.442336940660866, 25.147787095933914 ], [ 91.439132592741203, 25.150741577589322 ], [ 91.434860132955464, 25.151334760392409 ], [ 91.426940822705745, 25.158756251981028 ], [ 91.423927212914776, 25.162158966935678 ], [ 91.421813871642954, 25.165386199034 ], [ 91.4169158015618, 25.168056487859602 ], [ 91.412010101612779, 25.163042068299237 ], [ 91.406478786807881, 25.161897653406722 ], [ 91.399589445646896, 25.164194107192312 ], [ 91.391143706896244, 25.165927882413207 ], [ 91.386115936741632, 25.163356779439709 ], [ 91.383338837395513, 25.163106917867594 ], [ 91.379371550085878, 25.162750240954445 ], [ 91.375266938178356, 25.165693280222861 ], [ 91.371360688878653, 25.168817518991652 ], [ 91.365569972917243, 25.171745293833752 ], [ 91.359512235011778, 25.172859189940084 ], [ 91.355064296921611, 25.171365737616085 ], [ 91.348342804137872, 25.168054579040401 ], [ 91.341392430813002, 25.169250487855862 ], [ 91.336517244579568, 25.1705608373872 ], [ 91.330726539964147, 25.17303276403257 ], [ 91.329772862837046, 25.178438187201003 ], [ 91.323890601838343, 25.180639262135916 ], [ 91.321754366703203, 25.180492404341869 ], [ 91.319328223024101, 25.180324555956076 ], [ 91.315269389313798, 25.179563519759338 ], [ 91.310005103679501, 25.179512025814734 ], [ 91.304351723638405, 25.180091857950295 ], [ 91.298477087110541, 25.180936810602837 ], [ 91.294486915889266, 25.182523727589238 ], [ 91.293517984355148, 25.189193726649286 ], [ 91.288719090522463, 25.192941666573894 ], [ 91.28191367574567, 25.196754451552255 ], [ 91.277305519149735, 25.20022392529242 ], [ 91.267654337942076, 25.202388760683625 ], [ 91.259200969234556, 25.195535658832899 ], [ 91.255058204055942, 25.193145754912916 ], [ 91.252426063727526, 25.192932133332057 ], [ 91.244850084873448, 25.192317965322339 ], [ 91.233329692931434, 25.192924493389938 ], [ 91.225166242693419, 25.194372177505514 ], [ 91.215927049724115, 25.195995329028047 ], [ 91.196174545248496, 25.195428847986911 ], [ 91.192100447550942, 25.194709777524878 ], [ 91.18855277838054, 25.194082253903797 ], [ 91.183914112995126, 25.191509247202802 ], [ 91.176887437159365, 25.190534589426807 ], [ 91.175002977277174, 25.190637587752555 ], [ 91.169929428824261, 25.190914155652056 ], [ 91.166656423789803, 25.191673278110596 ], [ 91.161773608019132, 25.192806245605475 ], [ 91.152549669868208, 25.191896432884192 ], [ 91.144142079247985, 25.189460750767267 ], [ 91.137718124357903, 25.188579558114228 ], [ 91.128280564622855, 25.188749310222001 ], [ 91.126197747568497, 25.189035416329329 ], [ 91.124000484809386, 25.189336771835062 ], [ 91.118133473126917, 25.189994809696103 ], [ 91.110366757148554, 25.191707609331079 ], [ 91.102104120523151, 25.194509506550173 ], [ 91.097122123421286, 25.195983887004711 ], [ 91.094657826430648, 25.196140283449861 ], [ 91.091064384488092, 25.196371077705937 ], [ 91.08449548051324, 25.197559357050981 ], [ 91.075324944995614, 25.193311689430161 ], [ 91.070999078599954, 25.190004351475057 ], [ 91.06675713544837, 25.18779182599442 ], [ 91.062293942852094, 25.18774032660362 ], [ 91.058242733986916, 25.186887739018928 ], [ 91.053169180943385, 25.186920166544386 ], [ 91.048126156247918, 25.18604659381737 ], [ 91.038627558875419, 25.184221267640542 ], [ 91.027946408429898, 25.181480407555956 ], [ 91.02271264148871, 25.179525371269683 ], [ 91.017074520736742, 25.178197859051167 ], [ 91.01163476169981, 25.176687239051244 ], [ 91.004806458396359, 25.175352096908341 ], [ 90.998878418637801, 25.173925398375101 ], [ 90.990959108639544, 25.17238998077071 ], [ 90.983932432711143, 25.170951840300898 ], [ 90.978004393392737, 25.169794079747152 ], [ 90.976936281024223, 25.169487003496332 ], [ 90.972595158586486, 25.168235777821376 ], [ 90.970359747540684, 25.16759300480415 ], [ 90.968513430903599, 25.167062758319663 ], [ 90.95850366843824, 25.165956497153292 ], [ 90.947807253979761, 25.165008546164568 ], [ 90.937705935119126, 25.163354875385266 ], [ 90.927635140501607, 25.160615919034328 ], [ 90.916946355500585, 25.158771510999397 ], [ 90.911498966952607, 25.157711028030416 ], [ 90.901832521103955, 25.160297395392277 ], [ 90.894576969160681, 25.161832808441886 ], [ 90.889800969089691, 25.16213607767914 ], [ 90.879852244630413, 25.15767287975342 ], [ 90.872344917860133, 25.155328749032805 ], [ 90.857757517420836, 25.1553173066449 ], [ 90.84403223814644, 25.157497406441639 ], [ 90.837280226303747, 25.157764430689092 ], [ 90.822471564789922, 25.159202576154922 ], [ 90.81767268037251, 25.160923005717994 ], [ 90.811798043648395, 25.16302871680487 ], [ 90.80397791439394, 25.168077463062435 ], [ 90.798812814862004, 25.17423629749549 ], [ 90.793098397025076, 25.178039548823214 ], [ 90.783058120652527, 25.179439541018489 ], [ 90.778015086326064, 25.177928921021021 ], [ 90.774414014407711, 25.173734666076509 ], [ 90.769775338465479, 25.165819167539738 ], [ 90.763404801555993, 25.16086005939129 ], [ 90.755668594213304, 25.16075706606421 ], [ 90.749114944508293, 25.160827631863661 ], [ 90.744354198797737, 25.160879136252152 ], [ 90.743095063142377, 25.158493267760893 ], [ 90.742431595159715, 25.157236097933552 ], [ 90.74243993755519, 25.157190881239103 ], [ 90.743194534606801, 25.153100967301803 ], [ 90.740280110572456, 25.149364469311255 ], [ 90.735000560819799, 25.150371555956774 ], [ 90.729652363018744, 25.155626292071819 ], [ 90.723625137281203, 25.160503387035035 ], [ 90.717765764933816, 25.160512925690405 ], [ 90.711471509796439, 25.15753746343491 ], [ 90.704154925840527, 25.155729295400647 ], [ 90.696418718474888, 25.155435564368688 ], [ 90.691833455595102, 25.156822200897295 ], [ 90.690216019885511, 25.158601758873623 ], [ 90.686973533542371, 25.162164687738024 ], [ 90.682853657057578, 25.165634151031128 ], [ 90.677833516579199, 25.163213728320432 ], [ 90.671401937013343, 25.16808510254041 ], [ 90.669708214299291, 25.174108506118088 ], [ 90.667915300724431, 25.18031310874612 ], [ 90.658042867638528, 25.188835140759032 ], [ 90.654922446944013, 25.185993190634974 ], [ 90.654304466577926, 25.181381221189501 ], [ 90.652687035436145, 25.177211759299393 ], [ 90.649414020757689, 25.176130295740734 ], [ 90.646667444624299, 25.175226209220082 ], [ 90.639846760653384, 25.173959729599098 ], [ 90.639228780287937, 25.1688919019313 ], [ 90.63308711928596, 25.16817664893594 ], [ 90.622573816957669, 25.168209076465448 ], [ 90.61510463379156, 25.169631957535039 ], [ 90.599533047230608, 25.169410706484999 ], [ 90.576240502649853, 25.167812347114143 ], [ 90.561279256975553, 25.166328428455294 ], [ 90.549476590725291, 25.166606905092053 ], [ 90.522514307049832, 25.164489741625751 ], [ 90.518005336127544, 25.164333340180391 ], [ 90.513298003033071, 25.164169304260717 ], [ 90.500076263224756, 25.160001751105504 ], [ 90.492881738740664, 25.157365793087482 ], [ 90.487457239398367, 25.155477525592964 ], [ 90.483154265123147, 25.152349474361806 ], [ 90.475448576480673, 25.149887085920049 ], [ 90.469726528650483, 25.148530958640531 ], [ 90.4605025901391, 25.148033139687609 ], [ 90.455673186854284, 25.146425247108656 ], [ 90.453262302455343, 25.143045426027456 ], [ 90.45096584875958, 25.141649246744667 ], [ 90.447471587560045, 25.139526362079994 ], [ 90.443778959180349, 25.140304561402189 ], [ 90.438308686625049, 25.141458509043392 ], [ 90.432830784145523, 25.142364499746822 ], [ 90.427963227578701, 25.143285754398843 ], [ 90.4235458030183, 25.145923615701637 ], [ 90.418556181266268, 25.147108072589322 ], [ 90.412315338880035, 25.151790617835228 ], [ 90.401153537261223, 25.15414046975058 ], [ 90.392204257882653, 25.155172347655292 ], [ 90.384750338592937, 25.156400679008193 ], [ 90.380256627039984, 25.157508848453897 ], [ 90.376640291087, 25.159530638524792 ], [ 90.369041412733338, 25.162652968117047 ], [ 90.365440340727829, 25.164358138282523 ], [ 90.360923734847631, 25.166494368167648 ], [ 90.355003330257063, 25.169912337522842 ], [ 90.351066561491947, 25.173372268060284 ], [ 90.345329254222349, 25.177701948860232 ], [ 90.33894345276093, 25.184001924891881 ], [ 90.334609960098135, 25.18744468185033 ], [ 90.326820349497524, 25.184980394678515 ], [ 90.317710851197546, 25.183654781197731 ], [ 90.311866733147681, 25.182926177536526 ], [ 90.307807894651773, 25.182674407688602 ], [ 90.303825352692883, 25.183423996495371 ], [ 90.299346895526526, 25.183897012849108 ], [ 90.294258087440625, 25.18516540120352 ], [ 90.288017245478457, 25.189298623554865 ], [ 90.284507724849718, 25.191404340092344 ], [ 90.278305026159629, 25.193738932157856 ], [ 90.273857087788144, 25.192852023768438 ], [ 90.269699067976049, 25.192335127953896 ], [ 90.263168312459541, 25.191228861794059 ], [ 90.257690404945905, 25.191955566728733 ], [ 90.249771094201918, 25.196241378065171 ], [ 90.24267576095005, 25.198280330817312 ], [ 90.236503576049628, 25.19953155604281 ], [ 90.228286717276518, 25.198310849620214 ], [ 90.223808265549138, 25.198419569142345 ], [ 90.217346167085083, 25.198940272423307 ], [ 90.210418682198636, 25.203235626964748 ], [ 90.205192544513025, 25.206037524188723 ], [ 90.198883035021225, 25.208364482229733 ], [ 90.190673801151902, 25.212011337562512 ], [ 90.180786108504819, 25.214633939469248 ], [ 90.172088598897162, 25.217464447210279 ], [ 90.162521339053484, 25.219278336448845 ], [ 90.15377805625161, 25.219758987278926 ], [ 90.142143233200258, 25.220640179932005 ], [ 90.134399395738441, 25.22049522587508 ], [ 90.127082801421594, 25.218925471569495 ], [ 90.125198340992711, 25.218893054492064 ], [ 90.121925335794515, 25.218839641374181 ], [ 90.115249616186361, 25.219982147529624 ], [ 90.109703041125442, 25.223941800304651 ], [ 90.103599528705729, 25.230503079840318 ], [ 90.096977211758485, 25.233726504477946 ], [ 90.093711831480604, 25.234153747635943 ], [ 90.09030149169638, 25.234601975935739 ], [ 90.084533670591668, 25.234951013371617 ], [ 90.080741861304318, 25.236051558342808 ], [ 90.075195296688264, 25.239744186869746 ], [ 90.068901041562881, 25.246212006733323 ], [ 90.062713607224396, 25.251779557088618 ], [ 90.054992653610981, 25.255067826332851 ], [ 90.050537085730397, 25.256355286547734 ], [ 90.04620359258405, 25.257610319234491 ], [ 90.034530621223922, 25.259922022429802 ], [ 90.021614054139562, 25.26473998398296 ], [ 90.012405379432735, 25.267633438049042 ], [ 90.00669858635402, 25.270059581505034 ], [ 90.002502427783824, 25.272050857779135 ], [ 90.00086210771596, 25.272830965381889 ], [ 89.994758590285826, 25.275331492549032 ], [ 89.983795145689569, 25.281078338225587 ], [ 89.980903605422697, 25.285717004005072 ], [ 89.980804429103017, 25.290311810318808 ], [ 89.979324322933834, 25.294076913823588 ], [ 89.975090006089317, 25.296792980849304 ], [ 89.970062235549818, 25.296298979357942 ], [ 89.964874246554672, 25.295789718018707 ], [ 89.952659591766221, 25.296012873257659 ], [ 89.944229106350988, 25.295312879664277 ], [ 89.938209515380663, 25.295330047796533 ], [ 89.932113632419018, 25.295347210928831 ], [ 89.923660263119018, 25.29988288338366 ], [ 89.916740402654654, 25.302179337178234 ], [ 89.910949687649449, 25.303604126979703 ], [ 89.90266416673505, 25.300920482038183 ], [ 89.896636945842886, 25.295301437750474 ], [ 89.893562302805961, 25.291097639155286 ], [ 89.886703475388046, 25.286811828275972 ], [ 89.877456652388972, 25.283025739634798 ], [ 89.872199996314151, 25.282922746310316 ], [ 89.868133527390071, 25.284275051580774 ], [ 89.865287765764904, 25.285221093835997 ], [ 89.85888670482754, 25.286808010827645 ], [ 89.853584275103771, 25.288600914922402 ], [ 89.850456219388079, 25.289197919744588 ], [ 89.847999561739897, 25.289667123635549 ], [ 89.843742356013195, 25.289802554492613 ], [ 89.842727651262933, 25.289833063290036 ], [ 89.837715135101305, 25.291810983447391 ], [ 89.83890947655226, 25.296286769123459 ], [ 89.839988689960208, 25.30033111172229 ], [ 89.842773424431542, 25.308588027761449 ], [ 89.842933642879046, 25.314275744569656 ], [ 89.842775645653774, 25.314713478486702 ], [ 89.841445912231066, 25.318397524981673 ], [ 89.838180526477743, 25.322029115913477 ], [ 89.831916790566197, 25.325967783096793 ], [ 89.829452502989156, 25.329431530645262 ], [ 89.823158252817123, 25.343286516286899 ], [ 89.818290701350762, 25.359426493262927 ], [ 89.816848743684062, 25.365709306231391 ], [ 89.817166541490451, 25.369139989310096 ], [ 89.818580614671376, 25.384405136839103 ], [ 89.822257983709122, 25.39259719327163 ], [ 89.828948958203142, 25.399585720956981 ], [ 89.830612172141784, 25.404577251629103 ], [ 89.831367477115933, 25.410272592911411 ], [ 89.832122787089304, 25.416419985403756 ], [ 89.833412161000027, 25.420410156971837 ], [ 89.835182180724985, 25.425580977963335 ], [ 89.83704375183855, 25.430677416143212 ], [ 89.841239914961363, 25.438152310399207 ], [ 89.844940168319454, 25.445529932971173 ], [ 89.851127612670524, 25.45286369062811 ], [ 89.85585020480346, 25.459001539463799 ], [ 89.857521043664349, 25.463998791329075 ], [ 89.856974924474031, 25.467460263621092 ], [ 89.856117234474382, 25.472896572104826 ], [ 89.854400617403513, 25.478273389751894 ], [ 89.854868904560803, 25.481709246872889 ], [ 89.855583175716347, 25.486949914509335 ], [ 89.857063281870595, 25.495456696667766 ], [ 89.859512314577714, 25.505249025757088 ], [ 89.862518295093949, 25.512966157107599 ], [ 89.86325071619332, 25.519296646931625 ], [ 89.862781878963574, 25.520527135208326 ], [ 89.861137379771591, 25.524843212142468 ], [ 89.856239304313874, 25.533771516266661 ], [ 89.85761171245646, 25.536225827424101 ], [ 89.858428942261924, 25.537687300023133 ], [ 89.864028915013478, 25.540868758472357 ], [ 89.870124802977784, 25.544052121102062 ], [ 89.874771098561183, 25.553426740239804 ], [ 89.876266464112092, 25.561758039541072 ], [ 89.879203782554853, 25.572454455150936 ], [ 89.878348719909241, 25.574484243518651 ], [ 89.874229415104011, 25.584262843118935 ], [ 89.875071090603555, 25.587229029293045 ], [ 89.875335676235267, 25.588161468296782 ], [ 89.879074082860782, 25.594100949953379 ], [ 89.883239732164114, 25.61149024893767 ], [ 89.883124798619548, 25.616180790507041 ], [ 89.883087138172868, 25.617717740435008 ], [ 89.881149275497449, 25.627685542383354 ], [ 89.871940600730895, 25.650318141894328 ], [ 89.866210923300955, 25.660486219754564 ], [ 89.848030070137114, 25.686731338337772 ], [ 89.848917256691465, 25.690475142716757 ], [ 89.849296554721775, 25.692075728905579 ], [ 89.851989732806757, 25.696004862879811 ], [ 89.856529222609439, 25.701782222346473 ], [ 89.856498703797939, 25.711065295095072 ], [ 89.856484833475207, 25.711065026839883 ], [ 89.847137435533298, 25.710884091047411 ], [ 89.840263353258877, 25.710926052232399 ], [ 89.836105333392851, 25.713912965967193 ], [ 89.829833972548371, 25.725505823625806 ], [ 89.82732390221905, 25.734201429759864 ], [ 89.828044309299187, 25.736668598391265 ], [ 89.828514084815765, 25.738277431975529 ], [ 89.834144576360501, 25.744342801281306 ], [ 89.840957625581652, 25.75142669237076 ], [ 89.843406658743632, 25.757244114290113 ], [ 89.842473123916704, 25.76016433936142 ], [ 89.841888408848774, 25.761993408319324 ], [ 89.838310230653761, 25.769859316194356 ], [ 89.835212688718542, 25.780885692378593 ], [ 89.833473187772327, 25.787712097877563 ], [ 89.831062303748141, 25.800918583858298 ], [ 89.827285753378106, 25.808057786800966 ], [ 89.821479783968329, 25.808929440795023 ], [ 89.818878162257093, 25.813299178594519 ], [ 89.820733009976365, 25.815219902284614 ], [ 89.82295988512152, 25.817525866062912 ], [ 89.829849226782144, 25.825506209198732 ], [ 89.835227953027825, 25.833917612953414 ], [ 89.83507092630488, 25.838812445782004 ], [ 89.834762556585773, 25.848424914813695 ], [ 89.83486109522859, 25.849497317940514 ], [ 89.836181625133833, 25.863868710722034 ], [ 89.838348369206926, 25.868789675595366 ], [ 89.840522747753624, 25.873968121511201 ], [ 89.851005541531109, 25.886264799775724 ], [ 89.864715557325582, 25.899986267838436 ], [ 89.873992909101304, 25.909267421854455 ], [ 89.883468617585592, 25.926322932803732 ], [ 89.885177594715032, 25.929862977343014 ], [ 89.88757322475692, 25.934156413149381 ], [ 89.887069684612527, 25.938198084106759 ], [ 89.886957696032198, 25.93823346987018 ], [ 89.879524214277666, 25.940582271827839 ], [ 89.8688583227121, 25.939729694697395 ], [ 89.857543926952729, 25.936895369500455 ], [ 89.851242047336655, 25.937038419830991 ], [ 89.844657883630532, 25.936725617388849 ], [ 89.838211044502103, 25.938846588324001 ], [ 89.833976727649429, 25.940387722117862 ], [ 89.831214887036893, 25.943216321124051 ], [ 89.834071943195241, 25.945463277700849 ], [ 89.84110258474675, 25.950992586336746 ], [ 89.8450240891584, 25.951704021869844 ], [ 89.848358136518158, 25.952310560344944 ], [ 89.847544741216907, 25.957295097840959 ], [ 89.847419723749454, 25.958061213478253 ], [ 89.845245345189127, 25.96117591859279 ], [ 89.841384873363737, 25.963977811264286 ], [ 89.843903415859231, 25.96725532994893 ], [ 89.84476469436089, 25.968376159128425 ], [ 89.851165760289632, 25.968503950058352 ], [ 89.85932921102885, 25.965337751004228 ], [ 89.868186939146966, 25.966501232296903 ], [ 89.871551495740931, 25.972253799160566 ], [ 89.869651726938073, 25.974185579127806 ], [ 89.861816392437859, 25.982152938591856 ], [ 89.854850753769412, 25.988599777861491 ], [ 89.850105272306166, 25.990844727714695 ], [ 89.846755970086832, 25.997001653413307 ], [ 89.843460070989167, 26.001085285104235 ], [ 89.835205063860343, 26.003351215099759 ], [ 89.833761801921284, 25.996845714209194 ], [ 89.833679184511908, 25.996473315662797 ], [ 89.833801254256315, 25.991334916748759 ], [ 89.835218490390403, 25.987788683674751 ], [ 89.835517871325791, 25.987039567210804 ], [ 89.835227952770012, 25.982437130973381 ], [ 89.828178392647146, 25.980665207923391 ], [ 89.822425825905725, 25.982805250269106 ], [ 89.818664540391794, 25.985160827923654 ], [ 89.819200460143293, 25.989936852138765 ], [ 89.821281416451981, 26.008481979091897 ], [ 89.821066064386983, 26.011911356405452 ], [ 89.82095335460825, 26.01370620775382 ], [ 89.82112609426585, 26.015636767421288 ], [ 89.821495038005537, 26.019760130124698 ], [ 89.821081651298499, 26.020679567718563 ], [ 89.818321209085767, 26.026819229062337 ], [ 89.817428574514679, 26.030494684456951 ], [ 89.813133220063861, 26.034469606627844 ], [ 89.809768663464638, 26.028896335083548 ], [ 89.806220994537441, 26.023235319610691 ], [ 89.799041729313629, 26.014337539286483 ], [ 89.792282087748021, 26.013212201264899 ], [ 89.793457015945293, 26.018016816694235 ], [ 89.793959003986359, 26.018631519789629 ], [ 89.796752915482116, 26.022052766907386 ], [ 89.800056444046177, 26.024354931441398 ], [ 89.800483687192951, 26.02464866747377 ], [ 89.802185044401355, 26.02865409844059 ], [ 89.804695115160214, 26.032127379642603 ], [ 89.803381955250799, 26.035492800618883 ], [ 89.803298935451366, 26.035705567453554 ], [ 89.798255900501772, 26.033805848022634 ], [ 89.796165453417046, 26.02943420649321 ], [ 89.792243939441619, 26.03415489045674 ], [ 89.787521346846532, 26.034933089328351 ], [ 89.77854917800488, 26.031633377703454 ], [ 89.784973488850483, 26.039144245381138 ], [ 89.786285386038557, 26.040678026268502 ], [ 89.791122418892215, 26.041374202403148 ], [ 89.792854286685355, 26.041622156976942 ], [ 89.791542037107874, 26.045927047983071 ], [ 89.790980701550751, 26.046499471306667 ], [ 89.788162216093085, 26.049373627851111 ], [ 89.791278501899711, 26.051307551222003 ], [ 89.797019939667322, 26.054870606952647 ], [ 89.801216108249761, 26.054780959292316 ], [ 89.801994307094901, 26.059936520885966 ], [ 89.801618706193352, 26.062799337651953 ], [ 89.801368696763873, 26.064704896775325 ], [ 89.801353442357637, 26.069303510550739 ], [ 89.796073896946538, 26.076320648305643 ], [ 89.796776979813131, 26.080495447149495 ], [ 89.797454817236641, 26.084520344214116 ], [ 89.796432057104468, 26.083780549743498 ], [ 89.789802536114507, 26.078985211391288 ], [ 89.786125167061797, 26.082151410894198 ], [ 89.786326044049986, 26.087104226159369 ], [ 89.786491382600857, 26.091180800061984 ], [ 89.788825980051882, 26.097723007733062 ], [ 89.787982600703117, 26.100601281433676 ], [ 89.787513721805823, 26.10220146505203 ], [ 89.778900134039873, 26.102567675615798 ], [ 89.776069626362684, 26.102640150146396 ], [ 89.77129362609891, 26.102762220334551 ], [ 89.76503751920653, 26.108676909389164 ], [ 89.766461853738392, 26.112455783253125 ], [ 89.768875106693315, 26.11885833791403 ], [ 89.770545945554318, 26.123941419977367 ], [ 89.770016651067195, 26.12757778567838 ], [ 89.769943219546008, 26.128082277249188 ], [ 89.762680037826257, 26.134502414733777 ], [ 89.757209760161075, 26.140617369698912 ], [ 89.753089888551358, 26.149002077120251 ], [ 89.748199452568571, 26.152690888182626 ], [ 89.739150986721853, 26.154300689044906 ], [ 89.732604966724352, 26.152093887914262 ], [ 89.727996809836014, 26.152082440978468 ], [ 89.724060046013065, 26.153623579771988 ], [ 89.723808281159492, 26.159126280067731 ], [ 89.722724898887321, 26.161695484749597 ], [ 89.722473129041973, 26.162258143311313 ], [ 89.721740707930593, 26.162672040800413 ], [ 89.719146711145868, 26.162801745462655 ], [ 89.718276960452187, 26.162607195745014 ], [ 89.717758166366636, 26.161684032364164 ], [ 89.716194143296107, 26.153100968213618 ], [ 89.713935837825872, 26.149942393185992 ], [ 89.710678087447278, 26.14949607861924 ], [ 89.709686266567473, 26.149728772058044 ], [ 89.707679736383795, 26.151090620532038 ], [ 89.707687360857292, 26.151550290766647 ], [ 89.706665021630158, 26.15221977556731 ], [ 89.704582204450517, 26.156726837952121 ], [ 89.702629081935399, 26.158035278306716 ], [ 89.700546254311263, 26.159236908321965 ], [ 89.693359364578711, 26.16143607998001 ], [ 89.688697800013344, 26.164123536938199 ], [ 89.689971909078039, 26.168142318572411 ], [ 89.690493916036104, 26.168232901925553 ], [ 89.69332884444411, 26.166597365399298 ], [ 89.700515734041176, 26.164400099996872 ], [ 89.702598558877284, 26.163200377879033 ], [ 89.704551683942455, 26.161888121796874 ], [ 89.707649217858844, 26.156251906510022 ], [ 89.710647570040337, 26.154657363135211 ], [ 89.713905321310435, 26.155105590180664 ], [ 89.716163622299447, 26.158264159335484 ], [ 89.719108568223987, 26.167966842190875 ], [ 89.722694383622354, 26.166860579866402 ], [ 89.729919420195657, 26.170951842642609 ], [ 89.73188017464868, 26.175193785926204 ], [ 89.73746489104424, 26.176074981220378 ], [ 89.735069261327965, 26.178325652411193 ], [ 89.724624620468958, 26.179267882894841 ], [ 89.721900926630738, 26.178525924234176 ], [ 89.716461168355679, 26.174833297189036 ], [ 89.711357103599084, 26.174459456666163 ], [ 89.709106432000723, 26.175870894478336 ], [ 89.707382188882363, 26.178451537713656 ], [ 89.70505522374026, 26.186159133102706 ], [ 89.699722277026254, 26.190393446988683 ], [ 89.702445970864147, 26.192184447709852 ], [ 89.706695543467859, 26.189477920074474 ], [ 89.710235582475647, 26.189393996691273 ], [ 89.713073717292119, 26.188148498182574 ], [ 89.715606676172072, 26.189884185203038 ], [ 89.71890257488208, 26.190679549652689 ], [ 89.72098539926229, 26.192649840562783 ], [ 89.722961412510116, 26.198116302070986 ], [ 89.722343431243289, 26.201446532466239 ], [ 89.720420824219644, 26.203964232602281 ], [ 89.716491685899385, 26.20451736376473 ], [ 89.71910093876005, 26.207300185833319 ], [ 89.722129808531676, 26.206930159783919 ], [ 89.725479112579876, 26.207490920343933 ], [ 89.728065477251292, 26.20665359442712 ], [ 89.730522142148928, 26.207399367562182 ], [ 89.736175523572001, 26.212083815954916 ], [ 89.736145005971721, 26.216222762584565 ], [ 89.729255662464141, 26.218599319074912 ], [ 89.720390306606134, 26.21609115535075 ], [ 89.707977281889271, 26.21460342355579 ], [ 89.705146776472091, 26.215084075208043 ], [ 89.702445970822865, 26.217262267338558 ], [ 89.704475389863703, 26.220220565121593 ], [ 89.708007799475695, 26.218627929208811 ], [ 89.710464464376145, 26.21837806652216 ], [ 89.715118395080154, 26.220451354086013 ], [ 89.716621385629026, 26.229064940876505 ], [ 89.723098741170702, 26.232927321699822 ], [ 89.728210435771615, 26.23423957778116 ], [ 89.733680711634861, 26.23950576746768 ], [ 89.728492723489992, 26.24485015815187 ], [ 89.720634446848081, 26.247697829433722 ], [ 89.719932542650909, 26.250274657744878 ], [ 89.721458421852873, 26.253644942594104 ], [ 89.721351610271782, 26.256563185923234 ], [ 89.716323839044534, 26.259334563670073 ], [ 89.708572374432919, 26.258279800123471 ], [ 89.705940233368551, 26.260511397593305 ], [ 89.709770189492673, 26.271211623732505 ], [ 89.71391295051292, 26.272121429158769 ], [ 89.716484056388808, 26.270879745124713 ], [ 89.715797411001247, 26.265865325136598 ], [ 89.722282395956725, 26.260459899264831 ], [ 89.730148301543153, 26.259710311204756 ], [ 89.737205491804858, 26.261646270046423 ], [ 89.738388047635695, 26.263797759506804 ], [ 89.738609300178936, 26.267757415048425 ], [ 89.742385850522041, 26.272397994512879 ], [ 89.734161363199263, 26.28422927773515 ], [ 89.726058946259229, 26.289476394151464 ], [ 89.722030626204514, 26.294347762581889 ], [ 89.720443712253484, 26.298322676920421 ], [ 89.720672594193502, 26.303277968733401 ], [ 89.722831712552775, 26.306993483974519 ], [ 89.72524260105763, 26.309425353715021 ], [ 89.727760301143491, 26.308832168098686 ], [ 89.7247848376268, 26.299922942680674 ], [ 89.725868211287974, 26.297584533183191 ], [ 89.728431688214968, 26.296049117534096 ], [ 89.736755357249024, 26.29418945267577 ], [ 89.747299180274595, 26.296504973977239 ], [ 89.751007066048317, 26.292055129473283 ], [ 89.753837571014159, 26.290689467602235 ], [ 89.762039170118911, 26.289819717079041 ], [ 89.764083847950744, 26.29388427673673 ], [ 89.755851731230209, 26.307531356337773 ], [ 89.756629929825806, 26.323440551001912 ], [ 89.75862883082651, 26.323081969724818 ], [ 89.76692198271617, 26.318359374339 ], [ 89.773506149819084, 26.325078963754098 ], [ 89.782714829032869, 26.329032897359145 ], [ 89.785835251122336, 26.332157134446089 ], [ 89.786010727273236, 26.337114333271643 ], [ 89.784187301971244, 26.344472884693843 ], [ 89.784042343396152, 26.348682402922055 ], [ 89.785888656869915, 26.353445052761781 ], [ 89.795303329380118, 26.359331130734891 ], [ 89.808982833724784, 26.363605498625077 ], [ 89.814826949642125, 26.367761611513952 ], [ 89.817550643473538, 26.368261336437286 ], [ 89.825401290235064, 26.371875762486717 ], [ 89.822196944771193, 26.367357253396769 ], [ 89.817642196261815, 26.363660811876262 ], [ 89.816528304567868, 26.361974715720443 ], [ 89.816444381641872, 26.359289168818854 ], [ 89.818603500012074, 26.354436873659672 ], [ 89.820518478080956, 26.352727889308625 ], [ 89.82504270855695, 26.351644515629559 ], [ 89.828369124841927, 26.356517791072502 ], [ 89.826019271517694, 26.360330581031477 ], [ 89.832031234187355, 26.367923736343528 ], [ 89.832374556653249, 26.371074675650799 ], [ 89.829399093114617, 26.37815284679283 ], [ 89.830581648941362, 26.380590438020391 ], [ 89.832862838119269, 26.382381438742083 ], [ 89.835975630810239, 26.383285521782739 ], [ 89.839004500573054, 26.382507323591764 ], [ 89.845893843613283, 26.379020690303811 ], [ 89.850471480308371, 26.385284423275198 ], [ 89.85623167284669, 26.385299682072386 ], [ 89.860023481986786, 26.383285521783822 ], [ 89.862243635525743, 26.385715484062825 ], [ 89.858146650885402, 26.397233962398676 ], [ 89.855323774873881, 26.399532317441899 ], [ 89.851798994667519, 26.403991698806138 ], [ 89.851051314098086, 26.399038314454703 ], [ 89.849472029564637, 26.395606993967856 ], [ 89.845367415556083, 26.392082214136938 ], [ 89.835586531482207, 26.39145851092648 ], [ 89.832969649220274, 26.394739150456694 ], [ 89.832283004269797, 26.39772224389748 ], [ 89.834472640208503, 26.404531478632389 ], [ 89.83830259631911, 26.413541793243258 ], [ 89.841339095030733, 26.412523269226302 ], [ 89.849861128843017, 26.411468505229752 ], [ 89.854820235005207, 26.415458678365628 ], [ 89.852668745583756, 26.421066283970223 ], [ 89.854766829200457, 26.423501967735998 ], [ 89.858016951054992, 26.42580795217798 ], [ 89.860229475180645, 26.435295104416241 ], [ 89.86272428750263, 26.439361571536455 ], [ 89.866172773710886, 26.441665648966183 ], [ 89.874526960286289, 26.449655532548224 ], [ 89.874473554929011, 26.458520889038457 ], [ 89.875656110753368, 26.461132048968338 ], [ 89.875244123688418, 26.465215682347146 ], [ 89.87216184813883, 26.467048644535073 ], [ 89.867439253316604, 26.46731376601798 ], [ 89.866096479654558, 26.476011275742323 ], [ 89.857803327769162, 26.489021300798075 ], [ 89.860061628739743, 26.495540618392383 ], [ 89.860733015313201, 26.506376265793115 ], [ 89.858642561064116, 26.518465041549828 ], [ 89.859580976591673, 26.522304534178812 ], [ 89.866981489281073, 26.531696319162226 ], [ 89.867423994364785, 26.538518905232024 ], [ 89.866577131595278, 26.544410705141718 ], [ 89.869789106450085, 26.549518584474676 ], [ 89.869522077483467, 26.562002181488555 ], [ 89.870666486760442, 26.567066191892636 ], [ 89.87018583466066, 26.571502685061706 ], [ 89.866729719041174, 26.575784682799455 ], [ 89.867210371123804, 26.57910346932217 ], [ 89.875061017874771, 26.580736160139821 ], [ 89.882751447253753, 26.585460662539337 ], [ 89.879425031404097, 26.590436935085499 ], [ 89.877334577170245, 26.59593963612415 ], [ 89.877746564219663, 26.598791121879923 ], [ 89.880439740444871, 26.602386474208927 ], [ 89.881843549261347, 26.607566833051717 ], [ 89.882484418249305, 26.614267348746516 ], [ 89.876861554882453, 26.616180419392482 ], [ 89.867095930066441, 26.616367339427693 ], [ 89.864257795260812, 26.618434905505026 ], [ 89.862312299591636, 26.624629973889956 ], [ 89.862579328510989, 26.633310317355562 ], [ 89.866569501540994, 26.636775969911319 ], [ 89.87895200858857, 26.644727706502863 ], [ 89.881118756785582, 26.647512435584737 ], [ 89.881660443604218, 26.650716781130939 ], [ 89.8780441106273, 26.653081893297482 ], [ 89.873367292187154, 26.657838821200162 ], [ 89.873596174125225, 26.661972045444106 ], [ 89.87517545820954, 26.663883208629436 ], [ 89.875846845247395, 26.667440413965846 ], [ 89.874656659559122, 26.67217063874984 ], [ 89.874809247517561, 26.675025939429695 ], [ 89.876808148947092, 26.680433272763786 ], [ 89.876785260742309, 26.684745788095903 ], [ 89.866783124543929, 26.701566695647433 ], [ 89.864461825306265, 26.703350326911174 ], [ 89.865135178900871, 26.704524991690096 ], [ 89.864723190142925, 26.708925248285812 ], [ 89.864693182289201, 26.709123290576301 ], [ 89.86363218383903, 26.716125488821252 ], [ 89.864167579910244, 26.717709252394506 ], [ 89.86504361747599, 26.720300671902784 ], [ 89.86442134318051, 26.723869784154267 ], [ 89.863853434860744, 26.727127077401203 ], [ 89.864569757390726, 26.728163823333063 ], [ 89.867835981843143, 26.732891086202809 ], [ 89.873023970841174, 26.730558392422807 ], [ 89.87892149162488, 26.727621078898345 ], [ 89.886665324124493, 26.724073409886184 ], [ 89.894805890972648, 26.720273975575083 ], [ 89.902870155821347, 26.719533924977448 ], [ 89.911712629517211, 26.719539645723124 ], [ 89.926216108537858, 26.71847343701673 ], [ 89.936965921980615, 26.719142911370614 ], [ 89.940826398784395, 26.719007495516774 ], [ 89.945213299595025, 26.7188549015336 ], [ 89.948127728719385, 26.718914035846883 ], [ 89.952857955759356, 26.719007495520358 ], [ 89.963111853534755, 26.719030379845979 ], [ 89.972625711173606, 26.720571518642217 ], [ 89.989967322291008, 26.722623827064318 ], [ 89.999649022845688, 26.725885395423155 ], [ 90.007377605899947, 26.73018646070738 ], [ 90.011520361334675, 26.729635239083503 ], [ 90.018913248096226, 26.727844233724777 ], [ 90.024978617229834, 26.726373675732997 ], [ 90.039169288766317, 26.725572582544956 ], [ 90.050453160655223, 26.724882122607095 ], [ 90.055862405663206, 26.725709912137681 ], [ 90.060501076301094, 26.725166319988578 ], [ 90.072799662912416, 26.727930064393785 ], [ 90.082885717712117, 26.731010438253858 ], [ 90.090972876377563, 26.733325953909429 ], [ 90.100280741877427, 26.735578538241022 ], [ 90.119560221001578, 26.740896222034767 ], [ 90.133048985622793, 26.744846346608725 ], [ 90.143547033694233, 26.748205182103991 ], [ 90.151313754984869, 26.750692368605094 ], [ 90.166069004162651, 26.756284716569979 ], [ 90.178634614959833, 26.760841369620227 ], [ 90.193908663650959, 26.766357420593817 ], [ 90.193186786592761, 26.771478903057066 ], [ 90.192337010629487, 26.777507785697306 ], [ 90.190505953761914, 26.782981870927472 ], [ 90.188240023360279, 26.794206619291796 ], [ 90.187805150725865, 26.799880985433632 ], [ 90.188100123604812, 26.801007380493274 ], [ 90.189277627380051, 26.805503842637901 ], [ 90.192199676388469, 26.810155869085992 ], [ 90.197135894992044, 26.823057172103216 ], [ 90.199920629414549, 26.82878494136656 ], [ 90.209739654450317, 26.839338301207249 ], [ 90.220085113485254, 26.849447255212208 ], [ 90.229972811050487, 26.853389739862543 ], [ 90.2495803519204, 26.853670120241873 ], [ 90.258163421199214, 26.85274887514835 ], [ 90.267555203114583, 26.851112367958951 ], [ 90.273536655729487, 26.849809643352135 ], [ 90.282531708296375, 26.847852708345453 ], [ 90.295600859190913, 26.844205853026267 ], [ 90.306678739323218, 26.843950270723649 ], [ 90.316886873763167, 26.846565248160474 ], [ 90.346115077777384, 26.8678188310971 ], [ 90.347991913251022, 26.86949348246613 ], [ 90.348144497228546, 26.869630811602619 ], [ 90.350959745438843, 26.87213897369411 ], [ 90.353416407555258, 26.879627229073801 ], [ 90.354057277254995, 26.881587986100509 ], [ 90.35703274390427, 26.887056350591862 ], [ 90.35796353216405, 26.888494490609645 ], [ 90.360305749037849, 26.891784669033942 ], [ 90.369232144490098, 26.893739705325242 ], [ 90.385314900702767, 26.894914628571879 ], [ 90.396156279894541, 26.895999904153982 ], [ 90.399612387813832, 26.896272659598541 ], [ 90.40041347597159, 26.896337509655147 ], [ 90.404907192488281, 26.896692273286174 ], [ 90.41485591712717, 26.897584917880874 ], [ 90.42723080057462, 26.893815992376329 ], [ 90.44618221769079, 26.878532404935665 ], [ 90.459075890677937, 26.868095399113447 ], [ 90.468673669179097, 26.861581801515729 ], [ 90.480796777780441, 26.853588102271381 ], [ 90.488166770099099, 26.848731992459594 ], [ 90.505607567229376, 26.837646482428624 ], [ 90.519065817439596, 26.828655241543533 ], [ 90.533752398932705, 26.819152831036771 ], [ 90.543754536670008, 26.811910634776606 ], [ 90.553703261272119, 26.807556151386311 ], [ 90.558662374643021, 26.801410677627789 ], [ 90.564788771252267, 26.79663848973129 ], [ 90.568641623042652, 26.795255660670154 ], [ 90.5731811077233, 26.794509883882821 ], [ 90.574539143664524, 26.794481278818658 ], [ 90.57791133464552, 26.794408799292693 ], [ 90.585578874943721, 26.793167117284636 ], [ 90.591049152869459, 26.793790818897268 ], [ 90.593810992940305, 26.79410743380636 ], [ 90.606315565928938, 26.793132781053174 ], [ 90.622360188715859, 26.790214539408023 ], [ 90.635093642660394, 26.787256240756328 ], [ 90.641830395152567, 26.782215119432596 ], [ 90.653839067974488, 26.769857408581974 ], [ 90.658760022564636, 26.771062850617085 ], [ 90.661643932804168, 26.77177238242443 ], [ 90.667228655894917, 26.77420807401916 ], [ 90.674537610581595, 26.77629852169143 ], [ 90.684104870158833, 26.775806423942832 ], [ 90.687065072401666, 26.772970195015752 ], [ 90.698249763144162, 26.766813279330886 ], [ 90.704544013076173, 26.763572691574719 ], [ 90.716926525808162, 26.763122554564532 ], [ 90.721649113217595, 26.763458256337973 ], [ 90.727683968367216, 26.76309394951571 ], [ 90.729354802169738, 26.763322830495234 ], [ 90.733604383064318, 26.763904565991446 ], [ 90.738616889205218, 26.764879228702853 ], [ 90.741668647786355, 26.768621447891721 ], [ 90.745651194625196, 26.770574565450708 ], [ 90.751289315431137, 26.770202633704116 ], [ 90.767013490283489, 26.769075392425748 ], [ 90.769554084739497, 26.769157410165828 ], [ 90.776763863024357, 26.769393926079129 ], [ 90.791336004009992, 26.769689560418747 ], [ 90.806732116997836, 26.769544601385938 ], [ 90.822799623449569, 26.770755769636839 ], [ 90.841384824557935, 26.772184371484126 ], [ 90.8439025246809, 26.772296903471165 ], [ 90.852950990093575, 26.772699358592011 ], [ 90.87463372292909, 26.775012970557651 ], [ 90.875236448900409, 26.775077825614776 ], [ 90.886512695866571, 26.774648663749922 ], [ 90.90141289857354, 26.774080274025671 ], [ 90.917343075344618, 26.77591514888671 ], [ 90.931426940472946, 26.777536391716541 ], [ 90.949943474384369, 26.778676989180155 ], [ 90.959190306895422, 26.77924728768744 ], [ 90.96187584991705, 26.779603955051204 ], [ 90.965286184533468, 26.780057904550787 ], [ 90.980369499916904, 26.780786512800372 ], [ 90.991798330304775, 26.782920839431043 ], [ 90.996116568826224, 26.783287050004507 ], [ 90.996910027033181, 26.7833538037933 ], [ 91.000427172422803, 26.783651356846985 ], [ 91.004966666987229, 26.782627108879979 ], [ 91.018188401334143, 26.780815128407863 ], [ 91.035262987361946, 26.776247023467612 ], [ 91.045844961414957, 26.774391178075806 ], [ 91.050575178645019, 26.774551391996777 ], [ 91.052047654799139, 26.774600982208362 ], [ 91.058319015692646, 26.774812700072115 ], [ 91.061889573711298, 26.777654650207467 ], [ 91.079933090994089, 26.795824051413387 ], [ 91.093444748647642, 26.813766485812426 ], [ 91.10096732417486, 26.81511688237266 ], [ 91.110099711376705, 26.809537890104256 ], [ 91.121200484869803, 26.807508470590761 ], [ 91.134033119712953, 26.803775790097827 ], [ 91.148315351329032, 26.804306031624684 ], [ 91.156089697556268, 26.804821013733964 ], [ 91.184600743496347, 26.806705473858244 ], [ 91.206573399372161, 26.803968431310476 ], [ 91.221465972233062, 26.804132462280588 ], [ 91.241081146859415, 26.804172519798712 ], [ 91.253288171291956, 26.801507951752157 ], [ 91.26649465597184, 26.800201414723457 ], [ 91.280990509516897, 26.792057040255543 ], [ 91.293662925340939, 26.784063341485009 ], [ 91.299148457431727, 26.780334472985739 ], [ 91.314056294139732, 26.778503420674355 ], [ 91.331504725186093, 26.775611880854711 ], [ 91.340370077500268, 26.774806980231762 ], [ 91.345268147506147, 26.776927956187773 ], [ 91.35658253726163, 26.781646731470897 ], [ 91.363677879846591, 26.784606939141764 ], [ 91.376777538620928, 26.791322711212246 ], [ 91.383651625228026, 26.796623237352371 ], [ 91.388793835497054, 26.804441453333446 ], [ 91.393920796361854, 26.812608716748564 ], [ 91.402015579164299, 26.824964523931637 ], [ 91.406181223059505, 26.830242155739182 ], [ 91.412414435678116, 26.83065796483524 ], [ 91.424484139758007, 26.822921758813933 ], [ 91.440322764574702, 26.812522886749768 ], [ 91.445564156229537, 26.810127256663048 ], [ 91.4515379734801, 26.806938173308922 ], [ 91.458526500389127, 26.802848820449828 ], [ 91.471717720512018, 26.793050770659008 ], [ 91.482154730165661, 26.786827091211055 ], [ 91.49666583274589, 26.784795758000516 ], [ 91.514839049064577, 26.78784560859998 ], [ 91.53482042905857, 26.790822989230485 ], [ 91.564056270028303, 26.79486275161042 ], [ 91.594589104582568, 26.799730303532918 ], [ 91.60410295571279, 26.803512579774701 ], [ 91.615989547232758, 26.811729433893678 ], [ 91.627609114572763, 26.816247943287998 ], [ 91.629272328325598, 26.81615639190634 ], [ 91.636176923148625, 26.815774917432694 ], [ 91.657363749832783, 26.809993745610594 ], [ 91.683013773359676, 26.799627305699357 ], [ 91.690963601995662, 26.799964911243759 ], [ 91.700958103723835, 26.806716928105917 ], [ 91.705886692349566, 26.806671144940267 ], [ 91.707916111593747, 26.806709288673567 ], [ 91.713233795040438, 26.806812292033324 ], [ 91.722686618505506, 26.806346900662557 ], [ 91.730628817167585, 26.80739022055171 ], [ 91.76277908099064, 26.824241643373057 ], [ 91.778587176125768, 26.833555225044407 ], [ 91.805648637791009, 26.846836094500834 ], [ 91.821143935393565, 26.858497624362457 ], [ 91.835532976961673, 26.871139533183705 ], [ 91.857169934347908, 26.907032016590801 ], [ 91.861480537526248, 26.908767705138317 ], [ 91.86994154004887, 26.909009936846711 ], [ 91.881721320909847, 26.910257340149869 ], [ 91.884513674438494, 26.910598762681396 ], [ 91.88714581453516, 26.910921103800746 ], [ 91.891250431101966, 26.911153797271847 ], [ 91.892593202480825, 26.911230094274689 ], [ 91.900947389655656, 26.910831456248161 ], [ 91.912971315470543, 26.905040746191748 ], [ 91.927024655465061, 26.898263936444117 ], [ 91.945617484560344, 26.889528277985153 ], [ 91.957549858953982, 26.882385257659209 ], [ 91.963470268303837, 26.872213367808691 ], [ 91.973380847974269, 26.86514091826627 ], [ 91.976325795945712, 26.861543658609325 ], [ 91.982101245684689, 26.857517247087443 ], [ 91.989082137682388, 26.852861408225674 ], [ 91.997184554539245, 26.850008016676593 ], [ 91.99764994588233, 26.849842077028192 ], [ 92.002143661765686, 26.849063877743763 ], [ 92.006721294546665, 26.848270424061727 ], [ 92.020423688185176, 26.84563255787241 ], [ 92.032516270766678, 26.844528205544005 ], [ 92.048934731287204, 26.842082984919767 ], [ 92.058593541337544, 26.842588428888334 ], [ 92.064315582776629, 26.844690328020647 ], [ 92.074340603168778, 26.851242069460124 ], [ 92.079963468770543, 26.852170954089463 ], [ 92.085883882279035, 26.856626517155533 ], [ 92.092323085787072, 26.85548401651004 ], [ 92.100829856047213, 26.863109596576493 ], [ 92.102058191868011, 26.876382830948529 ], [ 92.105361715159745, 26.881910329347789 ], [ 92.111312647836584, 26.888319024973992 ], [ 92.111602565890749, 26.888622289215686 ], [ 92.111238015236907, 26.893877275271819 ], [ 92.11122109592327, 26.894121177307145 ], [ 92.111456190668562, 26.895788074050046 ], [ 92.112319722218288, 26.901910788225162 ], [ 92.117042318670471, 26.914018638053207 ], [ 92.120536584007368, 26.926918037410598 ], [ 92.119818732458768, 26.930020266367595 ], [ 92.118270653829398, 26.936710361510393 ], [ 92.11546303585034, 26.943874362051531 ], [ 92.11667859099866, 26.946292726229554 ], [ 92.120918047842224, 26.954727184199072 ], [ 92.119926462132611, 26.958452496518301 ], [ 92.116782922748726, 26.970262536507786 ], [ 92.112609639254501, 26.971168526720383 ], [ 92.107665791518031, 26.972242365308833 ], [ 92.105766072676616, 26.978569033856655 ], [ 92.10595120624069, 26.982405307398945 ], [ 92.106910485585786, 27.002283105827509 ], [ 92.106604245823249, 27.002373523998962 ], [ 92.100883266217878, 27.004062658747969 ], [ 92.091827172433085, 27.011547097044506 ], [ 92.083457731057294, 27.015172966710484 ], [ 92.082427761842425, 27.02733421915072 ], [ 92.080329680512065, 27.034427648899005 ], [ 92.074332974382912, 27.039989478016359 ], [ 92.06770302854099, 27.046800619072904 ], [ 92.057418613769897, 27.046760561970508 ], [ 92.048644808678688, 27.046575555373064 ], [ 92.045600679799165, 27.054998401062306 ], [ 92.037513527391738, 27.059431085122334 ], [ 92.039581216301286, 27.063916378325718 ], [ 92.039993078361675, 27.064809801989487 ], [ 92.038399332557745, 27.067075387061188 ], [ 92.036735328021194, 27.069440847826328 ], [ 92.031593113036749, 27.073205951292682 ], [ 92.032157682572915, 27.078406589548791 ], [ 92.03224161699589, 27.079179769233676 ], [ 92.031993146343822, 27.082885552937068 ], [ 92.031394750517137, 27.091810235565426 ], [ 92.02635935115137, 27.102800381744263 ], [ 92.026077062422814, 27.109569557128896 ], [ 92.026263456758699, 27.109833556813278 ], [ 92.032096652168519, 27.118095406231724 ], [ 92.034843237300649, 27.125013363168492 ], [ 92.038314609035126, 27.12716675622088 ], [ 92.040382171313851, 27.133079532031694 ], [ 92.039053738960732, 27.135046800401089 ], [ 92.034492281309923, 27.141801839469313 ], [ 92.032378940197901, 27.145364772871989 ], [ 92.028243810318273, 27.148889547983668 ], [ 92.027320651953787, 27.156999596248465 ], [ 92.027705844925265, 27.158941673860276 ], [ 92.029189857022885, 27.16642380609176 ], [ 92.039352201553399, 27.171428687996531 ], [ 92.044982697002069, 27.175971989991154 ], [ 92.055000087514003, 27.178987514349423 ], [ 92.060210969784293, 27.184236536133692 ], [ 92.061256192402197, 27.197719580069613 ], [ 92.066749353225234, 27.204238893944662 ], [ 92.070739524306148, 27.209566125991415 ], [ 92.073646327795544, 27.218286520235736 ], [ 92.073127425153004, 27.222527531682005 ], [ 92.072356954340819, 27.228824620689053 ], [ 92.070091024251766, 27.234113704849737 ], [ 92.069839254335506, 27.239606866955004 ], [ 92.065528656231962, 27.242315304468164 ], [ 92.061408780359656, 27.244209302670331 ], [ 92.056518340688342, 27.246456156210694 ], [ 92.053771754877303, 27.251276026025689 ], [ 92.044036653241463, 27.256484990655952 ], [ 92.043700956440347, 27.261360177346067 ], [ 92.044616895557041, 27.261843609999548 ], [ 92.052963042054429, 27.266248709351881 ], [ 92.074126972803398, 27.272022257045187 ], [ 92.082252283336516, 27.270479209601799 ], [ 92.087203756050116, 27.266698842189584 ], [ 92.099105611148744, 27.267675408370739 ], [ 92.105674514292758, 27.263742456991842 ], [ 92.1122663111219, 27.26762963031786 ], [ 92.116912615810222, 27.268215188254842 ], [ 92.119209054112517, 27.267911919490764 ], [ 92.120788346260881, 27.268976224490999 ], [ 92.123077160046904, 27.270517358314503 ], [ 92.123786696595928, 27.274902350534123 ], [ 92.123855358639631, 27.275321974218247 ], [ 92.124686960292593, 27.282194142494493 ], [ 92.124077444556306, 27.283176062398827 ], [ 92.121421580513882, 27.287454611577296 ], [ 92.111152420137074, 27.293651594184873 ], [ 92.106742631228286, 27.296087276252802 ], [ 92.08214546725911, 27.304964071199223 ], [ 92.071326983551444, 27.312953957902192 ], [ 92.062995690337672, 27.321893699350774 ], [ 92.063409670769289, 27.327114689220476 ], [ 92.064430018097852, 27.339982996555776 ], [ 92.063979069296977, 27.340487727803591 ], [ 92.061103600746065, 27.343706138853118 ], [ 92.052650232353173, 27.353004465940074 ], [ 92.050666591195167, 27.363079083687126 ], [ 92.050369047974158, 27.373994832099942 ], [ 92.050478366323958, 27.374301290899197 ], [ 92.05422951384692, 27.384817129985056 ], [ 92.058814783836752, 27.394847882150838 ], [ 92.057609756950711, 27.398030657888565 ], [ 92.057288906616947, 27.398878102354459 ], [ 92.051658411055328, 27.401290900087691 ], [ 92.046432274154796, 27.407581343323407 ], [ 92.047159419367048, 27.412387682459471 ], [ 92.048324363447875, 27.420087820764984 ], [ 92.047802438493434, 27.422620703129915 ], [ 92.04715706980906, 27.425752653255966 ], [ 92.043166898943113, 27.431266790912602 ], [ 92.037368555504642, 27.432224285494097 ], [ 92.028358239499539, 27.436361319772047 ], [ 92.023635652635605, 27.442401896444554 ], [ 92.021224758845648, 27.452825556620692 ], [ 92.021956285891349, 27.455229399882963 ], [ 92.024291781192971, 27.462903981881926 ], [ 92.023893387997774, 27.467436426375453 ], [ 92.023269436903448, 27.474534997834574 ], [ 92.018981717685804, 27.475725180422074 ], [ 92.015723967433175, 27.476627353180149 ], [ 92.009391570197621, 27.474672327275876 ], [ 92.001258639760167, 27.472162256814908 ], [ 91.99903085850103, 27.471265799743243 ], [ 91.990989479018168, 27.466543206953222 ], [ 91.986755162996971, 27.462461483938863 ], [ 91.983581339701757, 27.459772118210243 ], [ 91.977607522956518, 27.4598178913458 ], [ 91.975974828084091, 27.460206995766047 ], [ 91.969970497512165, 27.461639414983352 ], [ 91.959197797106015, 27.456260688484107 ], [ 91.953948776411821, 27.45569038949575 ], [ 91.95249155936547, 27.455659870684535 ], [ 91.943931375725995, 27.455476768269406 ], [ 91.936416430355138, 27.459817890942254 ], [ 91.927329822641198, 27.466211332022279 ], [ 91.913566390967318, 27.46608353051133 ], [ 91.90312175764511, 27.463148120611109 ], [ 91.895591542822743, 27.468124396829467 ], [ 91.876876643760752, 27.467725759016847 ], [ 91.867706109016126, 27.476972587166919 ], [ 91.853828251965169, 27.477474218012535 ], [ 91.844299131916358, 27.470668803004294 ], [ 91.833160221269566, 27.463914877371888 ], [ 91.822601142054168, 27.464839939395745 ], [ 91.814124884648066, 27.467540746955663 ], [ 91.793365306816369, 27.464174276810329 ], [ 91.778526138211959, 27.459491730985722 ], [ 91.767532181338211, 27.461406715181376 ], [ 91.761359997134704, 27.46829796025283 ], [ 91.754554583321834, 27.469226844774891 ], [ 91.746665792410738, 27.468858725417974 ], [ 91.738059835383922, 27.465230946874126 ], [ 91.724807578319485, 27.46536827635796 ], [ 91.718627769671571, 27.468648916084021 ], [ 91.71744521654783, 27.47801399702999 ], [ 91.7108991972773, 27.488100056675698 ], [ 91.704810939561014, 27.490530022550129 ], [ 91.694976646149215, 27.497793204352412 ], [ 91.688499294540762, 27.497455604256103 ], [ 91.684738004118898, 27.494934091467112 ], [ 91.67932112993924, 27.489475255583571 ], [ 91.672355497692848, 27.485879904584436 ], [ 91.66577896437731, 27.481601718119258 ], [ 91.65811142489359, 27.47804451538746 ], [ 91.652290191804752, 27.479799275720868 ], [ 91.651153416900826, 27.487079625268276 ], [ 91.649017187226946, 27.4940681529561 ], [ 91.643806304484841, 27.498733525491154 ], [ 91.63314041417847, 27.503170022010597 ], [ 91.625488138924553, 27.508398058091839 ], [ 91.620948649534739, 27.517494206033643 ], [ 91.614280554888595, 27.53673553751716 ], [ 91.610465856698653, 27.53881074023348 ], [ 91.606201031618554, 27.535913468674607 ], [ 91.599456645294282, 27.534666065865125 ], [ 91.596488808332239, 27.53892707913203 ], [ 91.58659348704694, 27.557451253865313 ], [ 91.571899271829551, 27.570184713869171 ], [ 91.567153790792062, 27.579364783276628 ], [ 91.569053586425412, 27.581332532967682 ], [ 91.581977705237037, 27.594718936655887 ], [ 91.58156335293144, 27.600053088725033 ], [ 91.581298682195936, 27.603460320997041 ], [ 91.568359232117714, 27.615144734979335 ], [ 91.56297288137128, 27.62864304280096 ], [ 91.564198473654514, 27.631192156310764 ], [ 91.571685649585049, 27.646764762556291 ], [ 91.59501633486353, 27.666984559480909 ], [ 91.595512244904668, 27.674217232562349 ], [ 91.597106786521167, 27.678411492073941 ], [ 91.603790135216698, 27.681732179346298 ], [ 91.60206203453869, 27.686638869789608 ], [ 91.601676794421493, 27.687732703594815 ], [ 91.603420816463043, 27.688419641999417 ], [ 91.607787935993429, 27.690139770686045 ], [ 91.615363924215814, 27.688068395460196 ], [ 91.61983475635094, 27.691154485547425 ], [ 91.621368259897537, 27.697155004822502 ], [ 91.629051058783034, 27.701133729519807 ], [ 91.628816445009605, 27.706786309607988 ], [ 91.628661959255751, 27.710508354125189 ], [ 91.628841458904915, 27.711019857308443 ], [ 91.634445038784634, 27.726987845024613 ], [ 91.634994351350883, 27.742170337914114 ], [ 91.641799775579102, 27.748289114955583 ], [ 91.645408476558742, 27.753166205402938 ], [ 91.645094461527094, 27.758562959856945 ], [ 91.644988858272242, 27.760377887886865 ], [ 91.636566013754177, 27.766757973317453 ], [ 91.63556655843712, 27.772603995307723 ], [ 91.635757067571561, 27.777042574378999 ], [ 91.635803068762627, 27.778114330541136 ], [ 91.635628823782227, 27.780720002777056 ], [ 91.635055388169818, 27.789295204007875 ], [ 91.633621060273214, 27.796028139387786 ], [ 91.624755708241608, 27.80349159710671 ], [ 91.620605318788733, 27.80645942940405 ], [ 91.604369965154035, 27.816080097546845 ], [ 91.589698644561508, 27.814004904695466 ], [ 91.583564608705416, 27.809150703553975 ], [ 91.57852158484296, 27.807945261487625 ], [ 91.571029518044654, 27.810564045878536 ], [ 91.566062780593271, 27.816661837689985 ], [ 91.561683510062011, 27.826580054417647 ], [ 91.55143724269881, 27.842117315404725 ], [ 91.549537513403038, 27.85082626720866 ], [ 91.550674287890473, 27.851222681706133 ], [ 91.558173989400302, 27.853837969063118 ], [ 91.564391946909495, 27.846956257195323 ], [ 91.570045326630662, 27.847993860882767 ], [ 91.575378273918119, 27.855979920267796 ], [ 91.582755900400088, 27.857254029869683 ], [ 91.590049600082764, 27.851474766713228 ], [ 91.59971603500756, 27.857311255127758 ], [ 91.604888769008653, 27.854549414942259 ], [ 91.612975921816343, 27.849235543221507 ], [ 91.620506136748659, 27.852127083615414 ], [ 91.627189485446806, 27.852924349399942 ], [ 91.632835235700355, 27.850805292236327 ], [ 91.633613434904134, 27.850715644582529 ], [ 91.637420498118615, 27.85028457944253 ], [ 91.647407380411693, 27.849346166739394 ], [ 91.659614404081054, 27.852272037982328 ], [ 91.667495565103479, 27.853454596202614 ], [ 91.674865561621488, 27.851909645003822 ], [ 91.685096573951881, 27.839338307621201 ], [ 91.694999534974386, 27.82431793745512 ], [ 91.699584797469669, 27.817298900992188 ], [ 91.707671950187517, 27.811981202263691 ], [ 91.714988543594785, 27.808458335906682 ], [ 91.726539443683336, 27.805656438326714 ], [ 91.75164014379871, 27.798488625517628 ], [ 91.763473341967057, 27.796421057351797 ], [ 91.776473824085627, 27.79636192860373 ], [ 91.784034552661652, 27.798168188435355 ], [ 91.793937503263663, 27.799745572311554 ], [ 91.804389776211536, 27.803329480887029 ], [ 91.809448054721869, 27.803991326344047 ], [ 91.815818605988568, 27.798082358527349 ], [ 91.820579346104168, 27.798467645546012 ], [ 91.829513360144617, 27.805440913937119 ], [ 91.8332441363263, 27.802640925025418 ], [ 91.834182554149095, 27.791740421472706 ], [ 91.836639216557785, 27.784030919599068 ], [ 91.838729673495621, 27.774961478425418 ], [ 91.85088329389103, 27.769775398136652 ], [ 91.854087641210072, 27.763301857547255 ], [ 91.856406973964752, 27.760108956723837 ], [ 91.858100701546718, 27.754371649259465 ], [ 91.862762256132527, 27.737318042040126 ], [ 91.865646171117376, 27.731964113280185 ], [ 91.869918631020269, 27.730896005877099 ], [ 91.875564381084558, 27.72948456179672 ], [ 91.878410147324317, 27.725486760320987 ], [ 91.880874439581291, 27.721023567862158 ], [ 91.883743095141213, 27.716850293079293 ], [ 91.893516345502817, 27.719238293812804 ], [ 91.912879748486816, 27.721372610162735 ], [ 91.913436686200754, 27.721302044368937 ], [ 91.920059002231909, 27.713144314237724 ], [ 91.923797408299208, 27.710073478617232 ], [ 91.939040935222422, 27.716543202381839 ], [ 91.95010355408759, 27.723653805392491 ], [ 91.954864298886903, 27.734498987606273 ], [ 91.960647373167021, 27.745641712877177 ], [ 91.966117650291864, 27.745941174712001 ], [ 91.97087076037495, 27.746404657910471 ], [ 91.97794320837761, 27.754869469436837 ], [ 91.984000946433412, 27.759695060537805 ], [ 91.988937164589331, 27.764953620977789 ], [ 92.000037926802847, 27.763385780517911 ], [ 92.005347990042807, 27.762413031535676 ], [ 92.015777369310896, 27.759662638361672 ], [ 92.025192043549865, 27.757034310365203 ], [ 92.028220907851264, 27.756187444008237 ], [ 92.042777787391898, 27.752120985601561 ], [ 92.051017528553132, 27.751953137313652 ], [ 92.053634414153464, 27.751899724224593 ], [ 92.060378799969783, 27.754028330168182 ], [ 92.072623976442571, 27.762777334143802 ], [ 92.089561225222113, 27.774683004485947 ], [ 92.104217295018714, 27.788263331176662 ], [ 92.124976866318136, 27.805492411570455 ], [ 92.143913020141468, 27.819335950112595 ], [ 92.161147817068013, 27.831880576035239 ], [ 92.175925951987949, 27.837778107177218 ], [ 92.194373825541348, 27.846908581673468 ], [ 92.205314368285315, 27.851917280644617 ], [ 92.215415685278529, 27.853832254622507 ], [ 92.23920413514368, 27.857475297839724 ], [ 92.251273833096505, 27.858343139997512 ], [ 92.260139189127116, 27.856983200378842 ], [ 92.268981651356725, 27.852735537881486 ], [ 92.272330957442193, 27.848745360897329 ], [ 92.276023580278007, 27.839427961908989 ], [ 92.282302575093041, 27.819953932447735 ], [ 92.289542871703901, 27.802314772383532 ], [ 92.29578371246582, 27.794498454779887 ], [ 92.31217927810745, 27.773956312575091 ], [ 92.320731821675167, 27.772947324122093 ], [ 92.333686533739126, 27.778257383651248 ], [ 92.35503357076918, 27.78534699629753 ], [ 92.368972468952521, 27.788318646316061 ], [ 92.374358823771971, 27.7879753251609 ], [ 92.379432370757812, 27.788339632075761 ], [ 92.382140807529183, 27.789054884668769 ], [ 92.384566950733728, 27.789697663176455 ], [ 92.387733153714379, 27.810247435159756 ], [ 92.402747793335834, 27.815134064042969 ], [ 92.41153685202967, 27.816745774238576 ], [ 92.418616929043324, 27.817697537808666 ], [ 92.427146588281033, 27.810703289041392 ], [ 92.432082806248658, 27.806653988676171 ], [ 92.442962321701586, 27.79920006971377 ], [ 92.448493625560346, 27.795406356222699 ], [ 92.459602026562791, 27.797864932857419 ], [ 92.464172033769813, 27.802192705022399 ], [ 92.470153474172392, 27.808242815064137 ], [ 92.471709871844581, 27.809824005894203 ], [ 92.481406823948362, 27.816141140702189 ], [ 92.487662928872766, 27.821790713927896 ], [ 92.489265099722815, 27.823242205096928 ], [ 92.497199666962217, 27.831415189852613 ], [ 92.501777299105754, 27.83384133885037 ], [ 92.506026879059661, 27.836095826996818 ], [ 92.519767409759254, 27.834802640839598 ], [ 92.526061657798493, 27.82972337633144 ], [ 92.531043653839532, 27.825702686040181 ], [ 92.539115551505844, 27.818893448790778 ], [ 92.548514960503184, 27.812023183973199 ], [ 92.558852787137326, 27.812831897292526 ], [ 92.560760135850543, 27.813644427463117 ], [ 92.561774845280141, 27.8140735789225 ], [ 92.565291994308936, 27.815570853326651 ], [ 92.569915403965354, 27.821880358129874 ], [ 92.580871210255708, 27.83633997379971 ], [ 92.590385064032077, 27.851400391280311 ], [ 92.609725569627955, 27.872051253666033 ], [ 92.625022502311481, 27.878995917240402 ], [ 92.636237708079946, 27.881805439634132 ], [ 92.65623434243119, 27.887475988766131 ], [ 92.673858236666646, 27.894626634512164 ], [ 92.678809713350418, 27.900487925586347 ], [ 92.691024373982046, 27.913970969811817 ], [ 92.705962715035781, 27.928297068034425 ], [ 92.718551215369075, 27.943767570649793 ], [ 92.734534789110114, 27.966417338783472 ], [ 92.737876464970213, 27.972431208814665 ], [ 92.744239374902278, 27.983913443435334 ], [ 92.742141537966475, 27.986144083351085 ], [ 92.738303707219259, 27.990224866744839 ], [ 92.732589290970623, 27.996000312380339 ], [ 92.726073791438623, 28.010885261671113 ], [ 92.714416077339692, 28.027837774118069 ], [ 92.700370364431521, 28.042955416225841 ], [ 92.686202591086669, 28.053192161334394 ], [ 92.667907303709995, 28.057399771104041 ], [ 92.666167803159951, 28.062339807825829 ], [ 92.66744549252968, 28.06455815043179 ], [ 92.672256058735385, 28.072910325980256 ], [ 92.678161206710541, 28.091342950035891 ], [ 92.685233652430398, 28.112670916478617 ], [ 92.692084842712077, 28.120464344573151 ], [ 92.700843386748957, 28.125396751614051 ], [ 92.709678222687671, 28.131223701978776 ], [ 92.726005123518377, 28.139627481694959 ], [ 92.741653001595282, 28.146196391116053 ], [ 92.76342728829205, 28.161542915514179 ], [ 92.782866978777378, 28.174783733318776 ], [ 92.78813888757314, 28.178373363221194 ], [ 92.804770954914773, 28.196868923906869 ], [ 92.812690262635783, 28.198715240886401 ], [ 92.821296217737938, 28.196231867062714 ], [ 92.823745819264104, 28.192952317643133 ], [ 92.824431897362288, 28.192033789716326 ], [ 92.82330851319702, 28.183218536069763 ], [ 92.822761064743034, 28.178922677465039 ], [ 92.826331612109129, 28.168506647249853 ], [ 92.832999704823038, 28.16608050350823 ], [ 92.84466504185184, 28.173934959804853 ], [ 92.852332589209084, 28.177396798848783 ], [ 92.900298569502667, 28.199165375301249 ], [ 92.910384614732465, 28.209795032480947 ], [ 92.918044526172622, 28.22958758639605 ], [ 92.927993256952846, 28.23714068216524 ], [ 92.946830220919793, 28.243204143336158 ], [ 92.960616531878699, 28.252882032190517 ], [ 92.969626840357549, 28.256353414957694 ], [ 92.979552676691668, 28.254148512394679 ], [ 92.991019656847044, 28.245838193979118 ], [ 92.9919046620155, 28.237003359494523 ], [ 92.995009822913829, 28.228921921350647 ], [ 92.999679015541176, 28.224746733384642 ], [ 93.005370542129327, 28.225273162586426 ], [ 93.014991200372876, 28.234352147776956 ], [ 93.025367168033071, 28.246784242314956 ], [ 93.038825416838762, 28.257619886751275 ], [ 93.037932777479455, 28.261318241016621 ], [ 93.037466051887364, 28.26260569614125 ], [ 93.030738255493162, 28.281164202163552 ], [ 93.027030373612405, 28.294471778165967 ], [ 93.028119812671179, 28.296477647467214 ], [ 93.028808026826681, 28.297744783088433 ], [ 93.037360568498329, 28.298227342925188 ], [ 93.051352876569766, 28.296985661804648 ], [ 93.066779501548368, 28.301443134074272 ], [ 93.077140215141654, 28.303754842627146 ], [ 93.092185376079982, 28.300706896785091 ], [ 93.095137942504508, 28.301008257394649 ], [ 93.100432744717509, 28.301549940999443 ], [ 93.117217399489789, 28.309991869195766 ], [ 93.129866930483303, 28.321271929489612 ], [ 93.134154647897546, 28.320962944657232 ], [ 93.141532266735865, 28.319347417402149 ], [ 93.160003029537918, 28.312913929861406 ], [ 93.184806177064104, 28.311620749349423 ], [ 93.198767960454788, 28.312429462990838 ], [ 93.211936285652882, 28.317657509651795 ], [ 93.224005979360598, 28.32810787170143 ], [ 93.224913877726138, 28.329891242188229 ], [ 93.227759637925345, 28.335462615157642 ], [ 93.226987129599877, 28.340105897914597 ], [ 93.224356933544755, 28.355915109909457 ], [ 93.224866278450065, 28.358711654761009 ], [ 93.227355276486492, 28.372377433304948 ], [ 93.236670765522874, 28.39515880488819 ], [ 93.235039362358705, 28.397362748154517 ], [ 93.231040276508367, 28.402765312833402 ], [ 93.221244135073931, 28.408140221863924 ], [ 93.209822939226441, 28.41377834262266 ], [ 93.195617010243325, 28.420541801311234 ], [ 93.186324418925992, 28.427280467135738 ], [ 93.187486331108502, 28.432511831597495 ], [ 93.187934218454345, 28.434528389717194 ], [ 93.195617009090128, 28.438688318724481 ], [ 93.206153200142367, 28.443523443842398 ], [ 93.212844170875428, 28.44676784890266 ], [ 93.218879022645979, 28.452709239574368 ], [ 93.227767259003897, 28.4648266229696 ], [ 93.234374312507668, 28.472494164437762 ], [ 93.240630415664057, 28.4772701650895 ], [ 93.259284269291413, 28.486080212308146 ], [ 93.268187765306791, 28.49143223320748 ], [ 93.274962667192412, 28.495672271208207 ], [ 93.281241654159516, 28.49935726554785 ], [ 93.284674880281713, 28.508333246816811 ], [ 93.287017100379884, 28.515768099684333 ], [ 93.294310795192786, 28.537977263997508 ], [ 93.302886233777102, 28.552164123977207 ], [ 93.310713988079939, 28.560834927916517 ], [ 93.309789658646338, 28.566005033098307 ], [ 93.308814264041587, 28.571460767292322 ], [ 93.303046440171883, 28.58664708204789 ], [ 93.304081946555755, 28.589974526360006 ], [ 93.305388665223532, 28.594173471310576 ], [ 93.311904162536038, 28.595603987144212 ], [ 93.316870897405281, 28.59837154879466 ], [ 93.321280684405934, 28.600116776166885 ], [ 93.32511064007609, 28.601631208804896 ], [ 93.333174905107626, 28.602905318713155 ], [ 93.335410314403319, 28.610246706011807 ], [ 93.336516579317362, 28.618104979531594 ], [ 93.337729644866215, 28.627155349427127 ], [ 93.342498017254883, 28.634792371604949 ], [ 93.347510530413217, 28.63475804056824 ], [ 93.356429280862741, 28.633514450206693 ], [ 93.36415021973265, 28.634883933965583 ], [ 93.367331681141394, 28.635450410137 ], [ 93.375266241242514, 28.639152572710778 ], [ 93.395247615201853, 28.644071634368363 ], [ 93.403655200971514, 28.645370532370361 ], [ 93.417395736796337, 28.647489594788933 ], [ 93.435370576104049, 28.65689855113423 ], [ 93.443045740611325, 28.664030130041404 ], [ 93.446890955306998, 28.667139104629143 ], [ 93.451239704326269, 28.670614299358693 ], [ 93.462294689188596, 28.662975364194459 ], [ 93.468077771397276, 28.651573239412663 ], [ 93.472251043758689, 28.646656087156952 ], [ 93.477370361792509, 28.647705133001669 ], [ 93.479689703284407, 28.648180058204357 ], [ 93.48100958442069, 28.656862313824124 ], [ 93.484717468323126, 28.669538553634997 ], [ 93.489142509511694, 28.674638799101995 ], [ 93.496665090627445, 28.678512627095309 ], [ 93.499236191803959, 28.678541237291693 ], [ 93.501059612974373, 28.678562222526221 ], [ 93.506415446906431, 28.67663007581913 ], [ 93.514731481175318, 28.674373684431977 ], [ 93.52392489574423, 28.66833501186953 ], [ 93.525679655561376, 28.660139138427212 ], [ 93.529929229263601, 28.655763680058676 ], [ 93.530470912311543, 28.655622538037264 ], [ 93.539275231899907, 28.653329906691862 ], [ 93.566687624438003, 28.654062329270896 ], [ 93.600363743736494, 28.65127950525018 ], [ 93.612364778361879, 28.650285781719408 ], [ 93.625449174128065, 28.652128281767524 ], [ 93.644217475032718, 28.656288211554916 ], [ 93.658995596748767, 28.661212989342317 ], [ 93.674788432295472, 28.666322774164186 ], [ 93.690863550902975, 28.673700402318403 ], [ 93.704985554467015, 28.674282143586602 ], [ 93.719153320305765, 28.678199836524016 ], [ 93.730368525921094, 28.68254668118437 ], [ 93.736899281208125, 28.683599539639882 ], [ 93.752638709050785, 28.677507469893811 ], [ 93.76654708663672, 28.668878628307098 ], [ 93.780432574570412, 28.662773202345505 ], [ 93.790533879796243, 28.665649483956535 ], [ 93.802611199525685, 28.674511025630956 ], [ 93.824042148977981, 28.68913466852208 ], [ 93.840826807490444, 28.698755343006631 ], [ 93.849287793662313, 28.701622085888566 ], [ 93.851851269892919, 28.701440887008296 ], [ 93.854933539758832, 28.701221544891652 ], [ 93.858702456971557, 28.70066840933309 ], [ 93.859190737292948, 28.700597838566019 ], [ 93.863127507731349, 28.700019910415438 ], [ 93.867941652193309, 28.698650437326741 ], [ 93.870528007307655, 28.697914199355708 ], [ 93.90927767263733, 28.670780265965568 ], [ 93.928396916807188, 28.665279465224167 ], [ 93.931227421829419, 28.665887912641153 ], [ 93.93967315331841, 28.671192251886698 ], [ 93.948652941973293, 28.683265770740444 ], [ 93.962118803109689, 28.698799220964016 ], [ 93.96546811076341, 28.70716866390455 ], [ 93.96772639845581, 28.712825857164731 ], [ 93.970747645008089, 28.717365347366965 ], [ 93.970624519027751, 28.723497856393333 ], [ 93.970350909183949, 28.737125483663057 ], [ 93.970429322764815, 28.737319106684701 ], [ 93.973761244327576, 28.745546426000931 ], [ 93.982901251924119, 28.753461920332249 ], [ 93.989775332217476, 28.756872260778056 ], [ 93.995642328230318, 28.759782878007002 ], [ 94.003370898163098, 28.765798657785137 ], [ 94.006712566738727, 28.769704907751855 ], [ 94.006933816521467, 28.778457729614438 ], [ 94.006737545283002, 28.778688465631525 ], [ 94.003729471480185, 28.782224746209902 ], [ 93.990622183548098, 28.792514888407979 ], [ 93.990856213848915, 28.798568355296965 ], [ 93.990950249057633, 28.801000680575491 ], [ 94.005377415605949, 28.814012617686728 ], [ 94.004439990272161, 28.81948645668222 ], [ 94.003431923550124, 28.825372786924458 ], [ 94.000372536647461, 28.835641949745565 ], [ 94.001881083221349, 28.836716065552565 ], [ 94.008307097989558, 28.84129151853061 ], [ 94.020262341841303, 28.845432376058795 ], [ 94.035513495394596, 28.847705932501714 ], [ 94.039656245785295, 28.855222793386478 ], [ 94.049482899434679, 28.868106934701789 ], [ 94.063620146885171, 28.881834124866163 ], [ 94.072050617601008, 28.890377137837053 ], [ 94.084372074240392, 28.900106531771385 ], [ 94.099684254250079, 28.909416292729698 ], [ 94.126020888765623, 28.924556831880484 ], [ 94.142050228618047, 28.934673406901201 ], [ 94.16071170573376, 28.94904909724341 ], [ 94.162512241655122, 28.953659158191506 ], [ 94.163946566036941, 28.968380082002934 ], [ 94.172407554943163, 28.975471603891876 ], [ 94.178587356036289, 28.986148943376826 ], [ 94.178052064116187, 28.991652279434955 ], [ 94.177481089553936, 28.997522463804259 ], [ 94.177636930040052, 29.001799201500361 ], [ 94.177648937107193, 29.002128712146913 ], [ 94.180937201282632, 29.014865984749623 ], [ 94.185186766644478, 29.022932164056627 ], [ 94.187185669569615, 29.026731598616141 ], [ 94.189871208998028, 29.031839478615499 ], [ 94.190756217855125, 29.033516033372987 ], [ 94.19777525488179, 29.043211095688953 ], [ 94.204779027243703, 29.054533117476939 ], [ 94.211592067364265, 29.063781849759419 ], [ 94.22052607553205, 29.078531379356107 ], [ 94.230551084910886, 29.084451790653446 ], [ 94.238935781445761, 29.090728873716429 ], [ 94.243940656193033, 29.094905966081434 ], [ 94.251699742853049, 29.102434274338993 ], [ 94.263563431564805, 29.111246226225493 ], [ 94.274793885424728, 29.121597408152383 ], [ 94.283476128977611, 29.12985241647003 ], [ 94.293668980334303, 29.142625934350015 ], [ 94.298292385736701, 29.144092680822574 ], [ 94.303526146377166, 29.14502346922243 ], [ 94.31339094257153, 29.145340085133331 ], [ 94.32439251737182, 29.14457524303926 ], [ 94.337248030796857, 29.144724015889043 ], [ 94.356062089942498, 29.144622927802939 ], [ 94.362829357418107, 29.146999486806227 ], [ 94.369588989572875, 29.151636250107202 ], [ 94.373548640688156, 29.160768638199716 ], [ 94.376028186504001, 29.176212444671748 ], [ 94.378248334001384, 29.184703958284217 ], [ 94.382848854740587, 29.188964972140067 ], [ 94.405515753575514, 29.199430595711359 ], [ 94.413213802008755, 29.203575270924322 ], [ 94.419874253240366, 29.207157272454896 ], [ 94.431753198985845, 29.218034883658113 ], [ 94.437192949944148, 29.221300264702329 ], [ 94.447484987775013, 29.219892639167234 ], [ 94.460653307002076, 29.21840681824467 ], [ 94.472913723962989, 29.216100837160383 ], [ 94.484655347306713, 29.213159695787951 ], [ 94.494405701381083, 29.21185317196111 ], [ 94.500402399752758, 29.211050175724271 ], [ 94.519941251524244, 29.211563261406241 ], [ 94.538961298969767, 29.213062436786068 ], [ 94.551702373475109, 29.217609553272638 ], [ 94.563817833655477, 29.223245772305354 ], [ 94.573339299562932, 29.235181962646887 ], [ 94.578038999035201, 29.2449380525503 ], [ 94.579427544053473, 29.259288943457186 ], [ 94.579900562754489, 29.269579091791279 ], [ 94.583791541504951, 29.275188603491184 ], [ 94.589864536139743, 29.277101669850232 ], [ 94.593656339236432, 29.279771959219527 ], [ 94.594999103617724, 29.280716098383913 ], [ 94.599927689740923, 29.284256138631417 ], [ 94.611425164390226, 29.291406785489553 ], [ 94.616765738483593, 29.295578167000418 ], [ 94.625074128708064, 29.30723588060976 ], [ 94.627195099423389, 29.316982432005418 ], [ 94.629834862524135, 29.331251309907802 ], [ 94.629743382065584, 29.337485370533678 ], [ 94.629705161333632, 29.340089962006473 ], [ 94.629754032232583, 29.340121574879031 ], [ 94.634328564848161, 29.343080688879517 ], [ 94.647626581498272, 29.34139840521086 ], [ 94.672063495944471, 29.326194935136915 ], [ 94.683301577586661, 29.322244817002179 ], [ 94.687642694086563, 29.318184064679915 ], [ 94.700643164191675, 29.308286835077169 ], [ 94.707242582010295, 29.304102119600365 ], [ 94.710439290459007, 29.302076507912641 ], [ 94.717031073600666, 29.298654726931002 ], [ 94.742505589973391, 29.27622049762493 ], [ 94.743344820717368, 29.275079900743716 ], [ 94.754064105221886, 29.260442909927839 ], [ 94.77230595822158, 29.246929349518552 ], [ 94.783124423002405, 29.235210600926081 ], [ 94.788487882913358, 29.22727603155904 ], [ 94.79652161636956, 29.220249356139412 ], [ 94.801061105041441, 29.212766832427938 ], [ 94.803033104672835, 29.205804142327221 ], [ 94.80354065421362, 29.204012097568359 ], [ 94.80212159122226, 29.189480012070963 ], [ 94.798497634713371, 29.174541654127676 ], [ 94.798481912793235, 29.170060419614568 ], [ 94.798459498403659, 29.163671673654864 ], [ 94.803502515867478, 29.158531377060136 ], [ 94.815015253636503, 29.160618013473758 ], [ 94.82580319584774, 29.164867586518845 ], [ 94.838139908105831, 29.170648765437651 ], [ 94.852116932250198, 29.176885792857323 ], [ 94.857968664347496, 29.17761058996442 ], [ 94.877301517237242, 29.178163723290663 ], [ 94.886670394160163, 29.175642212362543 ], [ 94.898083946926477, 29.16986676324122 ], [ 94.912381410509141, 29.160309038296873 ], [ 94.924206950162556, 29.156070910641812 ], [ 94.932217802010612, 29.156517231496608 ], [ 94.943623728391245, 29.154710973963198 ], [ 94.962231779884618, 29.154077731698038 ], [ 94.973034990732998, 29.153442589905648 ], [ 94.976323244945831, 29.149925445127064 ], [ 94.986905200934203, 29.143600672608748 ], [ 94.99184141141842, 29.140356273556527 ], [ 95.000371057699567, 29.13457319414638 ], [ 95.01024347774937, 29.129335615866591 ], [ 95.016400386914384, 29.126983856192201 ], [ 95.028012304157912, 29.124180057123841 ], [ 95.030896208088294, 29.127155519501681 ], [ 95.028062074176347, 29.130752244813589 ], [ 95.023495703986669, 29.13654730579325 ], [ 95.015698476824483, 29.145483234235225 ], [ 95.00953393689224, 29.151350235497087 ], [ 94.997296409467467, 29.159485079536974 ], [ 94.992062650454386, 29.167244170976382 ], [ 94.996539432976917, 29.167017168151045 ], [ 95.002858226412044, 29.166696763153919 ], [ 95.010258728489433, 29.164163805082804 ], [ 95.016217276102594, 29.160732485968921 ], [ 95.02557089804985, 29.154772020130871 ], [ 95.034512531448669, 29.150886756582082 ], [ 95.044987666249597, 29.146003947083237 ], [ 95.059582668172439, 29.143644554427009 ], [ 95.070782596251448, 29.141466360254267 ], [ 95.083325293528219, 29.139106977277773 ], [ 95.103573668876464, 29.137283558393811 ], [ 95.107678273125757, 29.133577579823434 ], [ 95.114033555651332, 29.122465363786198 ], [ 95.118641695501211, 29.114614720893847 ], [ 95.126492328728091, 29.109861605675942 ], [ 95.126858538127479, 29.109642263414074 ], [ 95.134037783404452, 29.109441988806939 ], [ 95.150997894523215, 29.10897278802301 ], [ 95.15993952619371, 29.106699234690399 ], [ 95.182545371274273, 29.101873637751495 ], [ 95.201649336558219, 29.100849403375946 ], [ 95.221691706953351, 29.101711528058907 ], [ 95.245426706117598, 29.103916425185076 ], [ 95.254495883976062, 29.103171893611762 ], [ 95.25569584546146, 29.103073383264704 ], [ 95.253589994541898, 29.091441674064562 ], [ 95.252773797654811, 29.08693339507753 ], [ 95.255388582234573, 29.080892425758034 ], [ 95.256252794003728, 29.078895826768097 ], [ 95.254790314702319, 29.070875407821756 ], [ 95.254574337100976, 29.069690959088547 ], [ 95.25496343796749, 29.061659111359472 ], [ 95.262333415742575, 29.055055876875077 ], [ 95.271366597971749, 29.050707126315256 ], [ 95.277195447706134, 29.051668429169119 ], [ 95.282680967408666, 29.052576324287163 ], [ 95.291004617171041, 29.055259966010517 ], [ 95.30229609227861, 29.056215549251981 ], [ 95.307545101784086, 29.055937083682387 ], [ 95.313488383022019, 29.052311215035143 ], [ 95.323017483667542, 29.048046381106769 ], [ 95.331165652008863, 29.045727049600121 ], [ 95.332386355635506, 29.045381814870513 ], [ 95.335850090231204, 29.044395715851074 ], [ 95.350200947920143, 29.039028439222768 ], [ 95.378528826982802, 29.034153268389527 ], [ 95.389293874282089, 29.030876438281787 ], [ 95.391727646800362, 29.030451104367074 ], [ 95.394527628989451, 29.02996091547443 ], [ 95.404583145528932, 29.028202339763748 ], [ 95.414745477747573, 29.026907257255193 ], [ 95.421123632243336, 29.030948929775814 ], [ 95.424556851707194, 29.033026037086305 ], [ 95.426166648658153, 29.033994964057463 ], [ 95.433971502533254, 29.034056009982706 ], [ 95.443302226575, 29.02995520549732 ], [ 95.452022603478426, 29.028751673666676 ], [ 95.458911927344261, 29.029718698109431 ], [ 95.463863391278224, 29.03583747690568 ], [ 95.469470975361858, 29.047361673786398 ], [ 95.473468764951235, 29.052044215133147 ], [ 95.478664367840153, 29.05869132677573 ], [ 95.48762888226301, 29.063890765118877 ], [ 95.490535667652793, 29.069021529992913 ], [ 95.493785780536427, 29.082537002711661 ], [ 95.496662047313663, 29.102012947389401 ], [ 95.496639158136674, 29.116541215428128 ], [ 95.501132857293726, 29.133207633232722 ], [ 95.508350240842702, 29.135883645072614 ], [ 95.518611752781155, 29.131786659989874 ], [ 95.532558243255323, 29.127569519347738 ], [ 95.54302574595792, 29.123377165493824 ], [ 95.551540130499504, 29.12144120806283 ], [ 95.551461612916199, 29.127974044706118 ], [ 95.551334132942571, 29.138580646153425 ], [ 95.551353947273228, 29.138785417382916 ], [ 95.551875813361193, 29.144178715670961 ], [ 95.551689512688455, 29.149337963037873 ], [ 95.551608786794262, 29.151573511171133 ], [ 95.551151023244188, 29.16095384678723 ], [ 95.550197339263434, 29.173500386917556 ], [ 95.546489455718316, 29.189941734252045 ], [ 95.542125456641372, 29.201235144089491 ], [ 95.542614889201133, 29.206375900478758 ], [ 95.542674771453122, 29.207004874459638 ], [ 95.549991335341886, 29.208595605773297 ], [ 95.56531874457265, 29.209513041792526 ], [ 95.575091979440941, 29.209925033007014 ], [ 95.584666837527877, 29.210329394263447 ], [ 95.588626479023318, 29.210718489714907 ], [ 95.590732189550749, 29.210926390641578 ], [ 95.590639015840779, 29.217478024817503 ], [ 95.590587232199709, 29.221119266957732 ], [ 95.590623474454205, 29.221371817119824 ], [ 95.592631889735728, 29.235367160179898 ], [ 95.598056375048472, 29.247249947854637 ], [ 95.60376313967565, 29.254892692738256 ], [ 95.610148922436423, 29.255489694676239 ], [ 95.625636551537141, 29.247921338523113 ], [ 95.636203238649088, 29.241997113758284 ], [ 95.643001009004493, 29.242781035640956 ], [ 95.647876174108433, 29.24897229871031 ], [ 95.657275556574547, 29.253435494321948 ], [ 95.665225361099445, 29.258169536286129 ], [ 95.678233443995779, 29.264051802024305 ], [ 95.688159253120091, 29.270216355168351 ], [ 95.697283974611906, 29.279459373830829 ], [ 95.702380393753856, 29.287544621249236 ], [ 95.706965640000476, 29.293384916184735 ], [ 95.711390681716324, 29.293630968467717 ], [ 95.720217865199785, 29.291237249880862 ], [ 95.73208916130848, 29.295400994090731 ], [ 95.748568595417566, 29.309191134984214 ], [ 95.750521706642743, 29.322082905512726 ], [ 95.770220736733009, 29.337564861542965 ], [ 95.778101875970137, 29.344820416117585 ], [ 95.782771048754157, 29.349386614398234 ], [ 95.788233679572485, 29.34935990921042 ], [ 95.792078883512772, 29.340311443865932 ], [ 95.796107194818788, 29.330816668986799 ], [ 95.801554566824606, 29.329243109192593 ], [ 95.807658058403533, 29.33226816360132 ], [ 95.824351116521342, 29.344965389299443 ], [ 95.827303683710582, 29.346395900799834 ], [ 95.831896560708856, 29.348612242080929 ], [ 95.845377662193386, 29.346626700985414 ], [ 95.853350347233985, 29.351536216155697 ], [ 95.864039083323092, 29.360393948665859 ], [ 95.880373557014622, 29.378490876727355 ], [ 95.885988767582788, 29.384409384859097 ], [ 95.894449743178171, 29.384254890247096 ], [ 95.914705716193055, 29.380951367416721 ], [ 95.940431947260706, 29.377058476064128 ], [ 95.96215275926177, 29.375452494235329 ], [ 95.970964675988469, 29.380159841793283 ], [ 95.983041957169391, 29.393232809300375 ], [ 95.992281114441482, 29.39965104196105 ], [ 95.998300681967805, 29.4032311307346 ], [ 96.007593253210302, 29.404848569764344 ], [ 96.019640016597606, 29.414131637604978 ], [ 96.030694961027748, 29.426214693791874 ], [ 96.039873087804565, 29.435791501309676 ], [ 96.049226683017352, 29.443283572850365 ], [ 96.060762283034677, 29.451218142318837 ], [ 96.073365992839456, 29.454714317079695 ], [ 96.085771337347111, 29.456137207679372 ], [ 96.092347857268976, 29.4543710026404 ], [ 96.097963070021336, 29.449175390320324 ], [ 96.106286713240607, 29.438015494374461 ], [ 96.118241936551669, 29.420136009654993 ], [ 96.128953569688747, 29.410208263047849 ], [ 96.135270681094056, 29.406115090236639 ], [ 96.144189415213404, 29.400332017531522 ], [ 96.154916301037872, 29.391754672599326 ], [ 96.162652486896846, 29.375540299194437 ], [ 96.168649168537755, 29.369082024844676 ], [ 96.180047446666606, 29.356886439721254 ], [ 96.18509045619426, 29.347824629371782 ], [ 96.189805162259546, 29.338200961438375 ], [ 96.19050731527571, 29.336767725757603 ], [ 96.189835937338799, 29.33136802319402 ], [ 96.18815506822493, 29.307649704461717 ], [ 96.18771498587823, 29.30143981661438 ], [ 96.193009771889436, 29.296791603897379 ], [ 96.20781074064449, 29.285736622593788 ], [ 96.214577994794837, 29.266916809463385 ], [ 96.230653069067017, 29.251795354882695 ], [ 96.238579990773147, 29.235390253888237 ], [ 96.247933595640433, 29.227005550017083 ], [ 96.255212002234401, 29.225123005992238 ], [ 96.270074003755937, 29.228401738103923 ], [ 96.287140885304098, 29.227144803405785 ], [ 96.297326082267972, 29.227587315084328 ], [ 96.308701459531093, 29.241095157088377 ], [ 96.309807710191933, 29.242405507162285 ], [ 96.316979304882508, 29.250925638493783 ], [ 96.324532376139416, 29.25346241892024 ], [ 96.349709263859836, 29.259142511640825 ], [ 96.35511847750368, 29.263683912867037 ], [ 96.362770719202899, 29.273350358204347 ], [ 96.36756195522716, 29.277439713401321 ], [ 96.373436565654302, 29.278099667088259 ], [ 96.379372210241087, 29.275513302074966 ], [ 96.386475145663908, 29.26812613881323 ], [ 96.391853855768872, 29.255531918916748 ], [ 96.396453346402396, 29.249082238421899 ], [ 96.397102853178325, 29.248171461206866 ], [ 96.396027121876671, 29.237816467354016 ], [ 96.391945424781881, 29.225327145460319 ], [ 96.384438135501341, 29.218193659549279 ], [ 96.375572826917605, 29.209633474902684 ], [ 96.370499301842926, 29.199049593387837 ], [ 96.367180538837147, 29.189970611529553 ], [ 96.364754405898253, 29.181015603978082 ], [ 96.362625819468505, 29.173157334138136 ], [ 96.350456996728866, 29.162554367844866 ], [ 96.336655480646954, 29.161074260847993 ], [ 96.311760876050101, 29.159981345133406 ], [ 96.294716883531436, 29.153751937635004 ], [ 96.276604779175642, 29.15231378987772 ], [ 96.270844611704561, 29.152735309598324 ], [ 96.264359646712947, 29.151804519135307 ], [ 96.259659965695576, 29.145813535857432 ], [ 96.253037683160287, 29.141819543985907 ], [ 96.242219247881309, 29.140032356781507 ], [ 96.235123939202182, 29.138672414219741 ], [ 96.231904350510831, 29.138054432532755 ], [ 96.221635224248885, 29.12977081525489 ], [ 96.219201463309332, 29.12492232912566 ], [ 96.212785180404012, 29.112358617930205 ], [ 96.2115415857876, 29.110230016916951 ], [ 96.209107824390927, 29.106071995783765 ], [ 96.204385255122602, 29.097549966461397 ], [ 96.189668218701115, 29.086241285429935 ], [ 96.173547370750072, 29.079262289564848 ], [ 96.159555121695291, 29.077316786709368 ], [ 96.128267096303475, 29.072371017678105 ], [ 96.125744483622952, 29.071570532725943 ], [ 96.11857780446519, 29.069296375943836 ], [ 96.129228404444675, 29.062950629665092 ], [ 96.140718232700451, 29.056108973902855 ], [ 96.14946148574559, 29.048800011539008 ], [ 96.154351904975911, 29.044712563897843 ], [ 96.164735480869965, 29.028023266236129 ], [ 96.169068975644876, 29.011574294763189 ], [ 96.1726776618885, 29.004318743237416 ], [ 96.1793991388964, 28.99487737217089 ], [ 96.184014904816578, 28.990784198705363 ], [ 96.188354031852285, 28.980069942173351 ], [ 96.188600165018073, 28.979462182636247 ], [ 96.188272105524192, 28.969097647097438 ], [ 96.184159884185163, 28.959845090612713 ], [ 96.165895189780969, 28.950993085862244 ], [ 96.158868542564889, 28.946911350126602 ], [ 96.15773940646072, 28.93780758173116 ], [ 96.15400864570509, 28.934418215903726 ], [ 96.152129170952406, 28.932335848734958 ], [ 96.148919864770932, 28.928780092594693 ], [ 96.158967737253093, 28.919577136863779 ], [ 96.166589473563207, 28.91328098018775 ], [ 96.169160580663117, 28.905230066673937 ], [ 96.170091359026273, 28.897104763855488 ], [ 96.17856759077759, 28.89561130449697 ], [ 96.18954624344056, 28.903151058711309 ], [ 96.208200031337725, 28.910286466472492 ], [ 96.219018472094049, 28.914417784354477 ], [ 96.231713729601921, 28.920435471856564 ], [ 96.251878126554359, 28.933945233405314 ], [ 96.258225750543886, 28.948072969533886 ], [ 96.25926334916501, 28.950384673721565 ], [ 96.264260576976127, 28.956286014411134 ], [ 96.271828902410093, 28.962437212235962 ], [ 96.285531230227662, 28.974834986239305 ], [ 96.290261428159141, 28.983173922870492 ], [ 96.293839599643064, 28.986546110655777 ], [ 96.297387251986834, 28.989885875903234 ], [ 96.301781768266508, 28.991980147375703 ], [ 96.304764841668998, 28.993399222255732 ], [ 96.312813816544548, 28.996738994303577 ], [ 96.325219152704918, 29.003916351411476 ], [ 96.340989042620649, 29.015665622236057 ], [ 96.350434182865385, 29.023411368036026 ], [ 96.361138180378532, 29.025368317575051 ], [ 96.372444896870419, 29.026064508229947 ], [ 96.392655071649543, 29.025210020488974 ], [ 96.408081640058029, 29.026398306431936 ], [ 96.42453816711523, 29.028017648082407 ], [ 96.439430673556856, 29.028576511087334 ], [ 96.453461064619177, 29.033285759111472 ], [ 96.4625476249592, 29.036793380814355 ], [ 96.470260908579945, 29.045002608939686 ], [ 96.480835196037233, 29.05110040592329 ], [ 96.495300455350758, 29.056799576571493 ], [ 96.503997920994578, 29.061840702207714 ], [ 96.511848530406795, 29.064720803933209 ], [ 96.522300747825767, 29.069380460430775 ], [ 96.525243499805597, 29.069747454491058 ], [ 96.528877250151027, 29.070200623566823 ], [ 96.515327529208307, 29.043490100308851 ], [ 96.509010426805943, 29.032742191621622 ], [ 96.502388147594544, 29.022177381059556 ], [ 96.496360966783939, 29.01116244326991 ], [ 96.492111421495636, 29.001284276334598 ], [ 96.487755057903399, 28.996143971810117 ], [ 96.48223471187795, 28.98704608069173 ], [ 96.480888644343338, 28.984827673159081 ], [ 96.485008509844107, 28.971884404815707 ], [ 96.487762702908441, 28.963553101107106 ], [ 96.490936521745482, 28.956028617032182 ], [ 96.496635660772668, 28.952990210764835 ], [ 96.504142947001853, 28.954352057693953 ], [ 96.516761902782235, 28.960961025329919 ], [ 96.522216894892438, 28.961626700186745 ], [ 96.524589623063591, 28.955826452474756 ], [ 96.525985807309596, 28.946068454524212 ], [ 96.527000516983861, 28.938568757094224 ], [ 96.533607545276567, 28.927488974934629 ], [ 96.538734481785198, 28.920489002101107 ], [ 96.541185372223111, 28.913648104888249 ], [ 96.5419769585246, 28.911438638116469 ], [ 96.540062000565712, 28.90009372654059 ], [ 96.539499549019013, 28.891299283585628 ], [ 96.539260924100759, 28.887568165958609 ], [ 96.540596073138488, 28.874481851023479 ], [ 96.549987821706253, 28.864813499374701 ], [ 96.556274414671165, 28.853373223129228 ], [ 96.562828037387206, 28.846174898314118 ], [ 96.565887421464936, 28.838198363415163 ], [ 96.569999642291236, 28.832110106196893 ], [ 96.578842076274441, 28.820637408618971 ], [ 96.587196230161354, 28.811611839618198 ], [ 96.598068069720597, 28.805260373762742 ], [ 96.606712136155124, 28.794420915999829 ], [ 96.611221094261609, 28.788054182340545 ], [ 96.614066847652566, 28.779993725434373 ], [ 96.618526786485702, 28.769163434940886 ], [ 96.618804683915513, 28.768488603453822 ], [ 96.618278266502813, 28.754700375228765 ], [ 96.616355670496134, 28.749668791237795 ], [ 96.612167161510413, 28.743233391414424 ], [ 96.600860460161513, 28.727860160229749 ], [ 96.588622980642128, 28.711411175769356 ], [ 96.575012215642005, 28.704546620212426 ], [ 96.562683175466319, 28.701712294186695 ], [ 96.54608168768695, 28.701531092648242 ], [ 96.534942822349592, 28.701410921211849 ], [ 96.525070436423832, 28.698912288210007 ], [ 96.510727247202951, 28.691054008351777 ], [ 96.50109136861478, 28.682507173889341 ], [ 96.493256022831602, 28.678444518638813 ], [ 96.487007574778076, 28.678246153750326 ], [ 96.475658353576492, 28.678195649035587 ], [ 96.475433836474139, 28.67819464984683 ], [ 96.473236585651591, 28.674521096970938 ], [ 96.477661612896881, 28.6694284727594 ], [ 96.481049052073274, 28.66280615658501 ], [ 96.48657271748425, 28.655167232748529 ], [ 96.489441354817075, 28.648644097227223 ], [ 96.493729059770487, 28.640566477738719 ], [ 96.496726506668281, 28.635312338254799 ], [ 96.497719222359123, 28.633572235495532 ], [ 96.496620594473484, 28.627995140592201 ], [ 96.491409747284465, 28.624466550482332 ], [ 96.486801617603859, 28.621348031146773 ], [ 96.475426245677056, 28.612280487732328 ], [ 96.460785512246261, 28.603693604346876 ], [ 96.446961111764097, 28.595823877609178 ], [ 96.441879958838001, 28.590641606741677 ], [ 96.437531222508369, 28.586813555284209 ], [ 96.430550365978689, 28.576965906200208 ], [ 96.424996191727288, 28.574860192685339 ], [ 96.417580451164213, 28.5782800679901 ], [ 96.40989768590569, 28.584316819545684 ], [ 96.403701262985422, 28.584205118846633 ], [ 96.403443240066821, 28.584200467481754 ], [ 96.40247430983986, 28.580336182894587 ], [ 96.408646475468061, 28.567734333246847 ], [ 96.409048632462174, 28.562838524870216 ], [ 96.40917290584143, 28.561325637001403 ], [ 96.409066094742144, 28.553837391044475 ], [ 96.403222013109954, 28.552191348699697 ], [ 96.396683644725812, 28.552525128153089 ], [ 96.388825399765011, 28.553515042250947 ], [ 96.373292016774599, 28.554037642685728 ], [ 96.357102514041003, 28.550503322736002 ], [ 96.345734767456108, 28.540974200799184 ], [ 96.337296704079407, 28.528431474303986 ], [ 96.330040144582483, 28.524862138599197 ], [ 96.32814146236646, 28.523928220562251 ], [ 96.326760555119307, 28.520245129464097 ], [ 96.333565949091636, 28.516480023753953 ], [ 96.334382293541807, 28.51607376147393 ], [ 96.344521717191299, 28.511044085631436 ], [ 96.35537829963404, 28.504705969643034 ], [ 96.363282325651539, 28.499493190627849 ], [ 96.368935680734864, 28.494471143013278 ], [ 96.374047365797864, 28.486477445197774 ], [ 96.374550318266884, 28.482381756638564 ], [ 96.375245183673002, 28.476723264610616 ], [ 96.369225611905989, 28.469217843224474 ], [ 96.343667252060044, 28.45973831148401 ], [ 96.34061551271148, 28.456236418805506 ], [ 96.337350147758272, 28.452498010581341 ], [ 96.326119723241007, 28.444761798021688 ], [ 96.311906224995923, 28.435431047361078 ], [ 96.299371185952609, 28.428881204649617 ], [ 96.287011620038584, 28.420523198435678 ], [ 96.276719607985513, 28.413769273695152 ], [ 96.268638514078305, 28.407188916383483 ], [ 96.268174729336025, 28.406811261232598 ], [ 96.265985101356009, 28.403135799801692 ], [ 96.269616679649872, 28.399950529544913 ], [ 96.279191532661528, 28.39858868946606 ], [ 96.290017600566856, 28.39839985989531 ], [ 96.301415873677755, 28.39630178189919 ], [ 96.306809839299987, 28.394358194872808 ], [ 96.312432677210737, 28.387175124072183 ], [ 96.317429913752449, 28.378002685365697 ], [ 96.321984650423502, 28.375719593789498 ], [ 96.332619979469968, 28.377321764282705 ], [ 96.363923255848377, 28.383230744482677 ], [ 96.373009822112351, 28.383774340181205 ], [ 96.376908435337199, 28.376696170845861 ], [ 96.382004864434919, 28.353466571854028 ], [ 96.387139419307928, 28.352839054739572 ], [ 96.388245680909932, 28.352703639306057 ], [ 96.394127918139361, 28.351986480275503 ], [ 96.401330047077451, 28.333782743950586 ], [ 96.414582243963636, 28.335978103526276 ], [ 96.424790332975988, 28.34020861236943 ], [ 96.428925434372232, 28.35269793463242 ], [ 96.43068018711746, 28.361788352759682 ], [ 96.431916137824743, 28.370344721696181 ], [ 96.432503594524519, 28.375391569823897 ], [ 96.434006579934149, 28.381056393328294 ], [ 96.441170544724599, 28.390354724049747 ], [ 96.44901352573828, 28.396492576974495 ], [ 96.455872313993865, 28.404989814357393 ], [ 96.460304971673636, 28.408541297914912 ], [ 96.471794787945626, 28.412113769987997 ], [ 96.482025755793146, 28.413900957272233 ], [ 96.498749318015811, 28.412806149973036 ], [ 96.508293653455368, 28.409277556584023 ], [ 96.512253289860311, 28.407515167833846 ], [ 96.52212567526243, 28.412541034359673 ], [ 96.535866145745644, 28.423834451570741 ], [ 96.553131381281432, 28.431391382556381 ], [ 96.561561821161973, 28.442209862903031 ], [ 96.581627030015127, 28.452246341605363 ], [ 96.600662277283917, 28.455357233052801 ], [ 96.608116151660781, 28.45473734723463 ], [ 96.623420651544137, 28.453465153745839 ], [ 96.641181795930351, 28.453156176474 ], [ 96.644759961050369, 28.453530018201974 ], [ 96.662055718426132, 28.45533247308013 ], [ 96.666534144499877, 28.454733562232686 ], [ 96.677322063978323, 28.445667937406906 ], [ 96.683349253240124, 28.440092764519179 ], [ 96.689231492357379, 28.437140189594288 ], [ 96.708045493875332, 28.426256866829686 ], [ 96.718696075440604, 28.421700213544362 ], [ 96.735808725310676, 28.419493420565558 ], [ 96.741767251146939, 28.415903793429653 ], [ 96.752806929900302, 28.410351507434775 ], [ 96.75923848080798, 28.404042000382894 ], [ 96.764868955548039, 28.392790552035425 ], [ 96.769011700046917, 28.37821650260306 ], [ 96.772338106877427, 28.36924623815554 ], [ 96.776000207155704, 28.362528558404723 ], [ 96.784194136621366, 28.358813049329441 ], [ 96.791701419430993, 28.358853105563739 ], [ 96.79398259181211, 28.358866467382786 ], [ 96.798697539703568, 28.358891257376055 ], [ 96.811995503198006, 28.356638684610143 ], [ 96.813147536564998, 28.356444140463328 ], [ 96.828024777176793, 28.355513360163556 ], [ 96.853758581303524, 28.356612004890863 ], [ 96.864035315362543, 28.366562650054785 ], [ 96.867827102978623, 28.367911144994544 ], [ 96.871115353748294, 28.369080349335988 ], [ 96.875532748553283, 28.369894795622479 ], [ 96.876196503409645, 28.370018769906281 ], [ 96.881567564917034, 28.371008689584265 ], [ 96.895498757268257, 28.374329394599361 ], [ 96.900190810151642, 28.374081439272501 ], [ 96.905699205290915, 28.368059941831731 ], [ 96.911764546951503, 28.359497855287561 ], [ 96.921415680682145, 28.351422147774979 ], [ 96.921240211481361, 28.347275569259303 ], [ 96.922331217382734, 28.340226008885242 ], [ 96.927297927798222, 28.333031486556575 ], [ 96.939031872109965, 28.330862844933129 ], [ 96.943678146983132, 28.330004539089842 ], [ 96.954145618345109, 28.327872126816789 ], [ 96.963277954429898, 28.319899417454572 ], [ 96.975370486331428, 28.311510898516467 ], [ 96.981046724350136, 28.310080391031889 ], [ 96.988294599660207, 28.309975493067615 ], [ 96.997770257628062, 28.303969257403974 ], [ 97.005552191605645, 28.306109304418843 ], [ 97.023961810849244, 28.313952334849954 ], [ 97.028417344245142, 28.317755594610119 ], [ 97.037656485757026, 28.326365371391184 ], [ 97.042661323490336, 28.336926365191577 ], [ 97.046628578287084, 28.341828251057809 ], [ 97.053136412098198, 28.345778374890553 ], [ 97.062428961805068, 28.346001540224492 ], [ 97.067441436495869, 28.347186005230277 ], [ 97.080617318233038, 28.352751660363474 ], [ 97.093869491662659, 28.357319768867018 ], [ 97.09953809323693, 28.355076730960135 ], [ 97.105466099769771, 28.350562037238102 ], [ 97.114056753530789, 28.346457424786315 ], [ 97.12220490007536, 28.345524743127761 ], [ 97.127171602887515, 28.343731831916418 ], [ 97.131047313798547, 28.338894800833803 ], [ 97.140187274298299, 28.331810914206471 ], [ 97.153141911308865, 28.321410145324368 ], [ 97.159932034922321, 28.314272849594246 ], [ 97.166478030080683, 28.300284364847656 ], [ 97.17044529657197, 28.289494490412203 ], [ 97.174946616528032, 28.286288241401675 ], [ 97.179035944540431, 28.284512502838918 ], [ 97.184086567259456, 28.283509243090101 ], [ 97.193630883189215, 28.28155039570661 ], [ 97.203762653823318, 28.282736777987981 ], [ 97.215046453865369, 28.286158567067826 ], [ 97.225269769794451, 28.286986363819857 ], [ 97.229031040764426, 28.28151227496889 ], [ 97.235157419200206, 28.267798439250985 ], [ 97.242176418998525, 28.262103101926893 ], [ 97.255359921120501, 28.263407738715475 ], [ 97.269054593791864, 28.265162503453062 ], [ 97.278141137579041, 28.263833088466658 ], [ 97.279316063414981, 28.263659525113216 ], [ 97.282978148657165, 28.26312355984928 ], [ 97.293460866167507, 28.257453017604821 ], [ 97.307178428550984, 28.250727715263714 ], [ 97.30849068277513, 28.244851170113957 ], [ 97.313846489110801, 28.238535947147362 ], [ 97.322818595809508, 28.238564563858617 ], [ 97.328204905581117, 28.2374792814378 ], [ 97.334560146925341, 28.234400830352484 ], [ 97.342487042105219, 28.228768434779557 ], [ 97.352100015225716, 28.220847221258587 ], [ 97.365695507375236, 28.218089202303975 ], [ 97.375338996553808, 28.212056261614741 ], [ 97.381930753664079, 28.205895532376331 ], [ 97.390330662111367, 28.198729628203608 ], [ 97.400967760773369, 28.1870407311341 ], [ 97.401171965193058, 28.186816334455987 ], [ 97.401011754748637, 28.179799195682577 ], [ 97.392810216478679, 28.177504654426698 ], [ 97.38779010857499, 28.180836790409732 ], [ 97.382846293262602, 28.182902446223633 ], [ 97.372645866963182, 28.186785795237867 ], [ 97.364200190705375, 28.182870005459158 ], [ 97.359851471944808, 28.174836245127246 ], [ 97.352458649108158, 28.167935455316265 ], [ 97.341876761738632, 28.158652379033331 ], [ 97.333644707543712, 28.151366296695283 ], [ 97.327625168191474, 28.14069086076001 ], [ 97.326321445918126, 28.1373368995345 ], [ 97.325260079369315, 28.134606422667769 ], [ 97.32725134258078, 28.127987923103841 ], [ 97.332210416922806, 28.122040814193326 ], [ 97.33547578380707, 28.117571892223271 ], [ 97.339437728164455, 28.112269319188005 ], [ 97.340526409560312, 28.110812253155107 ], [ 97.339504082128954, 28.105788293624283 ], [ 97.327678612791402, 28.095717488530738 ], [ 97.317401899394753, 28.086787272574433 ], [ 97.310634680776047, 28.079514552033697 ], [ 97.308544245267086, 28.071978612400645 ], [ 97.308419449348833, 28.069203632069051 ], [ 97.308155160955494, 28.06332687941325 ], [ 97.311641769767135, 28.057086028386777 ], [ 97.319225340248437, 28.053225566133666 ], [ 97.319301636728611, 28.053214119247475 ], [ 97.332012126739812, 28.051476530435529 ], [ 97.34567626898361, 28.052681981980029 ], [ 97.357097390293518, 28.053660465224521 ], [ 97.366367041972396, 28.05413349763143 ], [ 97.373843795771108, 28.056250656596884 ], [ 97.373939060599767, 28.054570571746147 ], [ 97.374278672616867, 28.048581206504139 ], [ 97.370268342506733, 28.041805770125226 ], [ 97.368259133500359, 28.03841121987238 ], [ 97.377322802837114, 28.025008285076048 ], [ 97.38243445784903, 28.026089756905417 ], [ 97.390002771767755, 28.023255437119779 ], [ 97.398784143805528, 28.019944288890127 ], [ 97.405818398382266, 28.015860661668238 ], [ 97.411754028217999, 28.013047320926777 ], [ 97.413886653121253, 28.011137022265462 ], [ 97.415339823310774, 28.009835345824047 ], [ 97.414119129895042, 28.004986868979195 ], [ 97.411784558544255, 28.000884158230953 ], [ 97.402377581149736, 27.998789882124992 ], [ 97.39137607180399, 27.997729391252133 ], [ 97.389010987708915, 27.991995893852263 ], [ 97.382907526308117, 27.97822101708369 ], [ 97.378246858357826, 27.97198412005071 ], [ 97.378192597226004, 27.971911508309756 ], [ 97.378329938083482, 27.964243966737158 ], [ 97.378499794014047, 27.955019403457843 ], [ 97.378612239651829, 27.948912695609959 ], [ 97.37649891050792, 27.935403877284571 ], [ 97.375659700152426, 27.930039478969828 ], [ 97.382693959597916, 27.921715812962653 ], [ 97.386440378763481, 27.917633631171789 ], [ 97.387653033013578, 27.916312296291604 ], [ 97.38766829621234, 27.912171438951379 ], [ 97.381046035689977, 27.906695434693862 ], [ 97.379606674068, 27.904907189576779 ], [ 97.378543615215946, 27.903586458195917 ], [ 97.37974142449589, 27.898148608093251 ], [ 97.387477586955001, 27.88918597648161 ], [ 97.387727039661868, 27.887924921799716 ], [ 97.388927166085153, 27.881857940085808 ], [ 97.378406309971211, 27.878617354629014 ], [ 97.371257619349805, 27.87243181816341 ], [ 97.364719275671575, 27.870650341755052 ], [ 97.343479181307686, 27.879673996432469 ], [ 97.335529407063987, 27.87880996145261 ], [ 97.321132844048449, 27.87517454798374 ], [ 97.321949264134233, 27.881806722961855 ], [ 97.322849426901527, 27.88911917914087 ], [ 97.323948048021279, 27.897572550404007 ], [ 97.323273121550486, 27.899265055611004 ], [ 97.322208554885762, 27.901934657653079 ], [ 97.314785196622651, 27.910975480366488 ], [ 97.308780901095517, 27.915770549186458 ], [ 97.301815311697908, 27.912909522693003 ], [ 97.288189308300346, 27.907635693775088 ], [ 97.280826991472736, 27.905421257644647 ], [ 97.256527544341708, 27.895451530070769 ], [ 97.247273151916588, 27.889834382482697 ], [ 97.241307009538716, 27.881373383731319 ], [ 97.236828590958936, 27.875857323835739 ], [ 97.226513718426077, 27.868088686141139 ], [ 97.220524688574955, 27.86332030594669 ], [ 97.212483363745193, 27.85794539594756 ], [ 97.20259573999553, 27.850357957709523 ], [ 97.195622517482661, 27.842348998845765 ], [ 97.189503788967755, 27.836407594029652 ], [ 97.186986108271881, 27.831847126918404 ], [ 97.181813414370495, 27.827700545281893 ], [ 97.177029815719862, 27.825545239941402 ], [ 97.174443465576545, 27.824383656006439 ], [ 97.168697990883473, 27.822533352561727 ], [ 97.167798307460416, 27.822243613634217 ], [ 97.167980314990103, 27.821080567898061 ], [ 97.168874048813009, 27.815369531533669 ], [ 97.160321561472543, 27.808566014458343 ], [ 97.15222682519385, 27.805176644960472 ], [ 97.144269416467878, 27.802958391470067 ], [ 97.137334340268481, 27.80107583586032 ], [ 97.133908774195206, 27.792473691432544 ], [ 97.127820556796109, 27.787073985297688 ], [ 97.124219498473224, 27.784510504871815 ], [ 97.120099652976435, 27.783388981785929 ], [ 97.114835409656763, 27.781956559296198 ], [ 97.109555901633271, 27.780901788899023 ], [ 97.102422454197708, 27.779480819480021 ], [ 97.099704948097781, 27.776241956117158 ], [ 97.098356022645831, 27.774634238267421 ], [ 97.100064999214723, 27.768835893562461 ], [ 97.103019746976244, 27.763957138233341 ], [ 97.104696023955967, 27.761189339844339 ], [ 97.101094969530706, 27.753222339442807 ], [ 97.097959315258876, 27.743264072828733 ], [ 97.096296126903951, 27.735894073883458 ], [ 97.091306535603522, 27.73444448803172 ], [ 97.082235231451804, 27.737915855727916 ], [ 97.067464807772154, 27.745793198052777 ], [ 97.061941155798451, 27.743532985917636 ], [ 97.056470918938018, 27.738116112194803 ], [ 97.047994706174308, 27.735443914197305 ], [ 97.037298359916036, 27.738312560049508 ], [ 97.028509351231875, 27.735279867532892 ], [ 97.015676785025278, 27.7268169569744 ], [ 97.013143848593202, 27.721539317828768 ], [ 97.010237072617045, 27.711653531481179 ], [ 97.005384809994041, 27.701634221506797 ], [ 96.999044827364003, 27.687655257575223 ], [ 96.992564733272516, 27.6719215222491 ], [ 96.992475971255828, 27.671706008115414 ], [ 96.9925625668957, 27.667986898385198 ], [ 96.992704863136964, 27.661875529877818 ], [ 96.990690712656217, 27.657124320568112 ], [ 96.977430896753333, 27.658036029660128 ], [ 96.958517729158785, 27.660462163926873 ], [ 96.948630092518528, 27.657633559522672 ], [ 96.942168031683011, 27.653666273108797 ], [ 96.938292326626751, 27.64614369419705 ], [ 96.933798644525496, 27.638455164860474 ], [ 96.930754536039402, 27.632719764013395 ], [ 96.925375842450123, 27.626396895315217 ], [ 96.919249479346618, 27.617640257639291 ], [ 96.91289422282702, 27.613671058755365 ], [ 96.900382092758278, 27.610506765299277 ], [ 96.897754099574669, 27.607459144823036 ], [ 96.897383754804636, 27.607029665259869 ], [ 96.89885623776452, 27.586638196916109 ], [ 96.898947793364471, 27.579787003201321 ], [ 96.902731955959254, 27.576037156062473 ], [ 96.909819627159422, 27.576031438396399 ], [ 96.913497069179371, 27.574630080628104 ], [ 96.913748741845041, 27.574534175884885 ], [ 96.913771638396625, 27.570475331866298 ], [ 96.913234807679856, 27.565291242221928 ], [ 96.912932407471516, 27.562371003640049 ], [ 96.913886090312459, 27.553339709859102 ], [ 96.915465370249294, 27.544308416872671 ], [ 96.919974319360207, 27.541624779368469 ], [ 96.924147579613688, 27.537239783833595 ], [ 96.928244546425717, 27.52825998605217 ], [ 96.933218891495798, 27.523142575178731 ], [ 96.936299239926498, 27.517651312646262 ], [ 96.937247199844876, 27.515961407378747 ], [ 96.93591968945347, 27.509133097260367 ], [ 96.933051063948326, 27.501589532854013 ], [ 96.930357897759976, 27.497755761006353 ], [ 96.925238608942564, 27.488901841272924 ], [ 96.919890433092405, 27.483830202990319 ], [ 96.915045804244826, 27.478674633494332 ], [ 96.91314609816331, 27.473736509523295 ], [ 96.910704702001098, 27.467373594901517 ], [ 96.910317811561967, 27.460972154003429 ], [ 96.91028509569, 27.460430839531075 ], [ 96.910384285514425, 27.453842858076829 ], [ 96.911299808248742, 27.448517539305183 ], [ 96.91671664701154, 27.444842086224341 ], [ 96.925360710549, 27.442196598570433 ], [ 96.932745927688913, 27.436228504935169 ], [ 96.936400400682544, 27.425268877836611 ], [ 96.940733879700133, 27.412588827244949 ], [ 96.948218282017265, 27.40653681175295 ], [ 96.964812133745966, 27.400892972207902 ], [ 96.968214829889831, 27.387324098496531 ], [ 96.97213271927771, 27.383827757382658 ], [ 96.974791337521935, 27.381455195387584 ], [ 96.969705668375738, 27.373885974389186 ], [ 96.96825298928843, 27.371723889603125 ], [ 96.970953787527066, 27.364382507652149 ], [ 96.972746682516217, 27.363615756548683 ], [ 96.973044224049829, 27.363487960306063 ], [ 96.976172263930337, 27.362145190144481 ], [ 96.981169495970803, 27.359101063063829 ], [ 96.984221246083379, 27.347964059511533 ], [ 96.988692042624379, 27.343849905889027 ], [ 96.996611312613751, 27.340395700249751 ], [ 96.997549728288703, 27.336148037688652 ], [ 96.999380788416318, 27.325209390261818 ], [ 97.002440162575766, 27.315159575676482 ], [ 97.008627571380103, 27.310837527544514 ], [ 97.015913606217737, 27.305235644120152 ], [ 97.039335719526349, 27.292912278958315 ], [ 97.042547694144119, 27.274744782373393 ], [ 97.047499141754457, 27.272726807154072 ], [ 97.050573778653288, 27.271469862223984 ], [ 97.052900723561748, 27.271059783379911 ], [ 97.053282196443675, 27.270991126505692 ], [ 97.055609146335286, 27.270579138932426 ], [ 97.057775894788776, 27.26171377589835 ], [ 97.062239066048221, 27.257147591530508 ], [ 97.06740413534439, 27.252383035338621 ], [ 97.072546326496351, 27.246712488792987 ], [ 97.080694478399295, 27.238667294090707 ], [ 97.081251428225741, 27.238440327119228 ], [ 97.088209389827597, 27.235579304007171 ], [ 97.092901444255446, 27.232622910826301 ], [ 97.094512719421402, 27.226920088576495 ], [ 97.09479352839891, 27.225926215739449 ], [ 97.09418552917171, 27.211948631355334 ], [ 97.093931427140575, 27.206106953248714 ], [ 97.099264354791359, 27.199620059148089 ], [ 97.106802154245344, 27.19771271365336 ], [ 97.115408066343377, 27.193796934586665 ], [ 97.118963343327763, 27.189146817850887 ], [ 97.12261017121584, 27.184407058947532 ], [ 97.12438018640924, 27.176895919395914 ], [ 97.125967099670902, 27.169655621933124 ], [ 97.132253686925182, 27.165417495498634 ], [ 97.1389446354829, 27.16188700244615 ], [ 97.148549982834055, 27.162733869222361 ], [ 97.151487286774227, 27.152773692720125 ], [ 97.154607699610523, 27.146511865996533 ], [ 97.161855587531491, 27.142130694346832 ], [ 97.165777070826309, 27.139756041750598 ], [ 97.170345426720786, 27.129426017424464 ], [ 97.170713269598025, 27.128594246216664 ], [ 97.170286029735436, 27.121029697763554 ], [ 97.164449584105483, 27.11652071789516 ], [ 97.16180983071358, 27.114966231796522 ], [ 97.154439879380234, 27.110628911968014 ], [ 97.150884611191955, 27.103920771493399 ], [ 97.148618700499014, 27.095757318426589 ], [ 97.14492609989172, 27.087065526323105 ], [ 97.138441155493666, 27.085539643222365 ], [ 97.129514809141284, 27.088019190219981 ], [ 97.120886010029281, 27.096346668755498 ], [ 97.113264285132644, 27.10430031232071 ], [ 97.107137912059486, 27.105658340195305 ], [ 97.097807211699347, 27.102999488039984 ], [ 97.087828027426866, 27.098278798282951 ], [ 97.077688619144752, 27.0944564643533 ], [ 97.070097418286622, 27.093661097846848 ], [ 97.061262621366311, 27.095684787260613 ], [ 97.051207130403995, 27.103499186358643 ], [ 97.046545592499371, 27.108336227416697 ], [ 97.044180496974832, 27.111437570968768 ], [ 97.040632844244513, 27.115908397454202 ], [ 97.033674869254639, 27.121781117816091 ], [ 97.028914145968955, 27.126440767233262 ], [ 97.019697889013628, 27.130179169194935 ], [ 97.011854906415394, 27.131644012622193 ], [ 97.00554543367204, 27.134613750346364 ], [ 96.997748232301547, 27.138779396727681 ], [ 96.9913166818083, 27.146084536841325 ], [ 96.983435557768786, 27.151606310624405 ], [ 96.972319584917841, 27.15599511521091 ], [ 96.96255400763232, 27.157572489338435 ], [ 96.957892477073855, 27.158186650062319 ], [ 96.954085422467742, 27.158688279666631 ], [ 96.946967232161114, 27.158961031663157 ], [ 96.943503507586726, 27.159094542116758 ], [ 96.926863888396497, 27.160227496687899 ], [ 96.917281412502447, 27.160622317764606 ], [ 96.901633600184439, 27.1659724221531 ], [ 96.895812403706699, 27.168575950143854 ], [ 96.881896451647975, 27.175793347959882 ], [ 96.874587531441435, 27.178860358633337 ], [ 96.865195787217601, 27.185026818596697 ], [ 96.862998521601241, 27.192267115304752 ], [ 96.862571276637169, 27.197592429804555 ], [ 96.862380545365411, 27.204632457452405 ], [ 96.862490433754928, 27.204798592088569 ], [ 96.865279693295236, 27.209015542675189 ], [ 96.873107411181834, 27.212069209129691 ], [ 96.877845242395651, 27.215164844892708 ], [ 96.879332965378211, 27.21613568098957 ], [ 96.882415221633053, 27.217289630635388 ], [ 96.884215745645307, 27.217964837090417 ], [ 96.889029867526631, 27.222229665507079 ], [ 96.890410782751857, 27.226265616758049 ], [ 96.891730654359634, 27.233006192876708 ], [ 96.890713505237869, 27.234287598752029 ], [ 96.886084927337507, 27.240118687488785 ], [ 96.886977554327103, 27.244793604122972 ], [ 96.887034276442137, 27.245069500856264 ], [ 96.887847307844453, 27.249024099418818 ], [ 96.886789771441215, 27.250290278086084 ], [ 96.884192838302141, 27.253399562097275 ], [ 96.880851183064792, 27.253143968183373 ], [ 96.874167867492844, 27.25263470864753 ], [ 96.87004801646701, 27.253525443101534 ], [ 96.865317811989939, 27.254551592692991 ], [ 96.860831750469416, 27.258034404884455 ], [ 96.854789290247822, 27.265867883600684 ], [ 96.852935351592066, 27.276261025081478 ], [ 96.85097460263168, 27.286028556117245 ], [ 96.84894518489341, 27.291910822248155 ], [ 96.835471738510037, 27.29623286728976 ], [ 96.830489773542922, 27.30035464578922 ], [ 96.82411925401253, 27.306212112327859 ], [ 96.820846252312734, 27.310215638433572 ], [ 96.816383078110945, 27.315331146454785 ], [ 96.812041972330704, 27.322233837596912 ], [ 96.807929740349721, 27.330761589252649 ], [ 96.805190793918584, 27.336302442528446 ], [ 96.801711806452175, 27.34031740548701 ], [ 96.799400114146152, 27.340954461770341 ], [ 96.798766882315107, 27.341128031075495 ], [ 96.794166376421956, 27.342394508732816 ], [ 96.784698336623364, 27.344763428008704 ], [ 96.778991578472315, 27.348080300506187 ], [ 96.772361666578377, 27.350958492467967 ], [ 96.759201017856853, 27.349323892573519 ], [ 96.756996141098583, 27.349121711941308 ], [ 96.753593442543291, 27.348808902972195 ], [ 96.747177151760255, 27.35010208622532 ], [ 96.740104740351569, 27.350554123933719 ], [ 96.727897762392061, 27.358543996115692 ], [ 96.721992631915597, 27.363123546323038 ], [ 96.712043945528222, 27.366947769286895 ], [ 96.708229268312863, 27.361403105697889 ], [ 96.70584128116451, 27.357367154567758 ], [ 96.69857050678101, 27.351774803038673 ], [ 96.695564540057021, 27.351761456094849 ], [ 96.693214698973392, 27.351750012712447 ], [ 96.68265566436348, 27.355213751098301 ], [ 96.675705315982157, 27.357191668952755 ], [ 96.669662857218398, 27.358614547614195 ], [ 96.660347409669839, 27.357731442287264 ], [ 96.65556380239552, 27.355267142928231 ], [ 96.645638006398798, 27.354206650785144 ], [ 96.638672398368811, 27.355640976053774 ], [ 96.62991388842444, 27.35826739251192 ], [ 96.620026238722687, 27.359280189627473 ], [ 96.612099335133337, 27.355852678148651 ], [ 96.608490656729543, 27.351664137613742 ], [ 96.60206673744986, 27.347132274692203 ], [ 96.597913995265984, 27.343002090203449 ], [ 96.597855325093832, 27.3429437389306 ], [ 96.597481489444263, 27.337982721508208 ], [ 96.598159044439399, 27.336338463828532 ], [ 96.60031961811498, 27.33109528899103 ], [ 96.595848816313861, 27.329073496985334 ], [ 96.59117201309526, 27.327326364547872 ], [ 96.585457621446807, 27.323334281677152 ], [ 96.579445692943807, 27.320152825163557 ], [ 96.574944368103161, 27.315689620129582 ], [ 96.565506849421681, 27.313175733427922 ], [ 96.561341218519019, 27.311781466153107 ], [ 96.555726012620667, 27.307156138063995 ], [ 96.549988737641343, 27.301258614474772 ], [ 96.544762624993297, 27.296265172682883 ], [ 96.537110373768613, 27.290850207982302 ], [ 96.530259212209629, 27.284615078485487 ], [ 96.521828764314478, 27.280552428899938 ], [ 96.518014088910164, 27.285357033266262 ], [ 96.51655687165993, 27.287193811417268 ], [ 96.513436467180171, 27.289282353815263 ], [ 96.51134601840819, 27.29067662414219 ], [ 96.504929722541647, 27.294262439758452 ], [ 96.4995967999306, 27.296028640219529 ], [ 96.493592489449469, 27.292936826523775 ], [ 96.485596915086958, 27.291937378131916 ], [ 96.478761007705884, 27.294811748043237 ], [ 96.470330553974762, 27.299227256291179 ], [ 96.466271736993917, 27.297819633042927 ], [ 96.461198209994308, 27.295893210296448 ], [ 96.452111636316161, 27.296610363351149 ], [ 96.445748749104197, 27.297131074385288 ], [ 96.439385857029762, 27.297199734185757 ], [ 96.433114520673811, 27.296806815028965 ], [ 96.424584889745518, 27.293016911078052 ], [ 96.415719574388675, 27.286787507283616 ], [ 96.408242790120099, 27.286861892936091 ], [ 96.401353476220507, 27.285490503312204 ], [ 96.391198800269237, 27.281527029734196 ], [ 96.382447909979035, 27.284498676271369 ], [ 96.373368969236253, 27.285938722466394 ], [ 96.363786480169821, 27.287205198920415 ], [ 96.361192506105084, 27.281095963846138 ], [ 96.354875387404107, 27.276918864614935 ], [ 96.350190956540843, 27.276001425790735 ], [ 96.347383353506871, 27.275452111468649 ], [ 96.340860245668352, 27.278671716684357 ], [ 96.335443398782871, 27.283052890367237 ], [ 96.325914311832904, 27.284376587054251 ], [ 96.320115997921533, 27.285181490853319 ], [ 96.310564030167399, 27.289238413350049 ], [ 96.303056737300125, 27.28642316737362 ], [ 96.290170733149722, 27.281305749536077 ], [ 96.285852511911585, 27.277105762182298 ], [ 96.281892875250776, 27.273262456879991 ], [ 96.27838337022169, 27.26661534013876 ], [ 96.273523465773906, 27.265957301132051 ], [ 96.267160566692439, 27.265095178268016 ], [ 96.253961765961577, 27.268280450225713 ], [ 96.241167307672384, 27.271639286929698 ], [ 96.234102517668987, 27.272243914516999 ], [ 96.226885141257824, 27.267975263807529 ], [ 96.217882484733593, 27.256950787883557 ], [ 96.205614470634586, 27.25353663203618 ], [ 96.196115905756329, 27.252623008928481 ], [ 96.188127957745451, 27.246498507972184 ], [ 96.181871874609371, 27.241703433577559 ], [ 96.163485096249502, 27.241978082314191 ], [ 96.150202369995014, 27.237034229368167 ], [ 96.114306189874739, 27.22090186548116 ], [ 96.098841459541248, 27.219032655361005 ], [ 96.091929253123851, 27.214308156717291 ], [ 96.08618434355175, 27.204693202495623 ], [ 96.068789381018945, 27.200861335617279 ], [ 96.05694859762572, 27.190437671602687 ], [ 96.036227232581297, 27.183777209770298 ], [ 96.029597317091685, 27.17552219464643 ], [ 96.022753775105727, 27.154102674628863 ], [ 96.016696058800548, 27.142498362781271 ], [ 96.004061829131132, 27.128151280265172 ], [ 95.989299005431775, 27.112919187532267 ], [ 95.978900169488682, 27.098465295328772 ], [ 95.975398291271588, 27.092701285319624 ], [ 95.971637013727374, 27.086513849530593 ], [ 95.962725914897533, 27.069698658326331 ], [ 95.956775008876221, 27.055933323558008 ], [ 95.953669856965391, 27.053573932539138 ], [ 95.945613237685208, 27.047441802561217 ], [ 95.935885794431968, 27.040735560758396 ], [ 95.922847201055248, 27.036667180058348 ], [ 95.915461961525637, 27.033102350932346 ], [ 95.908870183396402, 27.028091741542429 ], [ 95.900340549207357, 27.019577336964854 ], [ 95.888820200528286, 27.015674896376165 ], [ 95.876781054683946, 27.008348764968837 ], [ 95.867114634623647, 27.010210333959542 ], [ 95.8628803344575, 27.010233226845799 ], [ 95.857432960670593, 27.010263744377884 ], [ 95.837634743235142, 27.003250414170644 ], [ 95.827678409482047, 27.00601415598971 ], [ 95.815013649877159, 27.010233215879467 ], [ 95.807643672674018, 27.008472728021605 ], [ 95.804553776224267, 27.000011732500163 ], [ 95.798526568484149, 26.994760795452802 ], [ 95.779331076547962, 26.978037154207271 ], [ 95.77263248244148, 26.970583242819675 ], [ 95.771396525642871, 26.966709415239666 ], [ 95.766727355125226, 26.960951125893121 ], [ 95.761210376261602, 26.953033601332503 ], [ 95.760524670228193, 26.952049531340464 ], [ 95.762542970514687, 26.938320131466678 ], [ 95.763324657866207, 26.933002739258018 ], [ 95.760188986250938, 26.930036814850933 ], [ 95.756359038644405, 26.928247722314978 ], [ 95.753327061421658, 26.92102745367 ], [ 95.75216288940392, 26.918255126392243 ], [ 95.754146527257561, 26.913011820593105 ], [ 95.756832064973153, 26.90839794277186 ], [ 95.756987409189406, 26.907422656720815 ], [ 95.757709449605827, 26.902889526207222 ], [ 95.754550890384238, 26.895874291176955 ], [ 95.748592353535145, 26.891674309028481 ], [ 95.744640336258556, 26.888885766057861 ], [ 95.735523229010056, 26.880716586644525 ], [ 95.730358148511399, 26.875509524338753 ], [ 95.714893407171999, 26.872135421088096 ], [ 95.711124491495724, 26.872438694564249 ], [ 95.703075505166879, 26.875276820705867 ], [ 95.698192698351022, 26.883323927003172 ], [ 95.691883202974466, 26.88805224437251 ], [ 95.680935043142782, 26.893154396311779 ], [ 95.673008125670037, 26.898416772337029 ], [ 95.667858298474272, 26.896549478866792 ], [ 95.662609290615393, 26.89314104196832 ], [ 95.657436570515841, 26.886305101929398 ], [ 95.654995174653692, 26.881170524763949 ], [ 95.650615916473328, 26.872078188000547 ], [ 95.646084067733781, 26.871105438027637 ], [ 95.641857390410379, 26.871298083643886 ], [ 95.636410021155413, 26.867536791371599 ], [ 95.634262691112056, 26.862659009290301 ], [ 95.633754994377128, 26.861505747540143 ], [ 95.63415407516365, 26.858075420643029 ], [ 95.634533193748723, 26.854816681483729 ], [ 95.633159909454108, 26.843364960103361 ], [ 95.631824777577762, 26.837690593453967 ], [ 95.627270035903948, 26.831476451471705 ], [ 95.621609044368086, 26.82545876452285 ], [ 95.617542583756645, 26.818073509590395 ], [ 95.611072877865027, 26.809438944443116 ], [ 95.598698027620983, 26.810478444524428 ], [ 95.591854470177267, 26.811311953996707 ], [ 95.584316646721419, 26.811071624665178 ], [ 95.57949487893184, 26.812488788703227 ], [ 95.574367943822068, 26.813995590800644 ], [ 95.568142368759865, 26.818264237584529 ], [ 95.56525083945283, 26.82215522791995 ], [ 95.56234404044757, 26.825594177473683 ], [ 95.554401858079146, 26.827970729362988 ], [ 95.545338153707917, 26.826282725606653 ], [ 95.53243688159229, 26.819650867668976 ], [ 95.529896304307542, 26.815235356036261 ], [ 95.524647291163092, 26.808393699918405 ], [ 95.519901820900174, 26.803993442296708 ], [ 95.514454444733772, 26.801664569915886 ], [ 95.509327502245256, 26.791456438733835 ], [ 95.506138427578975, 26.785087804368857 ], [ 95.501766799292923, 26.771198486591956 ], [ 95.495487824976735, 26.760389542468968 ], [ 95.488720566204179, 26.750124190892592 ], [ 95.483059569737676, 26.743463723805114 ], [ 95.475414930226322, 26.74087163477126 ], [ 95.465252605805546, 26.738914697470985 ], [ 95.461010674132453, 26.734504906329171 ], [ 95.458065729507069, 26.726206028732484 ], [ 95.45373224678552, 26.720983712419514 ], [ 95.445873986756737, 26.715952128235617 ], [ 95.441532874331358, 26.711366854227876 ], [ 95.439305098508413, 26.706495484453104 ], [ 95.435345451215596, 26.697761733606274 ], [ 95.435055538500265, 26.696760379865179 ], [ 95.431919865518026, 26.692079742207774 ], [ 95.42840271851675, 26.688568317022149 ], [ 95.422863790591592, 26.685239989297326 ], [ 95.416935763188093, 26.68522282520377 ], [ 95.405979975451388, 26.685194208367005 ], [ 95.394200213507276, 26.679626660917684 ], [ 95.38314524547701, 26.676679797320904 ], [ 95.377697873727982, 26.671991539851387 ], [ 95.371060316549304, 26.667951776433402 ], [ 95.365429831589424, 26.666244692046007 ], [ 95.355381935384401, 26.665811726121014 ], [ 95.346234311484579, 26.666649047925191 ], [ 95.324009934044867, 26.657840911105097 ], [ 95.317486811015726, 26.655601681382855 ], [ 95.308018757177635, 26.646497907211501 ], [ 95.302189909953427, 26.644796554032759 ], [ 95.298878757237631, 26.647148313817819 ], [ 95.29275236144845, 26.650053199013968 ], [ 95.282506102076468, 26.651689705212899 ], [ 95.275311601401683, 26.651701146099963 ], [ 95.271664757978058, 26.651706866763167 ], [ 95.265637547663871, 26.656770876269317 ], [ 95.261731303655012, 26.662552057835565 ], [ 95.261342202785613, 26.670406513989029 ], [ 95.259740033348336, 26.67527978642423 ], [ 95.256230518549756, 26.678264791473293 ], [ 95.250508480987108, 26.681345160061351 ], [ 95.243672554715602, 26.682884389197152 ], [ 95.240163040992158, 26.68063562130493 ], [ 95.237347799035589, 26.675287418141249 ], [ 95.234219759295556, 26.672060180491304 ], [ 95.231389258413202, 26.666603257804773 ], [ 95.227765304614735, 26.662059954764782 ], [ 95.224438893956801, 26.656515288080321 ], [ 95.221539730276092, 26.652746372030652 ], [ 95.219166989046528, 26.649656464084572 ], [ 95.214535962710031, 26.644684004459581 ], [ 95.209531085913468, 26.640529796136381 ], [ 95.205853724417054, 26.638151328572231 ], [ 95.196683215155076, 26.636406105087246 ], [ 95.190961177313341, 26.636778041072791 ], [ 95.181729625965957, 26.632330101149144 ], [ 95.174001063312929, 26.623251124983028 ], [ 95.172284450208792, 26.620817346295734 ], [ 95.158009883273849, 26.612327734635667 ], [ 95.154416448126824, 26.608595048512957 ], [ 95.153401737130935, 26.598682557512298 ], [ 95.152142895744845, 26.590936810679292 ], [ 95.152142358168945, 26.590928958751228 ], [ 95.151852973755595, 26.586694873807627 ] ] ], [ [ [ 88.845596308008268, 27.374582290327865 ], [ 88.847122187391477, 27.373916627989558 ], [ 88.848640437300176, 27.373455043574385 ], [ 88.849639887665361, 27.373687742012965 ], [ 88.851417536894431, 27.374824526971747 ], [ 88.851799011851909, 27.37548828557896 ], [ 88.854469290658059, 27.376613618151652 ], [ 88.855598446132319, 27.37843131984717 ], [ 88.856239310411411, 27.379350660765837 ], [ 88.860015865819122, 27.382074357712465 ], [ 88.863822929575562, 27.382543561601992 ], [ 88.866111748874758, 27.3816261294143 ], [ 88.868896483395659, 27.379379270831333 ], [ 88.869407648015596, 27.378261567732938 ], [ 88.870414727856513, 27.376441957756089 ], [ 88.871932977765326, 27.375530246311769 ], [ 88.874473566921125, 27.364004137445239 ], [ 88.87599944630422, 27.363119127335743 ], [ 88.876663204906393, 27.362934111273145 ], [ 88.886390678863435, 27.360200885671073 ], [ 88.886436457058466, 27.360090257869636 ], [ 88.887351990957981, 27.359510420728895 ], [ 88.888221741212874, 27.358961107385163 ], [ 88.89044189299851, 27.353429792024947 ], [ 88.892257690958246, 27.342576979970964 ], [ 88.895797732346907, 27.334226605125725 ], [ 88.896308895544379, 27.333993915822283 ], [ 88.897056575613917, 27.332183838601086 ], [ 88.901123044143048, 27.329710008222346 ], [ 88.901130674067488, 27.329246515076075 ], [ 88.903152463670125, 27.328817368638354 ], [ 88.907714842865602, 27.330183029573707 ], [ 88.915039061811783, 27.325904842717058 ], [ 88.919105525786762, 27.32680320849385 ], [ 88.921318052643443, 27.325979230978085 ], [ 88.925937494036262, 27.323785857645518 ], [ 88.929496758343305, 27.32209587019938 ], [ 88.925559994482228, 27.31800079157389 ], [ 88.92199706065422, 27.314432146969594 ], [ 88.921386720171967, 27.313726427179486 ], [ 88.920639029656215, 27.312137601460545 ], [ 88.919624324899686, 27.305128098632434 ], [ 88.91659545046177, 27.301729205692368 ], [ 88.916565332386867, 27.30134117418093 ], [ 88.916267388177047, 27.297502518673809 ], [ 88.916236874380573, 27.297384260948395 ], [ 88.916580196069404, 27.295269016208056 ], [ 88.916992184375317, 27.294057842988039 ], [ 88.917490011158776, 27.29383122131544 ], [ 88.91750334944382, 27.29382514954942 ], [ 88.917648313507499, 27.288841248352306 ], [ 88.914375298252381, 27.27932548716808 ], [ 88.913597104389027, 27.278202058326368 ], [ 88.910835258747028, 27.27459716873215 ], [ 88.909065243993552, 27.27302932860475 ], [ 88.906288139401539, 27.270750047494133 ], [ 88.905006405392484, 27.270982740932791 ], [ 88.904235836002513, 27.270887372080157 ], [ 88.903228755713783, 27.270746235481855 ], [ 88.899971005299037, 27.268922802593377 ], [ 88.890365601085364, 27.264842983366673 ], [ 88.886962886162181, 27.261894227905451 ], [ 88.88644409206907, 27.261888506712438 ], [ 88.884315486231074, 27.258716586467578 ], [ 88.883811951538021, 27.256679532000941 ], [ 88.88026428210479, 27.254856109562191 ], [ 88.879493712714606, 27.254642487984064 ], [ 88.870910643629429, 27.258005140934625 ], [ 88.865356443989882, 27.257331848672639 ], [ 88.863327019462844, 27.257087708747346 ], [ 88.854209896437439, 27.257501600787002 ], [ 88.853301997462154, 27.257259364143014 ], [ 88.850929261248112, 27.25662803806377 ], [ 88.850410457154439, 27.256925581108554 ], [ 88.850173946255495, 27.257061001963564 ], [ 88.84233855723744, 27.25885963179897 ], [ 88.838027948335025, 27.258152008727642 ], [ 88.83753203811402, 27.258384707166275 ], [ 88.837539673038407, 27.257925031482092 ], [ 88.834251403374751, 27.25635719135483 ], [ 88.831222528481632, 27.255891799927472 ], [ 88.830322259431057, 27.254531859735518 ], [ 88.829689024626134, 27.253412247906148 ], [ 88.827171324352648, 27.252248766612627 ], [ 88.827171324353031, 27.251789096378047 ], [ 88.82709502736175, 27.251331324424907 ], [ 88.826042174327227, 27.250782011081171 ], [ 88.82363890931606, 27.249841690020823 ], [ 88.819343564811803, 27.24816513492388 ], [ 88.817314145733462, 27.247957234538884 ], [ 88.808235160978725, 27.243385317100369 ], [ 88.807472226063183, 27.242029194820098 ], [ 88.806822562853867, 27.234247941403794 ], [ 88.806716921077665, 27.232982632525463 ], [ 88.806724546003622, 27.230499268491755 ], [ 88.807224772234648, 27.228970988051731 ], [ 88.807243340098438, 27.228914260234799 ], [ 88.807262376731174, 27.228477631606175 ], [ 88.807580417585697, 27.22118287183989 ], [ 88.807785028524137, 27.216489795591585 ], [ 88.806312562263415, 27.211530682448174 ], [ 88.802268982610244, 27.204280851257909 ], [ 88.798995967345405, 27.200302126627129 ], [ 88.798355103065205, 27.200073240650564 ], [ 88.796714782971037, 27.197704317330086 ], [ 88.796234127149745, 27.195884706903556 ], [ 88.796112733081429, 27.195100381984897 ], [ 88.795989986777641, 27.194307323570715 ], [ 88.796111645434507, 27.190513115623887 ], [ 88.796264645954096, 27.185741427102105 ], [ 88.795242306718478, 27.181642531014646 ], [ 88.794219967031367, 27.180061344770188 ], [ 88.791740415478131, 27.177804947982168 ], [ 88.785919186588686, 27.175762173222243 ], [ 88.78388976206007, 27.175300598807191 ], [ 88.781883236853233, 27.175523763590924 ], [ 88.776985166336459, 27.175119399757541 ], [ 88.775131224663681, 27.17472076166726 ], [ 88.773033138067092, 27.174350739092553 ], [ 88.768829344951115, 27.171699526676349 ], [ 88.768440245069186, 27.171007158003288 ], [ 88.767936700373653, 27.1710014368103 ], [ 88.767936700373966, 27.170568462910648 ], [ 88.767700194475069, 27.170373918192958 ], [ 88.76760100861074, 27.170289996276694 ], [ 88.765960688515577, 27.168474193312441 ], [ 88.76583098885466, 27.1682949079932 ], [ 88.765743887310308, 27.16817906359254 ], [ 88.765449518896503, 27.167787555832334 ], [ 88.765357972508752, 27.164728167120028 ], [ 88.765495297094475, 27.163829806343163 ], [ 88.76570891867128, 27.163736341671122 ], [ 88.766006461714099, 27.163606641559628 ], [ 88.767123820834641, 27.15732892812083 ], [ 88.767730708283764, 27.153919219530493 ], [ 88.767524711631737, 27.152952196685526 ], [ 88.766784661038685, 27.150840754407408 ], [ 88.760871885758363, 27.147653579764679 ], [ 88.758720396044751, 27.144039151965419 ], [ 88.758668557672351, 27.143793089498885 ], [ 88.758140563909819, 27.141286854952835 ], [ 88.758049007521549, 27.138759611454827 ], [ 88.759918213593906, 27.137964249004842 ], [ 88.766830439243975, 27.136606217992888 ], [ 88.768089289381905, 27.136810300915812 ], [ 88.773300162342281, 27.134506227650512 ], [ 88.775253294879946, 27.134357451128007 ], [ 88.7765121400179, 27.134424209465084 ], [ 88.782257076918356, 27.133916857303674 ], [ 88.790100090549345, 27.131683354902336 ], [ 88.792350766446205, 27.131465910796976 ], [ 88.792663568887264, 27.131534577865089 ], [ 88.803207390436981, 27.133304597633394 ], [ 88.807006834723182, 27.132652280962237 ], [ 88.808265679861478, 27.131761545109342 ], [ 88.811302184232432, 27.129053117560765 ], [ 88.811302184232773, 27.128593447326271 ], [ 88.811805719377787, 27.12859916806957 ], [ 88.811813348852468, 27.128137584104127 ], [ 88.812820434142907, 27.127479551240175 ], [ 88.813568114212742, 27.1258907305211 ], [ 88.813568114213268, 27.125200270579132 ], [ 88.814498897511996, 27.12458419389807 ], [ 88.815597528742813, 27.123851772772948 ], [ 88.816360473659529, 27.12362861798939 ], [ 88.817626948272235, 27.122507097428926 ], [ 88.81762694827259, 27.12204551801371 ], [ 88.817634577747256, 27.121585842779211 ], [ 88.826370241271633, 27.117332458975476 ], [ 88.833068845342737, 27.113500592135267 ], [ 88.842666624644863, 27.111469269310462 ], [ 88.849983214118538, 27.112642283808871 ], [ 88.85150145902756, 27.112180709843301 ], [ 88.854301447947577, 27.110145569107388 ], [ 88.855796813536386, 27.107006076390295 ], [ 88.860252593249385, 27.104698150435503 ], [ 88.860946651651403, 27.103139876946155 ], [ 88.862106319758936, 27.098953246914434 ], [ 88.862907406141019, 27.09677123986069 ], [ 88.863601680946175, 27.09399223316618 ], [ 88.864692684467926, 27.090227127060874 ], [ 88.86489104837807, 27.08783340431301 ], [ 88.865493770854286, 27.082689285002346 ], [ 88.865447994466948, 27.078945159630468 ], [ 88.865188594925911, 27.074050903006292 ], [ 88.864868160645898, 27.071191787403361 ], [ 88.863601680968543, 27.066001891702264 ], [ 88.862831112183869, 27.063354491793639 ], [ 88.8608856164999, 27.058509826484322 ], [ 88.859413143513891, 27.055791854527818 ], [ 88.857795711958403, 27.053262710070239 ], [ 88.855262752597568, 27.050247192024507 ], [ 88.852584835566546, 27.047456741007839 ], [ 88.849769588914924, 27.044609069278021 ], [ 88.8469314540677, 27.04218482938635 ], [ 88.845184322738533, 27.040861129432169 ], [ 88.842704769614656, 27.039123534950104 ], [ 88.840476986187767, 27.037239074435753 ], [ 88.838592525687631, 27.035812377827533 ], [ 88.835296627386285, 27.034084319756321 ], [ 88.830253597754833, 27.031600951689793 ], [ 88.826225277207612, 27.030788421431147 ], [ 88.820869442690551, 27.029735564897003 ], [ 88.815116879007149, 27.029262542644137 ], [ 88.811614986947646, 27.028820037535155 ], [ 88.807945248123659, 27.028102874532198 ], [ 88.80525970124144, 27.027662276885149 ], [ 88.801170345956038, 27.026536941290615 ], [ 88.796913143905883, 27.025489806692821 ], [ 88.794151303039357, 27.025222778197485 ], [ 88.79122161540819, 27.025096892898787 ], [ 88.788581844915669, 27.024866103933579 ], [ 88.783798214824401, 27.026004790863837 ], [ 88.780250546372613, 27.026824950971388 ], [ 88.777481076106255, 27.028017043690568 ], [ 88.771919247377824, 27.030868530345217 ], [ 88.763587948833234, 27.03337860108287 ], [ 88.761383053598578, 27.032991408775143 ], [ 88.755073544280521, 27.030790328900647 ], [ 88.751457211695609, 27.026248931617417 ], [ 88.746910092508017, 27.020353317235887 ], [ 88.743682858340236, 27.017351150075452 ], [ 88.738578793518215, 27.013338088746611 ], [ 88.732070920289374, 27.012294769073154 ], [ 88.728668209956012, 27.012546539221962 ], [ 88.725082394959685, 27.014122009325106 ], [ 88.721908566577042, 27.015707015838974 ], [ 88.718208310153997, 27.018764495801552 ], [ 88.713577268025219, 27.023504256995455 ], [ 88.70973205303234, 27.026943206430207 ], [ 88.705230710226687, 27.031173705840416 ], [ 88.6989898654884, 27.032880782729695 ], [ 88.696899411677521, 27.033435821353713 ], [ 88.694656369449675, 27.033035278160899 ], [ 88.68981170416879, 27.032030105479496 ], [ 88.686996457511526, 27.03079032890836 ], [ 88.68363189462093, 27.027395247953361 ], [ 88.679054257836128, 27.022457122850884 ], [ 88.675758359531002, 27.018598556502997 ], [ 88.670494077339768, 27.014123916343998 ], [ 88.665870664162526, 27.011819839365579 ], [ 88.6635589577985, 27.01087760888381 ], [ 88.658493039513672, 27.009056091019346 ], [ 88.65354156265407, 27.007480621366931 ], [ 88.646141049809131, 27.005039214767404 ], [ 88.638565061249366, 27.004039764022838 ], [ 88.63593292015058, 27.005788802827876 ], [ 88.632545469059835, 27.008108138604083 ], [ 88.630226133295153, 27.009763717615481 ], [ 88.628211973016406, 27.0121116635232 ], [ 88.626350400705704, 27.014123916349433 ], [ 88.623840329980922, 27.016073226975742 ], [ 88.621894834288312, 27.017335891293097 ], [ 88.618850706125215, 27.019412994230986 ], [ 88.613250730397425, 27.022768020283191 ], [ 88.606803891898181, 27.024040221911154 ], [ 88.603553769979129, 27.024118423357955 ], [ 88.599617002205193, 27.022457122860594 ], [ 88.596885679377934, 27.021051406536326 ], [ 88.593879697760016, 27.017133712462908 ], [ 88.59228515439564, 27.014123916353718 ], [ 88.591148374485329, 27.011524199848228 ], [ 88.589187619999279, 27.00579071029583 ], [ 88.588554380383272, 27.003152847247812 ], [ 88.58692931942754, 26.995828628346192 ], [ 88.585983274477968, 26.991691589179915 ], [ 88.58517455869864, 26.989122390268179 ], [ 88.583763120446321, 26.985580444180066 ], [ 88.58216857708166, 26.98273849438678 ], [ 88.580223081390855, 26.979362487602305 ], [ 88.576736448122645, 26.975940704427437 ], [ 88.570960996683212, 26.972452163229597 ], [ 88.565155027648885, 26.97084426852167 ], [ 88.561813352498476, 26.970718383672718 ], [ 88.556770322853239, 26.970895766849843 ], [ 88.554061887769677, 26.971298217505289 ], [ 88.546768186944135, 26.97256660465909 ], [ 88.539451597473644, 26.973361968660193 ], [ 88.537284849226623, 26.973714828450625 ], [ 88.531616209361331, 26.973859786572042 ], [ 88.528297422854578, 26.97436714179333 ], [ 88.521873472547242, 26.973991393808802 ], [ 88.51921081385305, 26.975111007467724 ], [ 88.516036985466442, 26.974945068164509 ], [ 88.495994566195719, 26.98792266816292 ], [ 88.488914488071018, 26.993566512846957 ], [ 88.482810972492913, 26.997909545322155 ], [ 88.476043699702601, 27.002908706512702 ], [ 88.466400145062778, 27.006767272862245 ], [ 88.462898252989902, 27.013832092217633 ], [ 88.453994749544776, 27.018289565669715 ], [ 88.449661253496302, 27.022872924420358 ], [ 88.442741392737943, 27.025045394614342 ], [ 88.438522337670506, 27.017980575259994 ], [ 88.438613890456821, 27.006017684806803 ], [ 88.433540342771991, 26.989234924252845 ], [ 88.425018309251442, 26.980459213086693 ], [ 88.417663572792378, 26.960304259773192 ], [ 88.41316985983326, 26.947900771673385 ], [ 88.408073423949119, 26.937408447207563 ], [ 88.40313720588, 26.929481506279807 ], [ 88.405189513152948, 26.9288063047427 ], [ 88.408538817256982, 26.925800323107236 ], [ 88.411071776181018, 26.922451018991978 ], [ 88.411514280839967, 26.920442580640405 ], [ 88.412277220682952, 26.915363311441585 ], [ 88.411827086178064, 26.912422179918185 ], [ 88.410545348146215, 26.908761977929608 ], [ 88.40907287470435, 26.905780791952207 ], [ 88.407119749611795, 26.903852462509398 ], [ 88.405189513163933, 26.902500152423752 ], [ 88.400360106219964, 26.90094947797909 ], [ 88.396858214149233, 26.89998626676427 ], [ 88.394309996429527, 26.899991988701089 ], [ 88.39131164420354, 26.900238036913503 ], [ 88.388519286184234, 26.900243758850358 ], [ 88.385467528169301, 26.900501250935655 ], [ 88.383476256083569, 26.900733947363438 ], [ 88.380180357768992, 26.900991439448681 ], [ 88.371849059201537, 26.901540756137415 ], [ 88.363510130786082, 26.900859832665429 ], [ 88.35517883221867, 26.899343490289514 ], [ 88.347282408910914, 26.897018432578577 ], [ 88.345375060207814, 26.895971297980786 ], [ 88.341941832721957, 26.894023895266983 ], [ 88.338516234634696, 26.891717910376929 ], [ 88.336044310449623, 26.889114379397512 ], [ 88.330337523588113, 26.880781173340477 ], [ 88.327346800761589, 26.875274657829852 ], [ 88.325401305066791, 26.872446059821236 ], [ 88.324005126057457, 26.870283126488872 ], [ 88.321838378258235, 26.867834090940104 ], [ 88.319984435343997, 26.865972518621231 ], [ 88.313507079240637, 26.862024306954886 ], [ 88.308837889660808, 26.860445022378631 ], [ 88.305175780221461, 26.859519958605706 ], [ 88.301979064085174, 26.858972549380805 ], [ 88.29976653989435, 26.858705520435862 ], [ 88.296836852252738, 26.858243942055768 ], [ 88.294609069264979, 26.858007430704607 ], [ 88.290168761636806, 26.857437133284574 ], [ 88.287055968432952, 26.857217788642046 ], [ 88.279136656926298, 26.856807708589752 ], [ 88.271835326240932, 26.857263565035069 ], [ 88.267211913498912, 26.859489441017839 ], [ 88.263496398268842, 26.861730575347675 ], [ 88.261459349790627, 26.864112853773147 ], [ 88.259803771232399, 26.868751525324633 ], [ 88.2586364737233, 26.872446059831411 ], [ 88.259750365439359, 26.880781173351171 ], [ 88.260673522196953, 26.883607863897819 ], [ 88.262512206313701, 26.889114379408579 ], [ 88.263504027656225, 26.89435386642386 ], [ 88.264038085094541, 26.897449492928192 ], [ 88.263496398255583, 26.900836944035422 ], [ 88.262603759089032, 26.905784606448336 ], [ 88.260276793919758, 26.910900115627122 ], [ 88.258743285286968, 26.914115905494409 ], [ 88.257492064845522, 26.916444778130707 ], [ 88.255165099226929, 26.920440673650976 ], [ 88.250953673548125, 26.926568984460687 ], [ 88.246833800650336, 26.932298659989023 ], [ 88.243583678722871, 26.935867309646593 ], [ 88.239845275296517, 26.940469741668306 ], [ 88.238494872226028, 26.942287444609367 ], [ 88.235862731120832, 26.944822311453258 ], [ 88.233795165498321, 26.947452545103086 ], [ 88.232101439948707, 26.949388503944832 ], [ 88.23015594425128, 26.951856613215099 ], [ 88.227516173747986, 26.953144073189875 ], [ 88.223709105736319, 26.955787658624416 ], [ 88.221824645226519, 26.956838607247487 ], [ 88.219703673816213, 26.955787658624992 ], [ 88.216453551440935, 26.952825546368818 ], [ 88.21335601748433, 26.94745254510601 ], [ 88.212409972533464, 26.938034057458061 ], [ 88.211975097275754, 26.930784225528527 ], [ 88.2114334099888, 26.928724288850209 ], [ 88.21071624698844, 26.925226211241085 ], [ 88.209854125417976, 26.922451019021459 ], [ 88.208587645731512, 26.91902542092237 ], [ 88.207603453786277, 26.916561126576546 ], [ 88.206466674322769, 26.912813186730784 ], [ 88.206100463201224, 26.904846190898709 ], [ 88.207504272061826, 26.899793624369583 ], [ 88.207901000330565, 26.897449492936527 ], [ 88.209091186035266, 26.893043517812632 ], [ 88.21002960159214, 26.889114379416419 ], [ 88.211036681736104, 26.880781173358486 ], [ 88.211013793541582, 26.87829971275362 ], [ 88.211097716925281, 26.874839782586207 ], [ 88.211074828730759, 26.872446059838605 ], [ 88.210998534747446, 26.869953155360953 ], [ 88.211105346326349, 26.866497039667969 ], [ 88.211021422944469, 26.864112853780817 ], [ 88.210662841219801, 26.861284255771999 ], [ 88.210586547236431, 26.858686447178286 ], [ 88.210121154383572, 26.855777740261079 ], [ 88.208381652444885, 26.852550506071832 ], [ 88.203720092261648, 26.848880767673009 ], [ 88.199531554778602, 26.85015487676284 ], [ 88.196823119689455, 26.850484847908355 ], [ 88.19415283159158, 26.853105545147415 ], [ 88.188484191264052, 26.857894897206315 ], [ 88.18534088091377, 26.860971450889632 ], [ 88.178962706983015, 26.865299224568005 ], [ 88.174629210929496, 26.866924285536186 ], [ 88.175834655430805, 26.863689422397744 ], [ 88.176696777003116, 26.861282348315122 ], [ 88.176302366278563, 26.85759546454964 ], [ 88.175865176393131, 26.85851669632412 ], [ 88.173698427268818, 26.862337111227344 ], [ 88.172950746747063, 26.862789151987524 ], [ 88.172431942650675, 26.864145274267884 ], [ 88.164184569836664, 26.871110913081694 ], [ 88.161247256318333, 26.873115539571113 ], [ 88.161010740867795, 26.873804095782098 ], [ 88.161003110943611, 26.874254228260806 ], [ 88.160255435421746, 26.874919890599113 ], [ 88.159484861027295, 26.87491226567516 ], [ 88.159484861027153, 26.875371936359286 ], [ 88.155151368229369, 26.878486631472789 ], [ 88.150115968105169, 26.880636217472432 ], [ 88.149734493145132, 26.880788801456877 ], [ 88.148345948339937, 26.881912235298685 ], [ 88.147949218981225, 26.882524484967274 ], [ 88.146179199216036, 26.883632659860368 ], [ 88.146171569291852, 26.884092325094819 ], [ 88.145042424259557, 26.884983060947693 ], [ 88.144294734187383, 26.885435102157548 ], [ 88.142707826751746, 26.891534802271838 ], [ 88.143188478025365, 26.894678112900078 ], [ 88.143191781270829, 26.894773098739282 ], [ 88.144203182785802, 26.923856737529015 ], [ 88.144012892867877, 26.924265604317682 ], [ 88.141380314529343, 26.929922106834255 ], [ 88.140632624457254, 26.930147170348867 ], [ 88.139862060062626, 26.930597302378089 ], [ 88.138824465970657, 26.932846069691859 ], [ 88.138252258755259, 26.933204650330303 ], [ 88.137557986352746, 26.933639527961063 ], [ 88.137115478798989, 26.933773040084976 ], [ 88.136810305830963, 26.933864591475668 ], [ 88.135574340009669, 26.935089110363126 ], [ 88.129951473271092, 26.939119339382955 ], [ 88.125381464573209, 26.940437318392579 ], [ 88.1253738396491, 26.94089507989607 ], [ 88.124893181582863, 26.941118234825538 ], [ 88.123481749696026, 26.943593984238888 ], [ 88.123321531236513, 26.947427754809297 ], [ 88.123614524502102, 26.94852330740013 ], [ 88.125259394381899, 26.954673763536881 ], [ 88.126152038963383, 26.955604551391712 ], [ 88.128692628121286, 26.961168289278849 ], [ 88.12949371131198, 26.963136676227354 ], [ 88.133186339823496, 26.971685404565232 ], [ 88.133811949708118, 26.972377778238169 ], [ 88.135162356240556, 26.976890566813903 ], [ 88.134915048855831, 26.981499217682902 ], [ 88.134895321991891, 26.981866833086386 ], [ 88.132102962533494, 26.983667371652714 ], [ 88.131591797911852, 26.98377418744181 ], [ 88.125236510050954, 26.984121321144674 ], [ 88.11991882628169, 26.982931133517024 ], [ 88.115913395324839, 26.983951569032143 ], [ 88.110519409112385, 26.987520218636817 ], [ 88.110366820128277, 26.987655639491731 ], [ 88.108840940737323, 26.98870849298406 ], [ 88.10654449195161, 26.990407946504547 ], [ 88.105590819775955, 26.991209029697771 ], [ 88.102722163773919, 26.996120451364551 ], [ 88.101898191259991, 26.996475219541029 ], [ 88.101203923857412, 26.996776580047829 ], [ 88.101203921000192, 26.997238154509631 ], [ 88.096633915158364, 27.001029973850937 ], [ 88.094062802201321, 27.002418513659411 ], [ 88.093055727356145, 27.003046032726449 ], [ 88.090759278119748, 27.007762909225761 ], [ 88.090240474023545, 27.007986064009298 ], [ 88.089729309401804, 27.008216858716995 ], [ 88.088951110082164, 27.011585237410223 ], [ 88.085891721371496, 27.029659270587242 ], [ 88.085525510809518, 27.030778887416584 ], [ 88.084495542091418, 27.03169250714226 ], [ 88.083969112621546, 27.031915662375482 ], [ 88.081459042258444, 27.031902316258705 ], [ 88.080467221811887, 27.03166389207691 ], [ 88.076438906533028, 27.028665540959061 ], [ 88.075180051389367, 27.028888706192468 ], [ 88.074668886767512, 27.029111860976005 ], [ 88.069145200894212, 27.027256011010174 ], [ 88.063056947728668, 27.028556826890441 ], [ 88.061561582134374, 27.029010776381732 ], [ 88.061058041986996, 27.028774260481224 ], [ 88.056747438061336, 27.028966906468344 ], [ 88.045852660295523, 27.034326556434106 ], [ 88.045066831502012, 27.035903930216584 ], [ 88.044799807254492, 27.036796574800363 ], [ 88.040481568403479, 27.040596009112374 ], [ 88.039978028255788, 27.041719437954033 ], [ 88.039466858633944, 27.041944506918288 ], [ 88.03766631507041, 27.045993807348278 ], [ 88.036888126201191, 27.046585081425324 ], [ 88.034355161514782, 27.048309327999384 ], [ 88.02825164894945, 27.051572799635291 ], [ 88.024116517877246, 27.062831874253106 ], [ 88.023826604305896, 27.069171902729778 ], [ 88.024002322450542, 27.070037664826764 ], [ 88.025367738093436, 27.076765065159357 ], [ 88.0256118784676, 27.077978132110218 ], [ 88.025199889709796, 27.080919262647203 ], [ 88.025137151549373, 27.080961179879832 ], [ 88.022148130926979, 27.082958220395444 ], [ 88.020889280782455, 27.085657114738211 ], [ 88.019607541765737, 27.086084367894543 ], [ 88.019607541765609, 27.08654403812908 ], [ 88.017311092979313, 27.087882992729725 ], [ 88.016044618360908, 27.088768007389543 ], [ 88.014488219722097, 27.093048097527117 ], [ 88.013221740103646, 27.093952179497066 ], [ 88.012962340330532, 27.094615938104244 ], [ 88.010665891544079, 27.096414567939338 ], [ 88.009140012152756, 27.096628189517656 ], [ 88.005516050704856, 27.097953798001448 ], [ 88.004348757400976, 27.098630902276152 ], [ 88.003990171313447, 27.098840711392342 ], [ 88.000282288399063, 27.099956511209591 ], [ 87.993164061063553, 27.103935240841128 ], [ 87.993156431589071, 27.104394911075577 ], [ 87.992675785314347, 27.104625700783167 ], [ 87.991386411822447, 27.107757569025541 ], [ 87.991333008701915, 27.112760541632763 ], [ 87.991382521387493, 27.112931437522032 ], [ 87.992553715123933, 27.116973878432805 ], [ 87.994239808421796, 27.122713089177264 ], [ 87.99674224386068, 27.126564022876622 ], [ 88.002746581009049, 27.13183402973101 ], [ 88.006103512758116, 27.137508390869041 ], [ 88.007690429741444, 27.14339828731638 ], [ 88.011383058254808, 27.151351929115201 ], [ 88.013900758092063, 27.154289242639436 ], [ 88.015380864286939, 27.158142089620377 ], [ 88.015708926577503, 27.158243179666012 ], [ 88.015808107442354, 27.158275606744269 ], [ 88.016143799207299, 27.158378595520944 ], [ 88.016654971849348, 27.158378593626665 ], [ 88.017395014426853, 27.159074781655811 ], [ 88.0182952839302, 27.169258113458344 ], [ 88.017901486843527, 27.170297488888011 ], [ 88.016502379840773, 27.173990244805591 ], [ 88.015991205218938, 27.174221039063593 ], [ 88.014701841277983, 27.175338742611665 ], [ 88.01509401665524, 27.180259182531582 ], [ 88.015151978754304, 27.180986401965544 ], [ 88.016853331000888, 27.186145781018954 ], [ 88.018089291821241, 27.189970012934051 ], [ 88.018348696593947, 27.1907329578559 ], [ 88.018310548321622, 27.194787979478683 ], [ 88.018216645887449, 27.19566085576956 ], [ 88.017265314752891, 27.204504011572613 ], [ 88.016876220316163, 27.212539671107471 ], [ 88.017014210266424, 27.214460543215811 ], [ 88.017044068248296, 27.214876177349613 ], [ 88.017036438773872, 27.215015410666588 ], [ 88.017082216969001, 27.215593338626512 ], [ 88.017570497717486, 27.217412949052747 ], [ 88.020317073530535, 27.221031189313621 ], [ 88.023513791820378, 27.228017808267637 ], [ 88.024681090573395, 27.229206082614603 ], [ 88.028808596716587, 27.235439305301679 ], [ 88.028938296378115, 27.235572817425513 ], [ 88.029808047087116, 27.236274719303868 ], [ 88.03324890030153, 27.243736268340456 ], [ 88.033081179691479, 27.248708392597425 ], [ 88.032539368494412, 27.264770508914342 ], [ 88.032683551591262, 27.265303430793264 ], [ 88.036010740953699, 27.277601240671014 ], [ 88.038986207742369, 27.281681060346958 ], [ 88.042213439829538, 27.285633088642463 ], [ 88.043716429896804, 27.289712907868886 ], [ 88.044410702297327, 27.296720502414693 ], [ 88.048835756932306, 27.307851790650936 ], [ 88.051010130529562, 27.310874944372969 ], [ 88.05506896960388, 27.317846298928476 ], [ 88.06062316927266, 27.322875978319576 ], [ 88.061653138439667, 27.324460981576237 ], [ 88.062347406263854, 27.325134276304897 ], [ 88.065040588983095, 27.333976742759109 ], [ 88.064857481201059, 27.337903978001414 ], [ 88.06479665956374, 27.33853214708498 ], [ 88.064735411013444, 27.339164731878654 ], [ 88.063957216693751, 27.342552182432382 ], [ 88.06134796046392, 27.349311824141413 ], [ 88.057205199920105, 27.353202819843862 ], [ 88.05704498601186, 27.353778839522551 ], [ 88.050064083264161, 27.357532500639334 ], [ 88.050056453339991, 27.357992170873779 ], [ 88.04737091011954, 27.359806060107317 ], [ 88.045539857759394, 27.36341857962535 ], [ 88.0443191508853, 27.369173044768516 ], [ 88.044258113288791, 27.378793718009717 ], [ 88.04426837409811, 27.37885858131564 ], [ 88.046760559172625, 27.394613267679382 ], [ 88.048965456565085, 27.403015138226124 ], [ 88.050933833508353, 27.406867980207068 ], [ 88.054100033001703, 27.410524369188845 ], [ 88.057632447607276, 27.412963863308118 ], [ 88.062767029044906, 27.416469572036366 ], [ 88.067558288793961, 27.418527601644218 ], [ 88.070823669151949, 27.421722410761156 ], [ 88.070945739338939, 27.422391890561418 ], [ 88.070960174761595, 27.422482571408523 ], [ 88.071304320079534, 27.424644469776005 ], [ 88.070525454393106, 27.426756253432721 ], [ 88.069725038017907, 27.428926468644502 ], [ 88.070156251912721, 27.433001471961521 ], [ 88.07079314545328, 27.43902015823716 ], [ 88.070381863045782, 27.440656055652283 ], [ 88.068840027904869, 27.446788783973989 ], [ 88.064231870934847, 27.450590131567239 ], [ 88.060600280011556, 27.458478928760737 ], [ 88.058731078931615, 27.459884641698444 ], [ 88.055366517706901, 27.46238708714305 ], [ 88.053657535534967, 27.463684081010278 ], [ 88.052444458585796, 27.466545107542828 ], [ 88.051666259716669, 27.466997148302955 ], [ 88.050628660624952, 27.467884061693759 ], [ 88.048019409394357, 27.476680757869261 ], [ 88.047393804113625, 27.488895412856554 ], [ 88.047386164705628, 27.489324573862255 ], [ 88.04758990273946, 27.489934755648807 ], [ 88.048141479576856, 27.491586682364026 ], [ 88.051887515758722, 27.498411179128279 ], [ 88.05490112626812, 27.500917437034303 ], [ 88.054893496343908, 27.501377102718433 ], [ 88.055412290889606, 27.501384732192776 ], [ 88.056152341487206, 27.502054211992892 ], [ 88.060150142967842, 27.507278441101992 ], [ 88.061996459723105, 27.5130538918363 ], [ 88.063079831558312, 27.518390657478108 ], [ 88.068138121003258, 27.522729871477686 ], [ 88.070114137420404, 27.527267453106965 ], [ 88.070228577683267, 27.528163909703103 ], [ 88.070083613622657, 27.529972078193033 ], [ 88.069763181256064, 27.530178069847121 ], [ 88.069173597598095, 27.530488473225756 ], [ 88.067314148486588, 27.531467433790425 ], [ 88.064308167900023, 27.533071513907799 ], [ 88.063461306513446, 27.53332519248826 ], [ 88.063331601402041, 27.53378105571041 ], [ 88.063308717528656, 27.535572051070922 ], [ 88.065075386129962, 27.537980430488101 ], [ 88.066307068638991, 27.539659499771656 ], [ 88.067169194422078, 27.545087816804052 ], [ 88.070426944855697, 27.548526761745844 ], [ 88.072708129691705, 27.54944229565184 ], [ 88.080017083600879, 27.553564075309765 ], [ 88.080749510399556, 27.554243088616758 ], [ 88.081253050546238, 27.555824284861096 ], [ 88.082374576103661, 27.556749341972605 ], [ 88.083526615008168, 27.557657240954626 ], [ 88.083595272523112, 27.565580363957018 ], [ 88.083527019678598, 27.565684573726738 ], [ 88.081390385127406, 27.568946838919381 ], [ 88.080642704605566, 27.569372173344661 ], [ 88.079818727089929, 27.57526779053573 ], [ 88.080693468103092, 27.577028924609301 ], [ 88.08354186939799, 27.582763670831255 ], [ 88.086059569683371, 27.585947038012005 ], [ 88.094375609561268, 27.592327113939973 ], [ 88.094375609561112, 27.592767712763564 ], [ 88.100700373622999, 27.596153254585694 ], [ 88.101852412977138, 27.596769331266533 ], [ 88.105072015139541, 27.598495481570982 ], [ 88.107017518210299, 27.599523542009468 ], [ 88.107734679485247, 27.599891661302898 ], [ 88.111259464615046, 27.603090287882043 ], [ 88.114006040875523, 27.607837678177685 ], [ 88.115646360528359, 27.609437946282387 ], [ 88.11627197086257, 27.609882357118416 ], [ 88.117256161833012, 27.613842014888515 ], [ 88.122261048151344, 27.634101863603973 ], [ 88.12436675967831, 27.64048004080141 ], [ 88.12563323429481, 27.642740249601633 ], [ 88.130256655658371, 27.647966387441826 ], [ 88.131668089784966, 27.649122238811195 ], [ 88.134429929995107, 27.650384906419269 ], [ 88.140777588378171, 27.653238298027205 ], [ 88.147415159879046, 27.661207199224474 ], [ 88.149826053217367, 27.662580496275609 ], [ 88.151077269593429, 27.664628981036806 ], [ 88.153511047959967, 27.672752374949727 ], [ 88.155242919449762, 27.681379319011256 ], [ 88.154948201549729, 27.685401472121573 ], [ 88.154647827909173, 27.689500809193429 ], [ 88.15207671995168, 27.695363998856685 ], [ 88.152256836652185, 27.700282917866279 ], [ 88.152267457204744, 27.700572968567801 ], [ 88.156745914504526, 27.713720325679386 ], [ 88.157905578777573, 27.726156237257797 ], [ 88.160446162933781, 27.731481555963132 ], [ 88.168235773788169, 27.737758638114599 ], [ 88.172943116618114, 27.739892959714755 ], [ 88.174819942170444, 27.74074554729614 ], [ 88.180587768412479, 27.745075227640839 ], [ 88.180870057057859, 27.745286940487919 ], [ 88.184326170114176, 27.757963174979199 ], [ 88.187057491524541, 27.764116288662173 ], [ 88.190086366428645, 27.76971435780834 ], [ 88.193176268926749, 27.77396583787975 ], [ 88.194068903507599, 27.77462959148686 ], [ 88.194602962451071, 27.775236129962234 ], [ 88.195243836733326, 27.776576992844035 ], [ 88.195472712708963, 27.777059557401 ], [ 88.195877071541389, 27.777336125303808 ], [ 88.196113587441289, 27.777500156224566 ], [ 88.198844903851239, 27.784057618291602 ], [ 88.198352901226443, 27.788477280170206 ], [ 88.198287966032623, 27.789060591348726 ], [ 88.196739192319043, 27.792890549007463 ], [ 88.195983887323479, 27.793085099174785 ], [ 88.194190973686176, 27.794801715824576 ], [ 88.193664554666015, 27.795944211976344 ], [ 88.193351746774042, 27.796237942559095 ], [ 88.191207886973743, 27.797782898813658 ], [ 88.189979550627783, 27.798465724281321 ], [ 88.189041132849596, 27.80277633821574 ], [ 88.186439511095685, 27.808845514982732 ], [ 88.183113103144734, 27.810657500485242 ], [ 88.179313658843981, 27.811302182232055 ], [ 88.177268985358282, 27.812181471148506 ], [ 88.176849361676375, 27.815118789673193 ], [ 88.177368161221239, 27.816476825684401 ], [ 88.178405796910383, 27.817092825897991 ], [ 88.185066220684845, 27.821046834391698 ], [ 88.193161009505687, 27.827217100754137 ], [ 88.197700504401737, 27.830183029344468 ], [ 88.201240532701235, 27.834024424733986 ], [ 88.202728275043981, 27.838117599732783 ], [ 88.202528992407835, 27.843054433351952 ], [ 88.202400207750188, 27.846244811108011 ], [ 88.201622008881657, 27.846929549857016 ], [ 88.201103209336281, 27.847179416425117 ], [ 88.19168853777505, 27.852050780639967 ], [ 88.189895629138093, 27.853187565598763 ], [ 88.189376834592707, 27.853179930674717 ], [ 88.189376834592508, 27.853639606358851 ], [ 88.189376834592323, 27.854080200182537 ], [ 88.183242798235796, 27.857868192108185 ], [ 88.183250427710064, 27.858308790931869 ], [ 88.183235163311465, 27.858768461616005 ], [ 88.181968688694226, 27.859655385006786 ], [ 88.18183135410861, 27.859788897130652 ], [ 88.180656430881456, 27.861158370528003 ], [ 88.178894040591615, 27.861927036193315 ], [ 88.173027038483397, 27.862117763449195 ], [ 88.17176818834092, 27.861873623074299 ], [ 88.166687010024035, 27.864093780322289 ], [ 88.163139346021524, 27.864645006947473 ], [ 88.151939390297528, 27.866479871772874 ], [ 88.15004730034633, 27.866310119659069 ], [ 88.14189910885213, 27.865585323458575 ], [ 88.134056089874136, 27.869005201540503 ], [ 88.135711669374217, 27.871675490367593 ], [ 88.13660163020522, 27.873302896042443 ], [ 88.138816830821213, 27.877353668967945 ], [ 88.138549806572499, 27.881372455600928 ], [ 88.138305931442716, 27.881885470996757 ], [ 88.136009212411963, 27.886716841166983 ], [ 88.134910586175593, 27.890518189209569 ], [ 88.134391781630086, 27.89074897391713 ], [ 88.133872982084199, 27.891872402758764 ], [ 88.131835938072456, 27.892879488055694 ], [ 88.131591797698121, 27.892999649512152 ], [ 88.131111141872964, 27.894258494658363 ], [ 88.130294804283039, 27.895696639674217 ], [ 88.128242495422938, 27.897495269958814 ], [ 88.127464296554223, 27.897928233858469 ], [ 88.126190187011744, 27.901018141367484 ], [ 88.125411988143, 27.901453018998176 ], [ 88.125274658556975, 27.902597428431278 ], [ 88.12256622101421, 27.907609934693699 ], [ 88.122329710112737, 27.911256790020897 ], [ 88.122261048044095, 27.91302490105889 ], [ 88.122504461351838, 27.913639893171098 ], [ 88.125495909601426, 27.92119789062917 ], [ 88.134574884394951, 27.929851531025225 ], [ 88.137588504901785, 27.933712007480562 ], [ 88.137657161969173, 27.935272218133541 ], [ 88.137568664029402, 27.939144008089361 ], [ 88.13752746002811, 27.940946582547124 ], [ 88.132415770190917, 27.943386078841492 ], [ 88.132392885867603, 27.945657730027868 ], [ 88.132652285640035, 27.946327209828045 ], [ 88.13446486054832, 27.947834069968138 ], [ 88.138702395527673, 27.951356888770007 ], [ 88.141838076220864, 27.957023619984319 ], [ 88.143478395873203, 27.958393098381539 ], [ 88.147788999795253, 27.958889008605762 ], [ 88.148567199113401, 27.958665848822175 ], [ 88.148750306894144, 27.958593369292057 ], [ 88.162391665462835, 27.953201291799253 ], [ 88.175918578769313, 27.943706506206894 ], [ 88.182304380423957, 27.94013977033373 ], [ 88.184356688833333, 27.939701080241001 ], [ 88.184951780370625, 27.939640047647238 ], [ 88.191421508490066, 27.938991547988611 ], [ 88.195091242678856, 27.939071657442653 ], [ 88.195716853012811, 27.939085003110055 ], [ 88.197334288792604, 27.939119339368897 ], [ 88.203422542400105, 27.941644664135538 ], [ 88.204414362845412, 27.942543029912283 ], [ 88.205818177046069, 27.945936206209286 ], [ 88.20793151849476, 27.953405380170295 ], [ 88.208396909919657, 27.955915450538601 ], [ 88.211280820313576, 27.96092033187686 ], [ 88.212173459894302, 27.961591724958382 ], [ 88.212173459894089, 27.962051395642522 ], [ 88.218498228951859, 27.963216780666905 ], [ 88.222808837873217, 27.961429597768301 ], [ 88.22451782004326, 27.960802074151029 ], [ 88.225326538158015, 27.960412979265946 ], [ 88.226699823563521, 27.959899905912096 ], [ 88.229057314940079, 27.959611896072811 ], [ 88.230247492564672, 27.959465028281414 ], [ 88.231010437483988, 27.959701538732276 ], [ 88.23178863680161, 27.959928510977804 ], [ 88.234825136180078, 27.962665559041366 ], [ 88.238357540782218, 27.9633541102523 ], [ 88.238403313977415, 27.963340759584792 ], [ 88.239135740100011, 27.963130950468717 ], [ 88.239662169119811, 27.962669376053523 ], [ 88.24144744328197, 27.961330411902761 ], [ 88.243820189062177, 27.94958496026609 ], [ 88.245056149882259, 27.948747637532772 ], [ 88.246101378447179, 27.948041917742604 ], [ 88.24636840814432, 27.946920397182243 ], [ 88.246376037619129, 27.946002959994694 ], [ 88.246902466638701, 27.945798871621964 ], [ 88.246902466638915, 27.945339201387505 ], [ 88.248817440911822, 27.944881439434351 ], [ 88.249313351134546, 27.944761272977804 ], [ 88.252525328820738, 27.94399451604351 ], [ 88.256828307815709, 27.945606235635001 ], [ 88.257026669994445, 27.946151736516672 ], [ 88.257080078113546, 27.946294782295645 ], [ 88.267456056314728, 27.95178413692166 ], [ 88.269500730248481, 27.952026363565604 ], [ 88.270271299642104, 27.95180130005107 ], [ 88.273834223040609, 27.952054978631359 ], [ 88.279151912252345, 27.953763965806449 ], [ 88.279647822475027, 27.953542709754 ], [ 88.280166626570349, 27.953769686999543 ], [ 88.280677791640926, 27.953914641059853 ], [ 88.282203671029094, 27.955047608556452 ], [ 88.283454896246326, 27.955972670668046 ], [ 88.284225465639551, 27.956640241737276 ], [ 88.285346986194256, 27.959821705187228 ], [ 88.285461426456777, 27.960948941940519 ], [ 88.286476131223964, 27.96164512807562 ], [ 88.288131710723164, 27.962779994303265 ], [ 88.289016725379454, 27.963241578268732 ], [ 88.292251582386598, 27.963630678153631 ], [ 88.2987060561032, 27.964408877024148 ], [ 88.301376344920925, 27.963790891612192 ], [ 88.302490236002953, 27.963531496838659 ], [ 88.308341978707773, 27.964538572135371 ], [ 88.313430781943055, 27.965412139858575 ], [ 88.317504879960183, 27.968152999934478 ], [ 88.322555539471892, 27.973831178085398 ], [ 88.324821474905661, 27.975193026558596 ], [ 88.331535338392953, 27.976797106675729 ], [ 88.332550043160424, 27.976573941892145 ], [ 88.336128230955538, 27.977396010676678 ], [ 88.337783810454383, 27.977981563560665 ], [ 88.339805600064039, 27.979675291337511 ], [ 88.340461729194061, 27.980226518412294 ], [ 88.341079709602823, 27.981378557319715 ], [ 88.343650817554362, 27.982498169148993 ], [ 88.346389768888031, 27.983472826917939 ], [ 88.353828428572456, 27.984964370052953 ], [ 88.358833309890798, 27.985113142024879 ], [ 88.359596254809517, 27.985334398077395 ], [ 88.372375487577273, 27.983621593439896 ], [ 88.383338927388806, 27.979164121714028 ], [ 88.390251158055506, 27.975366591133479 ], [ 88.390243533043446, 27.974906925088465 ], [ 88.397369385823694, 27.973340989052883 ], [ 88.39837646066654, 27.973577494503861 ], [ 88.40260315311528, 27.975223535354303 ], [ 88.404617303249864, 27.976594927482651 ], [ 88.409278874199217, 27.978851314076444 ], [ 88.410575866738498, 27.979084012259591 ], [ 88.412864685593007, 27.982242586836755 ], [ 88.415122981101447, 27.983402251118022 ], [ 88.417381281607931, 27.987939832297961 ], [ 88.418533320959284, 27.989070896063666 ], [ 88.420303340719329, 27.991121290747977 ], [ 88.420913696203627, 27.992485042952275 ], [ 88.432090758030697, 28.001127241412544 ], [ 88.432090758030455, 28.001558306581128 ], [ 88.433357237645041, 28.002031327932695 ], [ 88.434074398918256, 28.002676010129111 ], [ 88.435127257405057, 28.003622057382564 ], [ 88.435668940822168, 28.003829957767667 ], [ 88.441200251155365, 28.00590324177444 ], [ 88.459526059094046, 28.010520932408664 ], [ 88.464462278339568, 28.012708661678975 ], [ 88.470184325926013, 28.015323639555259 ], [ 88.473220820748537, 28.018718719583401 ], [ 88.477783199504032, 28.028362272147636 ], [ 88.48026275106092, 28.032323833649045 ], [ 88.486595150028606, 28.038089751178539 ], [ 88.490470880861849, 28.040523529554886 ], [ 88.491729736001545, 28.04110526497686 ], [ 88.498283386022095, 28.043592456472613 ], [ 88.509742736042355, 28.044446942335707 ], [ 88.510261530586703, 28.044223782552145 ], [ 88.510269165511048, 28.043766020599037 ], [ 88.5102767949857, 28.043306350364567 ], [ 88.511550904524341, 28.042644500038755 ], [ 88.515602108664922, 28.041997909561058 ], [ 88.525299068850117, 28.039541242312104 ], [ 88.529426574983688, 28.036615370723865 ], [ 88.529663080883651, 28.035703654279622 ], [ 88.529663080883964, 28.035264969186954 ], [ 88.530944819896774, 28.034574509244962 ], [ 88.530937189973059, 28.034118656022798 ], [ 88.536308286846946, 28.032352448715869 ], [ 88.540115356062614, 28.031909941161299 ], [ 88.541900630220454, 28.032148360343282 ], [ 88.54656219484292, 28.034006119490783 ], [ 88.546798700742173, 28.034097670431759 ], [ 88.547500607616641, 28.034425732723022 ], [ 88.548988338730595, 28.035589224016665 ], [ 88.549537657070999, 28.036014558441927 ], [ 88.550102229359666, 28.037170409811473 ], [ 88.551307676827903, 28.039653778845185 ], [ 88.551460260807502, 28.045215603451528 ], [ 88.551506039001978, 28.045993802322233 ], [ 88.552246089595869, 28.048040389994217 ], [ 88.553642268869751, 28.04939842600556 ], [ 88.559013365736121, 28.056653977939391 ], [ 88.560371397187623, 28.059345242358141 ], [ 88.560874936882399, 28.060932164795663 ], [ 88.561080928976097, 28.073152541065607 ], [ 88.563072199781388, 28.080366132266061 ], [ 88.566879273544089, 28.083093641674772 ], [ 88.575546264558412, 28.084506989087203 ], [ 88.576377866544135, 28.083984372527979 ], [ 88.579360963248604, 28.082042691914108 ], [ 88.583465570506164, 28.081146239868481 ], [ 88.585037228086094, 28.08176040826806 ], [ 88.585189817069576, 28.081819537130759 ], [ 88.594131467250918, 28.085710527833513 ], [ 88.596168511255073, 28.086847307342683 ], [ 88.597694390640029, 28.087078092050312 ], [ 88.598968500177406, 28.086860658459916 ], [ 88.603782649228663, 28.091169353663599 ], [ 88.604660034407786, 28.092456818875871 ], [ 88.611412041349112, 28.093929285910221 ], [ 88.61402130281806, 28.0952091258888 ], [ 88.622062678495467, 28.098106386962019 ], [ 88.625083918917156, 28.099220278048204 ], [ 88.622451179707582, 28.103789368575999 ], [ 88.622192378601383, 28.104238515054018 ], [ 88.620780944478341, 28.105472567146826 ], [ 88.620193482633482, 28.11132431448279 ], [ 88.619476316137664, 28.114284512721095 ], [ 88.619110101026322, 28.115180969317191 ], [ 88.616973870706204, 28.117071150992349 ], [ 88.615524288312088, 28.118352890011383 ], [ 88.615386958724301, 28.121730801910246 ], [ 88.616134638792502, 28.123088833371188 ], [ 88.616237548081912, 28.123137697746593 ], [ 88.618408198695363, 28.12416839274875 ], [ 88.620468137021433, 28.125146862979889 ], [ 88.62989043802466, 28.126516340928116 ], [ 88.635528564141595, 28.122699738487299 ], [ 88.635536194065978, 28.122240068252829 ], [ 88.635528564142319, 28.121809002634542 ], [ 88.637580872995784, 28.120233537583207 ], [ 88.638336177989103, 28.120008464068725 ], [ 88.638336177989459, 28.119567875245014 ], [ 88.639114376855488, 28.119342801730536 ], [ 88.640365597521708, 28.116634364182357 ], [ 88.640884396615903, 28.116411209398908 ], [ 88.641410820634036, 28.116176602678983 ], [ 88.645004273278701, 28.104228971400268 ], [ 88.64628600729327, 28.099920276196848 ], [ 88.647949216263868, 28.09866714224361 ], [ 88.649833676735341, 28.097265241768159 ], [ 88.653831477753769, 28.094671244483656 ], [ 88.66267395207592, 28.085405354868321 ], [ 88.669631950928377, 28.075206758217124 ], [ 88.675308220765913, 28.069646832791658 ], [ 88.681320186913283, 28.068401338313077 ], [ 88.68183898645654, 28.068637848764102 ], [ 88.683624265611371, 28.069766999248618 ], [ 88.68563842573937, 28.072942731955568 ], [ 88.694320676142809, 28.074552532816828 ], [ 88.703727717744613, 28.072536468942275 ], [ 88.706344598884044, 28.072940828225907 ], [ 88.712394708748562, 28.073713306353621 ], [ 88.722831724511693, 28.071268075591934 ], [ 88.727928157204502, 28.071950911060068 ], [ 88.737617487896543, 28.070859914297298 ], [ 88.748817438120923, 28.071577071024766 ], [ 88.753959649009261, 28.070293428275015 ], [ 88.759544372448872, 28.068897248543244 ], [ 88.76207732712254, 28.067529678877094 ], [ 88.762084956597292, 28.067087171772013 ], [ 88.776474000629221, 28.056842801926166 ], [ 88.776710506079027, 28.056224821514256 ], [ 88.777229305622001, 28.056230542257641 ], [ 88.777564997385312, 28.05599594053772 ], [ 88.77917479868475, 28.054714206518717 ], [ 88.779167173761181, 28.054254535834538 ], [ 88.779174798685602, 28.053794860150454 ], [ 88.781738276705752, 28.052453997268742 ], [ 88.790687551354068, 28.046363830360349 ], [ 88.790946956126703, 28.045223232939485 ], [ 88.79120635589922, 28.044094087904764 ], [ 88.791961660891744, 28.043636320951695 ], [ 88.792709351409897, 28.043199539590116 ], [ 88.794013969744654, 28.039834977908995 ], [ 88.795021054584808, 28.039148330429107 ], [ 88.795028684509234, 28.038707731605388 ], [ 88.803085319579722, 28.032644271031749 ], [ 88.803085319580148, 28.032203672208023 ], [ 88.80334472435176, 28.031999583835322 ], [ 88.80446624490385, 28.031501769879934 ], [ 88.805839535305935, 28.028383257304931 ], [ 88.805999748763696, 28.028081891798202 ], [ 88.807777398444344, 28.026729581980135 ], [ 88.807785027919095, 28.026296617630795 ], [ 88.813674919324896, 28.022312162256885 ], [ 88.813667289401323, 28.021852491572709 ], [ 88.813926689172874, 28.02169418139529 ], [ 88.816200254073308, 28.020879747534913 ], [ 88.827575682600894, 28.015344619713911 ], [ 88.829025264991984, 28.014593127178156 ], [ 88.833663941182351, 28.012674330887059 ], [ 88.837364189151316, 28.010776519737686 ], [ 88.838050837076111, 28.010124203066997 ], [ 88.841171262910109, 28.007156370745427 ], [ 88.842903134405049, 27.99602699123859 ], [ 88.843917839168995, 27.995109559051048 ], [ 88.84399413616093, 27.994739531026504 ], [ 88.84450531077978, 27.994514467512019 ], [ 88.844512935254798, 27.993824007569959 ], [ 88.84503936472278, 27.992471692301987 ], [ 88.847312924173949, 27.990682605672539 ], [ 88.848897040300983, 27.987141638908135 ], [ 88.849128722127588, 27.986623762037066 ], [ 88.848253113246315, 27.966088071154466 ], [ 88.848030085924648, 27.960857395562659 ], [ 88.848152156112249, 27.959739687464381 ], [ 88.851219174276423, 27.957233429558009 ], [ 88.851307063118028, 27.956794471291492 ], [ 88.852256772917158, 27.952051161181366 ], [ 88.84791564022494, 27.948415757789956 ], [ 88.844627381017844, 27.942989349487629 ], [ 88.844479784435876, 27.933080880629138 ], [ 88.844398495058428, 27.92762374930706 ], [ 88.847702019120533, 27.92604637052478 ], [ 88.861671439457325, 27.922361371927206 ], [ 88.867080690035976, 27.920904159601672 ], [ 88.869361874410728, 27.919094082830394 ], [ 88.872917168328328, 27.908689499524623 ], [ 88.878318778991712, 27.898073197922191 ], [ 88.878799434813615, 27.898078919115271 ], [ 88.878807064288395, 27.897617340149726 ], [ 88.879554739805741, 27.897457121241398 ], [ 88.887733455057017, 27.891321181137457 ], [ 88.887733455057457, 27.890890125519146 ], [ 88.888244624675991, 27.890884394775849 ], [ 88.888511654372763, 27.88930129980027 ], [ 88.888557432568192, 27.888866427169578 ], [ 88.889060967262608, 27.888864513438673 ], [ 88.88915490888094, 27.888694951132674 ], [ 88.889442437221092, 27.888175967227586 ], [ 88.889419553352027, 27.884693142820861 ], [ 88.888281591314339, 27.877611810084055 ], [ 88.888015744166424, 27.875957489238157 ], [ 88.888778678642637, 27.865785594370692 ], [ 88.889793393407615, 27.863521572658538 ], [ 88.892585752401075, 27.861043929817971 ], [ 88.892941196415109, 27.85981660658387 ], [ 88.89376067607499, 27.856986999463743 ], [ 88.893630975966886, 27.854709627533666 ], [ 88.890983581036593, 27.85314369568734 ], [ 88.890853881376302, 27.85268211172178 ], [ 88.89006804758985, 27.851097108464764 ], [ 88.89005278831246, 27.850959783795407 ], [ 88.888969416378146, 27.834608078992574 ], [ 88.888351435523262, 27.833255768724488 ], [ 88.886932366930694, 27.832794189758921 ], [ 88.885795591982415, 27.831895828981946 ], [ 88.885047911917226, 27.829622269064227 ], [ 88.884635923163472, 27.829025269243743 ], [ 88.884201045537296, 27.828281401182196 ], [ 88.883247373369343, 27.826723094260007 ], [ 88.880989067872818, 27.823043821404461 ], [ 88.876258845748382, 27.820188526064452 ], [ 88.875465387036158, 27.820249553658151 ], [ 88.873504630028577, 27.819334029751712 ], [ 88.870300292284313, 27.817396167049075 ], [ 88.863748378575636, 27.813802082159654 ], [ 88.863700864091612, 27.81377601805606 ], [ 88.863334653532263, 27.813543314617334 ], [ 88.862205498508118, 27.812168120476482 ], [ 88.862083428323174, 27.810600280349032 ], [ 88.862594602942011, 27.810377125565477 ], [ 88.86273192752796, 27.809247970081046 ], [ 88.863212583351142, 27.808105464378901 ], [ 88.865223469666319, 27.807010317196994 ], [ 88.865264887200482, 27.806987761280652 ], [ 88.865402216338751, 27.803812023573741 ], [ 88.864768976542763, 27.794536590302371 ], [ 88.860327998682465, 27.774490822652275 ], [ 88.8602142272902, 27.77397727980836 ], [ 88.860488891469558, 27.764009472864043 ], [ 88.862190244164552, 27.756029134279409 ], [ 88.862442014012885, 27.75498771317325 ], [ 88.863792415541198, 27.752605434185192 ], [ 88.864807120305159, 27.751686092816964 ], [ 88.865364073120205, 27.750246049069979 ], [ 88.866386412358452, 27.749347683293255 ], [ 88.867385857723818, 27.748668670287625 ], [ 88.869201655677443, 27.744600292997028 ], [ 88.86975472140854, 27.73910235564049 ], [ 88.870201106051795, 27.734664918130836 ], [ 88.868896482723954, 27.731496810347991 ], [ 88.86211394720209, 27.725831987413869 ], [ 88.861602782584271, 27.724935530817699 ], [ 88.861526485592805, 27.724819181373547 ], [ 88.859344482088204, 27.719722743643924 ], [ 88.858322137406702, 27.713861462711126 ], [ 88.857810972788556, 27.71319389164189 ], [ 88.854499809255216, 27.711122516365773 ], [ 88.849075314730499, 27.70772743088753 ], [ 88.847116546475888, 27.706992891079047 ], [ 88.846679681030707, 27.70682906341094 ], [ 88.846420284874412, 27.706142427630482 ], [ 88.846427909800525, 27.703887939573189 ], [ 88.847183224794719, 27.701391214872078 ], [ 88.84767913501544, 27.701177593293938 ], [ 88.8481903046345, 27.700952529779425 ], [ 88.848960874026986, 27.698474886938676 ], [ 88.85326499467584, 27.695999443252603 ], [ 88.853301996726515, 27.695978162237694 ], [ 88.853286741817669, 27.690103525760993 ], [ 88.852326368599606, 27.686262044642667 ], [ 88.851913446939946, 27.684610363098887 ], [ 88.852256773180088, 27.681606291236843 ], [ 88.85275268385432, 27.677293778571205 ], [ 88.853012078626577, 27.676370620190539 ], [ 88.853195190957337, 27.675756452240602 ], [ 88.854354250583597, 27.671658074164728 ], [ 88.854469290496212, 27.671251298138642 ], [ 88.85435485523989, 27.664571760883216 ], [ 88.850830075133288, 27.65868568189688 ], [ 88.846153255676882, 27.654382707886022 ], [ 88.844497671185081, 27.65324973993954 ], [ 88.839950556841529, 27.646009442403837 ], [ 88.833724973680134, 27.641149520125271 ], [ 88.830039975112072, 27.63852119703105 ], [ 88.828445433212806, 27.637966152943864 ], [ 88.827514640365067, 27.637620927972772 ], [ 88.8256606991431, 27.637935634146892 ], [ 88.823234550259158, 27.638347622904689 ], [ 88.820915217162934, 27.639192580562156 ], [ 88.818389892415496, 27.63849449069598 ], [ 88.817642212348204, 27.637598038650136 ], [ 88.814842223435207, 27.631942749371479 ], [ 88.814517813013794, 27.630141606309067 ], [ 88.814109797319247, 27.627876280811776 ], [ 88.815917965807358, 27.614814753896212 ], [ 88.815925852921524, 27.614659594357722 ], [ 88.81616210573516, 27.610012057199185 ], [ 88.815650931116693, 27.609327318000464 ], [ 88.813156125174203, 27.598936080361881 ], [ 88.809623715589098, 27.595527649216361 ], [ 88.808616635299799, 27.595296864508782 ], [ 88.808624265224083, 27.59486579934017 ], [ 88.808113090605062, 27.594860078147047 ], [ 88.808105465681436, 27.594400407912548 ], [ 88.805572506460635, 27.592145919855358 ], [ 88.805076595790155, 27.592147828586391 ], [ 88.805076595790553, 27.591690061633255 ], [ 88.802223199204491, 27.589681622682082 ], [ 88.801727288983756, 27.589683530963431 ], [ 88.800453179450031, 27.58767700574322 ], [ 88.799453729085613, 27.586296080409422 ], [ 88.796188348744963, 27.58376121743699 ], [ 88.794921869135564, 27.58125877654275 ], [ 88.793205262056304, 27.571971891335185 ], [ 88.792449947064696, 27.571075439738951 ], [ 88.789909362919104, 27.569053654670704 ], [ 88.775856020658836, 27.563589097647895 ], [ 88.77586364513364, 27.563129427413408 ], [ 88.775216026749703, 27.562638269076654 ], [ 88.774955746158284, 27.562440870752713 ], [ 88.774703981880151, 27.560649876622513 ], [ 88.775489805105494, 27.555669787106819 ], [ 88.776016229123258, 27.555444713592198 ], [ 88.776527404192365, 27.555210116422632 ], [ 88.780708307998566, 27.540206904342661 ], [ 88.78266906546493, 27.533300399841828 ], [ 88.783126826965486, 27.532978058743602 ], [ 88.783927910153466, 27.532409663989032 ], [ 88.786712644676456, 27.529705048453078 ], [ 88.787467949670202, 27.528348926172761 ], [ 88.787467949670557, 27.527915952273109 ], [ 88.791809082373419, 27.525217057930085 ], [ 88.793579102130352, 27.524765017170054 ], [ 88.794578547495874, 27.524999613889907 ], [ 88.795078271714559, 27.524890188618901 ], [ 88.795623776056729, 27.524770738362978 ], [ 88.796112056803665, 27.524307255216801 ], [ 88.796501160701283, 27.521839144857161 ], [ 88.796371448900487, 27.520711895541822 ], [ 88.79524230610231, 27.520244599119216 ], [ 88.794555658630259, 27.516550061865455 ], [ 88.794197082546148, 27.514871598486923 ], [ 88.793701172328653, 27.510803226196305 ], [ 88.793647759660573, 27.509332653202801 ], [ 88.793556208272349, 27.507194519140089 ], [ 88.792236325547705, 27.499870295138091 ], [ 88.791427750512824, 27.49574327982636 ], [ 88.790733335043456, 27.492198941984306 ], [ 88.790840145833329, 27.490243910702915 ], [ 88.791801452928837, 27.489439010047644 ], [ 88.792740404780758, 27.488449346122248 ], [ 88.793037413744997, 27.488136295436991 ], [ 88.792915343562299, 27.483386991409652 ], [ 88.79064941358881, 27.478418350060856 ], [ 88.788917542110966, 27.468900680145683 ], [ 88.788917758547399, 27.468823934152194 ], [ 88.788932796513762, 27.463485713780084 ], [ 88.790847770789398, 27.451271058253067 ], [ 88.79174041536821, 27.449714660061996 ], [ 88.794792169136173, 27.448141098741374 ], [ 88.794792169137096, 27.447017669449991 ], [ 88.795051568909713, 27.445894235608272 ], [ 88.801768332562901, 27.442910614213709 ], [ 88.802162166735258, 27.442735670581026 ], [ 88.801711443113362, 27.436403460402897 ], [ 88.801422116149695, 27.432338712199172 ], [ 88.802330015128646, 27.428503032897439 ], [ 88.803932186505193, 27.426511762075648 ], [ 88.810546869109871, 27.422876358684398 ], [ 88.811462402561361, 27.421062469450924 ], [ 88.811477656959923, 27.420812608332593 ], [ 88.813369746911945, 27.409980776870274 ], [ 88.816680900457271, 27.40093421457556 ], [ 88.817451474848383, 27.40050697141924 ], [ 88.81745909977279, 27.400043488722751 ], [ 88.818710324986853, 27.398923871893306 ], [ 88.819107049343486, 27.398759845972506 ], [ 88.819099424419861, 27.39830017028833 ], [ 88.824798578572313, 27.39645385852684 ], [ 88.826568598329658, 27.395109178182846 ], [ 88.826652519795786, 27.39492034420849 ], [ 88.828170769705892, 27.393115998630005 ], [ 88.829025265563899, 27.391458510393239 ], [ 88.829689024167621, 27.389831546403073 ], [ 88.832679745791935, 27.387199400846857 ], [ 88.832687375266659, 27.386739730162681 ], [ 88.832687375267028, 27.386308669994062 ], [ 88.838500974681395, 27.384500501503783 ], [ 88.840026854066139, 27.382255552101569 ], [ 88.840805052930975, 27.382257460382906 ], [ 88.840797423457033, 27.381797790148408 ], [ 88.841552728449429, 27.381589889763262 ], [ 88.841881350836601, 27.379613037176274 ], [ 88.842041014094676, 27.378652575900073 ], [ 88.842819213409555, 27.378196713127544 ], [ 88.845596308008268, 27.374582290327865 ] ] ], [ [ [ 78.738151550006819, 31.828847887473181 ], [ 78.736885065386346, 31.826845169715412 ], [ 78.736061092870784, 31.826436993419623 ], [ 78.73471069678375, 31.825773239362846 ], [ 78.720138549875003, 31.818351747778447 ], [ 78.718376160030161, 31.817285539068685 ], [ 78.717834471160856, 31.817302706748414 ], [ 78.717681882176564, 31.81685257471943 ], [ 78.717292787741215, 31.815990448932666 ], [ 78.716758728795952, 31.816009520793113 ], [ 78.710990907985988, 31.808712002677531 ], [ 78.709281915810834, 31.805835721746867 ], [ 78.708732602467123, 31.804157258368619 ], [ 78.70729117023852, 31.79893205148332 ], [ 78.707099917284253, 31.798238757305342 ], [ 78.707603457432583, 31.784862514218037 ], [ 78.709480282990484, 31.778036118722856 ], [ 78.710105892876697, 31.777439118902514 ], [ 78.710548400431293, 31.775243759708527 ], [ 78.71250915745587, 31.770269392167446 ], [ 78.717071536688792, 31.766038892238154 ], [ 78.718078611535859, 31.765111926395576 ], [ 78.719543458336005, 31.761896136687007 ], [ 78.731796267132154, 31.758375164009763 ], [ 78.738052369141769, 31.756538390454114 ], [ 78.739288634626774, 31.756007493725399 ], [ 78.740890506351477, 31.755319592759967 ], [ 78.740249632066906, 31.751504899050428 ], [ 78.736053463396388, 31.747804641053897 ], [ 78.733100895473598, 31.745206836307545 ], [ 78.731346130103162, 31.741788866957247 ], [ 78.730361939128926, 31.740703581386946 ], [ 78.728218394210117, 31.736823907688997 ], [ 78.727943415151401, 31.736326213666278 ], [ 78.727516171995163, 31.732717517060394 ], [ 78.728050230940411, 31.73249053981495 ], [ 78.728569035487197, 31.732246399439919 ], [ 78.728767392666853, 31.730426789013759 ], [ 78.72951507774053, 31.729969027510396 ], [ 78.730270387738287, 31.729482650491381 ], [ 78.730484009316413, 31.728101735157839 ], [ 78.734626774867479, 31.725940702222747 ], [ 78.736244200651981, 31.723411559994119 ], [ 78.736778259597244, 31.72339439186463 ], [ 78.737617491511244, 31.721780773542115 ], [ 78.741821289656031, 31.709230426701303 ], [ 78.744712824985186, 31.69378280833843 ], [ 78.748054502343223, 31.689126968983938 ], [ 78.74934387583653, 31.687383650999571 ], [ 78.750480650795154, 31.683397296445207 ], [ 78.751243590716982, 31.682937616210776 ], [ 78.751373290378837, 31.682357784070188 ], [ 78.752166744097465, 31.681871417051251 ], [ 78.756050114875165, 31.679449080611729 ], [ 78.763610839776618, 31.67649841141991 ], [ 78.764526363682734, 31.676553728270303 ], [ 78.765991210482866, 31.676116941459046 ], [ 78.769699098403407, 31.676452638224628 ], [ 78.770729067573001, 31.676189426438842 ], [ 78.776733404283618, 31.676996230375302 ], [ 78.780899048707539, 31.677555086924333 ], [ 78.78749847695714, 31.679260252087094 ], [ 78.789260867251627, 31.679796219313701 ], [ 78.791610718711382, 31.680315018860487 ], [ 78.795761104186582, 31.681232451048039 ], [ 78.79632568192865, 31.678947449194347 ], [ 78.796844486025762, 31.664035798507765 ], [ 78.800292964172982, 31.652626038637969 ], [ 78.802101132662699, 31.651193619365621 ], [ 78.802574159014199, 31.649818425225092 ], [ 78.802780155668245, 31.64892005944839 ], [ 78.80355835498851, 31.648433682429467 ], [ 78.805320734833359, 31.646123887971992 ], [ 78.808387758019535, 31.643566130677492 ], [ 78.809120179144443, 31.642486576300222 ], [ 78.810638424063995, 31.641677853183221 ], [ 78.810615539741491, 31.641220091230156 ], [ 78.811393739061671, 31.640506747415383 ], [ 78.813964842023594, 31.638748169582879 ], [ 78.815933228972142, 31.637403484239179 ], [ 78.824951175749675, 31.631240847351179 ], [ 78.832725522229083, 31.627815248076988 ], [ 78.83590698612845, 31.625114440453228 ], [ 78.840087890400497, 31.621713639232411 ], [ 78.840850829872622, 31.620679852600826 ], [ 78.842903133737352, 31.619304658460219 ], [ 78.843246459977323, 31.6186275491857 ], [ 78.843650818811042, 31.617897031791735 ], [ 78.843612675539831, 31.617002483477116 ], [ 78.844329831816594, 31.616386411796341 ], [ 78.84664916492909, 31.611763000419398 ], [ 78.84690942693679, 31.611483219688981 ], [ 78.847183223874424, 31.611188889471805 ], [ 78.847084047559719, 31.606557848170791 ], [ 78.843544008022022, 31.598531721392305 ], [ 78.840446471038931, 31.594114306669415 ], [ 78.83976745303336, 31.593700409630273 ], [ 78.839179991418462, 31.592653272331273 ], [ 78.838768002660586, 31.591920851206368 ], [ 78.834884646882912, 31.588838578621651 ], [ 78.833923344781525, 31.587516787150797 ], [ 78.830963137384259, 31.584951400382 ], [ 78.829910279341902, 31.584558488484671 ], [ 78.828910828969214, 31.58346366925926 ], [ 78.828193662242683, 31.582139969507139 ], [ 78.826927187622204, 31.580362319814174 ], [ 78.826210020895772, 31.579700469938039 ], [ 78.825416562626728, 31.579494478283994 ], [ 78.825119019132444, 31.578767773352112 ], [ 78.82105255057354, 31.574550629539907 ], [ 78.8131866427034, 31.567461016809347 ], [ 78.807266237459373, 31.564958571365231 ], [ 78.800659179735405, 31.562696453384476 ], [ 78.791923521604105, 31.55974197673066 ], [ 78.783996581140315, 31.557058332236299 ], [ 78.783966062343396, 31.556364064832287 ], [ 78.779609680214193, 31.553462981297809 ], [ 78.777053831650733, 31.548818584329393 ], [ 78.773452759519202, 31.544872286777277 ], [ 78.765853875120669, 31.540145877265413 ], [ 78.762413027673858, 31.539039610911516 ], [ 78.745903012613454, 31.535589214033433 ], [ 78.737060548243463, 31.532278060472219 ], [ 78.734954837158639, 31.528078079789353 ], [ 78.73294830648922, 31.521791453982921 ], [ 78.73222351028835, 31.52125739503769 ], [ 78.731422427095353, 31.521078109718466 ], [ 78.731117244126565, 31.520404817905952 ], [ 78.724472043131399, 31.515295029510064 ], [ 78.723127873683083, 31.513311717893345 ], [ 78.722526550055676, 31.512424469322831 ], [ 78.722412109792174, 31.509719844236983 ], [ 78.72382354347306, 31.506273269820895 ], [ 78.730895998074161, 31.499046322954086 ], [ 78.731802235690324, 31.495185282599184 ], [ 78.731803892056206, 31.495178226125191 ], [ 78.731772550396883, 31.483737809118303 ], [ 78.731758118860924, 31.478469849334886 ], [ 78.732292176228242, 31.476182945294347 ], [ 78.734283443627476, 31.475589750942223 ], [ 78.734878540166463, 31.475412369354043 ], [ 78.739456178348249, 31.477327343183159 ], [ 78.759895327381585, 31.481613154513251 ], [ 78.762527467937247, 31.481756210292211 ], [ 78.763885498948369, 31.482166290318947 ], [ 78.764671327743031, 31.481908794276492 ], [ 78.767219546832109, 31.480226518436275 ], [ 78.770286560018306, 31.471994400003741 ], [ 78.776168826541436, 31.467742919932643 ], [ 78.776924131539189, 31.467027661937138 ], [ 78.776885983267903, 31.46613311862243 ], [ 78.781272889193986, 31.463691710772146 ], [ 78.781822202087994, 31.463401792201843 ], [ 78.782051088064577, 31.462703702335837 ], [ 78.783874510952828, 31.462202070918455 ], [ 78.787170410115593, 31.460395811609299 ], [ 78.78873443823035, 31.458766938438831 ], [ 78.789878847663445, 31.457466122559374 ], [ 78.794792177610702, 31.454250332850812 ], [ 78.795875549449974, 31.453222272412251 ], [ 78.808151242568641, 31.446592330365863 ], [ 78.811164853085174, 31.443996424800062 ], [ 78.81261444048684, 31.440322873138445 ], [ 78.812646947597884, 31.439886247317517 ], [ 78.812950137252514, 31.435813907024908 ], [ 78.811660763309519, 31.430873870293123 ], [ 78.811271668874184, 31.421863552990096 ], [ 78.808090214974911, 31.409078598979693 ], [ 78.805343629155757, 31.406688690068048 ], [ 78.799186703460762, 31.404180528430906 ], [ 78.798309323275646, 31.403648378216612 ], [ 78.79743194809042, 31.403116223002396 ], [ 78.79726409970759, 31.402210232751315 ], [ 78.796730040762327, 31.401762004453278 ], [ 78.792635761905316, 31.398349547378501 ], [ 78.792068485664387, 31.397876739944582 ], [ 78.791618348635396, 31.393598553088971 ], [ 78.792007443070659, 31.392446514181582 ], [ 78.792594904685657, 31.392530440648166 ], [ 78.793418882201109, 31.392648698373552 ], [ 78.797592166549109, 31.391590114138165 ], [ 78.810081480796214, 31.387754440286741 ], [ 78.817306514381698, 31.385038372814922 ], [ 78.823547366543167, 31.383497239022613 ], [ 78.826873774502843, 31.382009507899959 ], [ 78.832298279522519, 31.379598613846412 ], [ 78.836608888456524, 31.375375748841176 ], [ 78.836570739735535, 31.374481200526464 ], [ 78.842247014604624, 31.372243880599104 ], [ 78.842781068549868, 31.372455598446166 ], [ 78.845687868277381, 31.366708757778035 ], [ 78.849777220709186, 31.363639830860816 ], [ 78.850326539052773, 31.362327573044983 ], [ 78.850296020255868, 31.361642838846393 ], [ 78.851318359501519, 31.360559461557443 ], [ 78.853111263592837, 31.355602262145862 ], [ 78.853607173817181, 31.355384828105763 ], [ 78.85555191440622, 31.346756328294756 ], [ 78.855812076216623, 31.345602032675579 ], [ 78.855651857757849, 31.341747286963702 ], [ 78.852111818220152, 31.335018154052282 ], [ 78.847221372145626, 31.33007430530812 ], [ 78.845487370971952, 31.326384105366941 ], [ 78.844184877756263, 31.323612216644481 ], [ 78.844490050725028, 31.32135581985667 ], [ 78.848930359320775, 31.320262904362394 ], [ 78.850517271308377, 31.32044029640025 ], [ 78.853347779043688, 31.319910049916992 ], [ 78.854156497160801, 31.31954193062354 ], [ 78.854728694377329, 31.319261550258652 ], [ 78.855567930841588, 31.318847658219532 ], [ 78.858795162936303, 31.316759109814555 ], [ 78.861022949658164, 31.315311431143829 ], [ 78.863845827469504, 31.313476566319228 ], [ 78.86483001844374, 31.312089920242233 ], [ 78.866096493513879, 31.311147690001299 ], [ 78.866058344792989, 31.310234069826141 ], [ 78.867095948436983, 31.309530259216789 ], [ 78.867584234186864, 31.30905914159624 ], [ 78.86885070380734, 31.308116916355289 ], [ 78.868812560536114, 31.307203291629826 ], [ 78.869346614481358, 31.307186128500309 ], [ 78.873687747212173, 31.304103850466095 ], [ 78.876266479648493, 31.299398420903842 ], [ 78.876792908669572, 31.299381253224027 ], [ 78.876876830585843, 31.298780440492017 ], [ 78.879653925201808, 31.296442030968667 ], [ 78.880065913959584, 31.295436859402955 ], [ 78.880126951553322, 31.294836042120529 ], [ 78.88289642169488, 31.292497632597264 ], [ 78.885467534656797, 31.282474518804371 ], [ 78.885993953677996, 31.282218931492967 ], [ 78.88642883630861, 31.280622481299954 ], [ 78.886955265779363, 31.280376432193972 ], [ 78.89372253696213, 31.263971329191694 ], [ 78.894248965983394, 31.263725280535315 ], [ 78.894935603912913, 31.261812209987557 ], [ 78.900337214603312, 31.257892614201932 ], [ 78.900802616037609, 31.25755119171103 ], [ 78.904937742114356, 31.256261827768046 ], [ 78.922248840367772, 31.250270846724877 ], [ 78.924285889384436, 31.249935144959288 ], [ 78.928466793492078, 31.251790996341736 ], [ 78.929489137902024, 31.252695081895439 ], [ 78.929992673050364, 31.253389354299454 ], [ 78.932044981465481, 31.257707592707725 ], [ 78.932258603043593, 31.259061811706431 ], [ 78.932144162330516, 31.266086574381195 ], [ 78.932103181856291, 31.266203887838628 ], [ 78.9316024739108, 31.26763725137894 ], [ 78.931419376129682, 31.27825164879906 ], [ 78.93171952878609, 31.278816243388615 ], [ 78.939018249751939, 31.292545319523491 ], [ 78.94026947497396, 31.297769543182959 ], [ 78.940666199333279, 31.305458069464812 ], [ 78.940467598269237, 31.30652132036786 ], [ 78.938606260994177, 31.316486359373656 ], [ 78.939266752106477, 31.318323074078428 ], [ 78.940895080309787, 31.322851180453711 ], [ 78.941795349367922, 31.323524472715913 ], [ 78.945762637061847, 31.328981399813753 ], [ 78.952514649295722, 31.333583836048987 ], [ 78.967796328006926, 31.339328767986185 ], [ 78.969223021086165, 31.339895249009608 ], [ 78.976799010835592, 31.343124389835271 ], [ 78.983848570664549, 31.344331735593041 ], [ 78.984390254533878, 31.344104768347506 ], [ 78.996154787580039, 31.348068238579433 ], [ 79.005287175070563, 31.352922439663999 ], [ 79.007194519425468, 31.355117793857975 ], [ 79.008979793592715, 31.358600618264017 ], [ 79.008797260073308, 31.363509756484039 ], [ 79.008728028743391, 31.365371701908717 ], [ 79.008916788914362, 31.366001547319922 ], [ 79.010223384340364, 31.370361328848162 ], [ 79.022499082459021, 31.391717915518679 ], [ 79.027511598271317, 31.397645945237066 ], [ 79.029449461422956, 31.399705883576178 ], [ 79.030479430592536, 31.400154111874222 ], [ 79.031135559725271, 31.401287079370825 ], [ 79.03151702923644, 31.40218734887857 ], [ 79.037231447826514, 31.405647278962068 ], [ 79.04293823104274, 31.411376956500806 ], [ 79.043975835136408, 31.411823271517402 ], [ 79.04470825081161, 31.413843157404656 ], [ 79.045372004418724, 31.414083480317608 ], [ 79.046272273926462, 31.415102002550729 ], [ 79.047958372228777, 31.418106079412233 ], [ 79.048881535159595, 31.418460848038261 ], [ 79.049919129253269, 31.419107433515954 ], [ 79.049868113092359, 31.42438937115131 ], [ 79.049758910344806, 31.435695649299429 ], [ 79.049822146136421, 31.436046792551327 ], [ 79.051307684532475, 31.444295886852643 ], [ 79.052780150785409, 31.448480602860148 ], [ 79.054046630405864, 31.449871061399126 ], [ 79.056343079195926, 31.453268050607534 ], [ 79.061027523616389, 31.459241863521299 ], [ 79.06369018296887, 31.46149635157807 ], [ 79.067924499910575, 31.462730408670676 ], [ 79.069190984531133, 31.463136671685113 ], [ 79.070999142571225, 31.463264467615918 ], [ 79.072616578355749, 31.463378908329009 ], [ 79.074813841280786, 31.46111297788617 ], [ 79.07611846962223, 31.459766388811524 ], [ 79.077957151459231, 31.458703992563663 ], [ 79.077972415857687, 31.457811357980084 ], [ 79.079292298597522, 31.457141873179943 ], [ 79.080345152089549, 31.456230161735739 ], [ 79.081405639606288, 31.455345157076131 ], [ 79.081939698551622, 31.454898837059552 ], [ 79.092025758219535, 31.449357983045356 ], [ 79.104980469343744, 31.446329118580088 ], [ 79.105491638966555, 31.445901875423843 ], [ 79.106567386331335, 31.445470809805638 ], [ 79.107093805352605, 31.44456100254224 ], [ 79.10975646970509, 31.443458553392837 ], [ 79.110038758801025, 31.442798612247728 ], [ 79.1158981310016, 31.439004899129607 ], [ 79.126663204124782, 31.435926433557363 ], [ 79.138359070102894, 31.432582852468286 ], [ 79.142288209075929, 31.430835727021925 ], [ 79.142456057458674, 31.430309293000665 ], [ 79.144683838730941, 31.429800036659216 ], [ 79.145462038051122, 31.429140090514196 ], [ 79.148689270145837, 31.425773620102607 ], [ 79.149238583039846, 31.42466163819747 ], [ 79.151649477543017, 31.421312335915367 ], [ 79.152183536488266, 31.421092983593905 ], [ 79.15767669857604, 31.411073682263087 ], [ 79.158439638048165, 31.410501475046548 ], [ 79.159477237141743, 31.408267972581253 ], [ 79.160514830785729, 31.407154081495491 ], [ 79.161705018414111, 31.405788421010001 ], [ 79.162696839312389, 31.404462817077146 ], [ 79.16438293716503, 31.402193069621923 ], [ 79.17362213089433, 31.395097736147989 ], [ 79.173980714307604, 31.394395834452652 ], [ 79.179199214448673, 31.389944073287801 ], [ 79.185791012774175, 31.377487181118994 ], [ 79.186645504086655, 31.375822068408084 ], [ 79.18732452709213, 31.375186919866863 ], [ 79.188018804496139, 31.373146058388187 ], [ 79.189903259528421, 31.368389124887322 ], [ 79.190689083323079, 31.367946627332628 ], [ 79.190826417909008, 31.367485043367168 ], [ 79.191368106248433, 31.366827005427929 ], [ 79.191894535799506, 31.366142276304924 ], [ 79.192428594295066, 31.365942000843916 ], [ 79.193267821209062, 31.363220217628651 ], [ 79.194587708948887, 31.362339014981362 ], [ 79.195640566991244, 31.361890796233737 ], [ 79.197525022023527, 31.358510975604407 ], [ 79.201766963889298, 31.354742050090149 ], [ 79.203887939822224, 31.351005552103761 ], [ 79.204696652489631, 31.350416181757815 ], [ 79.205368046020823, 31.349933622200965 ], [ 79.206764214507487, 31.348962786337619 ], [ 79.207611082141213, 31.347526550159809 ], [ 79.208801269769495, 31.346708298837285 ], [ 79.209899906007195, 31.345960618313921 ], [ 79.210456849274877, 31.344617841701275 ], [ 79.213844294828291, 31.34295463772149 ], [ 79.223052979311078, 31.337295535981816 ], [ 79.226226808286356, 31.335981369435039 ], [ 79.226943970012798, 31.335802074115819 ], [ 79.227798460875491, 31.335550304266494 ], [ 79.230712890527059, 31.333656310579098 ], [ 79.237304688852561, 31.328277588754727 ], [ 79.237788857990964, 31.32708287382853 ], [ 79.238304139225249, 31.325811387850877 ], [ 79.238365171818984, 31.322555541140062 ], [ 79.237091067274449, 31.320863727094405 ], [ 79.236625670847019, 31.320217131167013 ], [ 79.23652648953238, 31.319412235512004 ], [ 79.236507098974158, 31.319383688533712 ], [ 79.236183163292409, 31.318906782082319 ], [ 79.236636242516155, 31.317323921689525 ], [ 79.236778259831397, 31.316827776882675 ], [ 79.23669703761, 31.316617954106462 ], [ 79.23625183036053, 31.315467837140535 ], [ 79.236465451938642, 31.313819887559195 ], [ 79.236694337915139, 31.311250688328332 ], [ 79.237106321672911, 31.310354236282578 ], [ 79.238700868134885, 31.308330537933319 ], [ 79.239227292605847, 31.307882309635378 ], [ 79.241622927260835, 31.306089400544057 ], [ 79.241630557184919, 31.305194857229345 ], [ 79.254096982559147, 31.295166012693105 ], [ 79.255683899546753, 31.293941493805921 ], [ 79.256240842364832, 31.292804718847304 ], [ 79.263671877604352, 31.287570956532836 ], [ 79.264045717641238, 31.285943982542989 ], [ 79.264610287428781, 31.285488123267061 ], [ 79.264678360970947, 31.284811558205408 ], [ 79.265106195607643, 31.280559539975183 ], [ 79.263298037117863, 31.276279449838203 ], [ 79.262008663624556, 31.274679182183103 ], [ 79.261352534491849, 31.274147031968894 ], [ 79.252655029631782, 31.266687391663609 ], [ 79.249336246146598, 31.260114664748894 ], [ 79.248757016269295, 31.255571814488206 ], [ 79.248413082766106, 31.252874377214656 ], [ 79.249412538138785, 31.244974138085635 ], [ 79.252845766887461, 31.241605754392769 ], [ 79.258834839649282, 31.237857814470008 ], [ 79.261138912913736, 31.237573621643126 ], [ 79.26294708140351, 31.237823483211102 ], [ 79.266983031165552, 31.237470628316025 ], [ 79.268318173303825, 31.237018587556086 ], [ 79.270149230666448, 31.237268449124056 ], [ 79.270690919086078, 31.237504959574924 ], [ 79.278305056951098, 31.236215584040409 ], [ 79.279968260636977, 31.234857554620906 ], [ 79.280693057287507, 31.233510970546167 ], [ 79.281791683525128, 31.230371477829799 ], [ 79.282325742470377, 31.230152130058645 ], [ 79.282867435890012, 31.228343962018556 ], [ 79.283370976038427, 31.228115081041977 ], [ 79.28412628103608, 31.227527619427079 ], [ 79.286613462081846, 31.222730633474253 ], [ 79.287658690649877, 31.222511290703114 ], [ 79.287773136362887, 31.221847537096018 ], [ 79.288307194858518, 31.22164535745436 ], [ 79.292121888568076, 31.213741301313028 ], [ 79.292663571987688, 31.213512415336471 ], [ 79.294250488975379, 31.208393093285483 ], [ 79.301727292410163, 31.190784456987423 ], [ 79.303651572313868, 31.18695130243696 ], [ 79.303871152215848, 31.186513900505471 ], [ 79.303573609171167, 31.180412291211301 ], [ 79.30319213921031, 31.179285049907715 ], [ 79.300346377076551, 31.176553723037351 ], [ 79.298431393247427, 31.172471995080024 ], [ 79.298045683308928, 31.172181108502897 ], [ 79.297515869790914, 31.171781545138099 ], [ 79.297523499265296, 31.170194623150408 ], [ 79.29811095588019, 31.166368482054725 ], [ 79.298561092909281, 31.165225986352766 ], [ 79.300292964406864, 31.160974501281572 ], [ 79.301078798201459, 31.160541537382095 ], [ 79.30214691064235, 31.159637450412358 ], [ 79.304817199918872, 31.155134205491844 ], [ 79.307212824573895, 31.153350830055537 ], [ 79.309104914530252, 31.149967191964134 ], [ 79.311470035838099, 31.147970199949803 ], [ 79.312652583992076, 31.145044328361855 ], [ 79.313163758614792, 31.14484024043886 ], [ 79.314979551579, 31.140104297079677 ], [ 79.322959905162179, 31.132955550486507 ], [ 79.324020382678924, 31.131372450960896 ], [ 79.324020382678924, 31.130916597738803 ], [ 79.326904293533573, 31.130041126284617 ], [ 79.328086851687573, 31.130004886294678 ], [ 79.329658509276697, 31.129795077178649 ], [ 79.333229067611313, 31.129642488194268 ], [ 79.334266661255285, 31.129877095363877 ], [ 79.336654661436015, 31.128316879711019 ], [ 79.337181095457169, 31.126739500928849 ], [ 79.337966919251741, 31.126285551437785 ], [ 79.338500978196976, 31.126058579192261 ], [ 79.340431216874251, 31.120658877226067 ], [ 79.341468810518236, 31.120237355262862 ], [ 79.345932008436478, 31.119579317399115 ], [ 79.349647520831411, 31.119846342096579 ], [ 79.353271482285365, 31.120105741870059 ], [ 79.356163022614396, 31.119668960508406 ], [ 79.35719299178399, 31.119447704006305 ], [ 79.360115050460266, 31.118345265306598 ], [ 79.361701967447857, 31.11723899914481 ], [ 79.365722653261145, 31.11460876232011 ], [ 79.369216919603545, 31.11259460217638 ], [ 79.370925906778695, 31.112131119479891 ], [ 79.375946047515058, 31.111024858318107 ], [ 79.377243040932427, 31.111490244745546 ], [ 79.380088803066101, 31.111400602086018 ], [ 79.385292051583676, 31.111236571165268 ], [ 79.392410279380115, 31.111612319933101 ], [ 79.394523615074306, 31.111171724732777 ], [ 79.397186279741447, 31.109170911633036 ], [ 79.399398807064941, 31.103136066125629 ], [ 79.400436400708926, 31.100824352937121 ], [ 79.401206975105055, 31.100397109780889 ], [ 79.401718139727834, 31.100168234253999 ], [ 79.402404787657389, 31.098361969495254 ], [ 79.40499114501776, 31.089569090782661 ], [ 79.406517034411621, 31.073247909696558 ], [ 79.406951902042238, 31.071994780743509 ], [ 79.407615660649341, 31.070613860409949 ], [ 79.409965512558756, 31.070432666359707 ], [ 79.414932250625355, 31.071130756225706 ], [ 79.415702815021547, 31.070907591442246 ], [ 79.417015072837387, 31.070688248671107 ], [ 79.421516424026862, 31.06779480006071 ], [ 79.422599791315804, 31.064195631660237 ], [ 79.423102195013925, 31.063980317005072 ], [ 79.423133850260967, 31.063966750683672 ], [ 79.423675538680698, 31.063747407912526 ], [ 79.423713686951913, 31.062143327795532 ], [ 79.423906295922379, 31.054926064046928 ], [ 79.424110416311322, 31.047277450304126 ], [ 79.424980166572382, 31.043146136689451 ], [ 79.426582338408195, 31.038097380887312 ], [ 79.428276066184807, 31.028329849405814 ], [ 79.431701660009495, 31.027648922669304 ], [ 79.432823180569656, 31.027425762885766 ], [ 79.436943052247955, 31.026609420294289 ], [ 79.448440551046332, 31.028484347121235 ], [ 79.472518915482411, 31.030271530019526 ], [ 79.47631836479357, 31.031124117600857 ], [ 79.481117249477435, 31.032127379985941 ], [ 79.487220762052957, 31.031024931286233 ], [ 79.495048521651796, 31.028825760079854 ], [ 79.502586362230716, 31.031826019479265 ], [ 79.508903501834055, 31.031639094685655 ], [ 79.512298586861746, 31.032117841780515 ], [ 79.516494755532236, 31.029897689982647 ], [ 79.517318727598109, 31.028764727486017 ], [ 79.518043487430774, 31.028365756052271 ], [ 79.518112181316738, 31.028327941124456 ], [ 79.518039117956661, 31.023570630367399 ], [ 79.517959592332346, 31.018392566260211 ], [ 79.519248966275356, 31.016588210682102 ], [ 79.519783026434197, 31.016365056014561 ], [ 79.519798279619053, 31.015672686775993 ], [ 79.520080568265271, 31.014553074946793 ], [ 79.520614627210534, 31.014326092701253 ], [ 79.520606997286464, 31.013866422466851 ], [ 79.522972108594317, 31.012552260470386 ], [ 79.522979733068723, 31.012094498967009 ], [ 79.523506167089892, 31.011636737013866 ], [ 79.524177550621047, 31.011556627559688 ], [ 79.526184080840821, 31.010326382929168 ], [ 79.529830931167595, 31.007961276621302 ], [ 79.531509399545939, 31.006963724979649 ], [ 79.532302853264497, 31.005615237173881 ], [ 79.533004755592572, 31.005170820888239 ], [ 79.533805848785605, 31.004718780128211 ], [ 79.533805848785605, 31.004251484969739 ], [ 79.535537719833584, 31.001329425843778 ], [ 79.536582943401555, 31.000669479698761 ], [ 79.53713226674526, 30.999088283454505 ], [ 79.537330673271498, 30.999006796460559 ], [ 79.537666325240835, 30.998868941133047 ], [ 79.537834168623647, 30.995264051539547 ], [ 79.536095875108316, 30.990172434294927 ], [ 79.534660344648287, 30.985967638128198 ], [ 79.534553528859291, 30.984178541498867 ], [ 79.538238522906951, 30.983293531839269 ], [ 79.546508789610797, 30.982521053712112 ], [ 79.551292419896185, 30.982921600083838 ], [ 79.552031780063331, 30.982505486121347 ], [ 79.552871706959706, 30.982032772962153 ], [ 79.552680969704127, 30.977764129761557 ], [ 79.550361636591617, 30.975942616053949 ], [ 79.548408504041518, 30.974113461972767 ], [ 79.547136501350877, 30.970533459670438 ], [ 79.546455386491431, 30.968616487872513 ], [ 79.546096800853007, 30.966638567718636 ], [ 79.546257019311767, 30.964824678035818 ], [ 79.548118590471205, 30.963947292850605 ], [ 79.5481262153953, 30.963481901423165 ], [ 79.549438473211026, 30.962598805494512 ], [ 79.549446103135097, 30.962141038541461 ], [ 79.550491336703061, 30.960567472221278 ], [ 79.551025390198703, 30.960565563490238 ], [ 79.555763247288752, 30.957885741008273 ], [ 79.556541446609017, 30.957233424337534 ], [ 79.556549071083396, 30.956777571115538 ], [ 79.55681610033119, 30.95608901990456 ], [ 79.558494569159109, 30.955154419587679 ], [ 79.559036252578736, 30.955163952793018 ], [ 79.562507624598709, 30.9533252759561 ], [ 79.56528472966427, 30.951805117305504 ], [ 79.565559388386518, 30.951143267429433 ], [ 79.566352847105094, 30.951152800634855 ], [ 79.568717953412943, 30.949583056776675 ], [ 79.574699400801094, 30.947423932572452 ], [ 79.590850825223001, 30.94509506125452 ], [ 79.591995239656015, 30.944345477000208 ], [ 79.595695497652542, 30.940992352705724 ], [ 79.595710752050906, 30.940536499483706 ], [ 79.596511840243934, 30.940099718122042 ], [ 79.596511840243934, 30.939643864900038 ], [ 79.597564693735961, 30.938983918754918 ], [ 79.598625181702488, 30.936260221808631 ], [ 79.599937439518214, 30.934690472950528 ], [ 79.602333069623015, 30.933801650379159 ], [ 79.604682921082727, 30.933589937532094 ], [ 79.607536313140571, 30.934965131672698 ], [ 79.608955386745421, 30.937013628075334 ], [ 79.609443667495299, 30.938600540063021 ], [ 79.614067078872324, 30.941268920608522 ], [ 79.617538450892212, 30.942852015134118 ], [ 79.618721009046197, 30.943389891091762 ], [ 79.621047971633075, 30.945213318980002 ], [ 79.621307376406463, 30.94613075116747 ], [ 79.62192535681838, 30.947261804933042 ], [ 79.622962955911959, 30.947496412102648 ], [ 79.63088989137573, 30.95250511590254 ], [ 79.639389034705289, 30.956039436501928 ], [ 79.645492556631652, 30.95706748468584 ], [ 79.649604793835579, 30.9574832959056 ], [ 79.650764462667013, 30.957601543631082 ], [ 79.657783509148672, 30.958312989164497 ], [ 79.664596558976342, 30.961284638947728 ], [ 79.665222163862552, 30.962417601444351 ], [ 79.66500854228444, 30.970558168036547 ], [ 79.665641787544317, 30.971252445890233 ], [ 79.66680145637585, 30.975065230868733 ], [ 79.669158937759647, 30.976459501420099 ], [ 79.672370910455825, 30.97689628778177 ], [ 79.677764896228965, 30.977630617637612 ], [ 79.686454776614553, 30.974952698886689 ], [ 79.708442683914612, 30.972372057719355 ], [ 79.708946229062946, 30.972599024964889 ], [ 79.711578364618589, 30.972389220399172 ], [ 79.712104793639853, 30.972505569843293 ], [ 79.71999359583242, 30.974084851906902 ], [ 79.729331969976968, 30.976339339963673 ], [ 79.740036010506373, 30.981580732202129 ], [ 79.741348268322213, 30.982732771559192 ], [ 79.741706848960547, 30.9843158760848 ], [ 79.742202759184892, 30.985902783072394 ], [ 79.742988588429142, 30.986143110985427 ], [ 79.7444458003053, 30.987039568031012 ], [ 79.744544986619928, 30.987934116345713 ], [ 79.747489929618723, 30.992265705871091 ], [ 79.747779848189026, 30.992681506641173 ], [ 79.749473570965634, 30.99360656375271 ], [ 79.749870300324943, 30.9942779568342 ], [ 79.753349302268987, 30.99679184466445 ], [ 79.757415770827848, 30.997486112068366 ], [ 79.760856624051002, 30.996837617859729 ], [ 79.765846256646455, 30.991886143274186 ], [ 79.766662594031516, 30.989614483454996 ], [ 79.775581359943985, 30.983808513924075 ], [ 79.79978179956754, 30.977361679658795 ], [ 79.800773620465833, 30.977088924217991 ], [ 79.807594299767899, 30.974927901282811 ], [ 79.820220943600901, 30.968446735758725 ], [ 79.823242188591806, 30.968147273983085 ], [ 79.824668882120704, 30.968004228204126 ], [ 79.825965885538096, 30.968240739104683 ], [ 79.831306453641574, 30.969961163216212 ], [ 79.833343508107845, 30.970848081606853 ], [ 79.838752748279447, 30.973711011870027 ], [ 79.845573427581513, 30.974658962854399 ], [ 79.856307981907833, 30.9715404557295 ], [ 79.862075807717758, 30.972026827298752 ], [ 79.867301940557851, 30.970907210469548 ], [ 79.870208735285274, 30.969583510717339 ], [ 79.871253968853324, 30.96800994939716 ], [ 79.871528622575497, 30.967319484455224 ], [ 79.872833250916855, 30.966432575614892 ], [ 79.873901368807338, 30.96574401940401 ], [ 79.874938962451409, 30.961921690770399 ], [ 79.875999450417837, 30.961030964917686 ], [ 79.876808168085248, 30.960577015426619 ], [ 79.876823427483615, 30.959882738022696 ], [ 79.87732696263204, 30.959661481970191 ], [ 79.879051209205556, 30.95672416844587 ], [ 79.879776007691234, 30.955053333882983 ], [ 79.880569459125113, 30.952444073308804 ], [ 79.881202693935307, 30.951868053630282 ], [ 79.882133486790266, 30.949048997831341 ], [ 79.883979798551351, 30.943412780414299 ], [ 79.884506222572526, 30.943191529361794 ], [ 79.885299686291162, 30.940481188082913 ], [ 79.885887147906075, 30.940076828799619 ], [ 79.88642120185132, 30.939847948272725 ], [ 79.888793942633569, 30.931688304370304 ], [ 79.88983917120153, 30.929445268250003 ], [ 79.88990783826965, 30.921092983361035 ], [ 79.890441892214994, 30.920862199103109 ], [ 79.891738890632283, 30.919946675196911 ], [ 79.892807008522766, 30.917037961738476 ], [ 79.895172114380955, 30.915927888564372 ], [ 79.896186829152086, 30.91576766965602 ], [ 79.896743772419867, 30.915727612653676 ], [ 79.907730101145816, 30.914161681257568 ], [ 79.908187863098874, 30.914096836201754 ], [ 79.9083633409561, 30.914073941879231 ], [ 79.909301753735051, 30.913942338486422 ], [ 79.910278320234895, 30.913499830931727 ], [ 79.912712098610882, 30.912397382232022 ], [ 79.914566039846349, 30.908750536905249 ], [ 79.917213439800449, 30.906309129054865 ], [ 79.918281552690942, 30.902460099086426 ], [ 79.921195986892727, 30.900213245953719 ], [ 79.921943662416098, 30.897924421638031 ], [ 79.923309322901588, 30.893896101350308 ], [ 79.925926209058787, 30.891197207457569 ], [ 79.926467897928106, 30.889842988458863 ], [ 79.926742556650268, 30.889381409493414 ], [ 79.9301757808486, 30.882860181967075 ], [ 79.936218258295028, 30.881502144673696 ], [ 79.949516293194577, 30.883623121439207 ], [ 79.95480346817871, 30.88253593713786 ], [ 79.956794739449705, 30.882635118452495 ], [ 79.957374571590293, 30.882501605878971 ], [ 79.95863342628671, 30.882209779027303 ], [ 79.959190369104789, 30.88205146884998 ], [ 79.961570739811108, 30.880931857020773 ], [ 79.974960328565842, 30.876211168060152 ], [ 79.982788088164568, 30.872882841369542 ], [ 79.995788572034456, 30.864576339675864 ], [ 79.996032712409388, 30.863975522393449 ], [ 80.002700807727066, 30.860624316830005 ], [ 80.006668090420987, 30.859403609955123 ], [ 80.009834289921983, 30.858007430672799 ], [ 80.011619574089238, 30.856941221513349 ], [ 80.014282223441711, 30.854928975100474 ], [ 80.016365057946302, 30.853116994306724 ], [ 80.016639704825508, 30.852436067861806 ], [ 80.017906189446052, 30.851793284396415 ], [ 80.018447872865693, 30.851335522893045 ], [ 80.018707277639066, 30.850654606156542 ], [ 80.02346038912755, 30.846811297381034 ], [ 80.024536131492439, 30.844568251260721 ], [ 80.032913203985288, 30.838485713826909 ], [ 80.033180238233058, 30.837127682815801 ], [ 80.040000912984809, 30.834442134140801 ], [ 80.04286193906735, 30.833993910842871 ], [ 80.044166562408705, 30.834228513012366 ], [ 80.044876099211166, 30.834419250268049 ], [ 80.053329468696205, 30.833570480148619 ], [ 80.057762142817552, 30.834497455991201 ], [ 80.059188841346383, 30.834615708716676 ], [ 80.061706541638628, 30.831338881414364 ], [ 80.06279754840196, 30.830009460019451 ], [ 80.06333160689752, 30.829559327990459 ], [ 80.063545228475647, 30.829004283903419 ], [ 80.065414429559155, 30.823436733554399 ], [ 80.079284669139781, 30.815143587528137 ], [ 80.079277044215786, 30.814685820575093 ], [ 80.079711911846317, 30.81429862487078 ], [ 80.079719541770388, 30.813833233443344 ], [ 80.08155059913301, 30.812711717883193 ], [ 80.084541320327091, 30.80994224774162 ], [ 80.084732058032273, 30.808519361674691 ], [ 80.085426330436292, 30.8028850529886 ], [ 80.086662296259917, 30.799648287238945 ], [ 80.089073180763066, 30.790313720556394 ], [ 80.098083498066103, 30.785888670909326 ], [ 80.09832763844112, 30.785196302236361 ], [ 80.099899291030269, 30.783920288960879 ], [ 80.1016159076798, 30.782457355891697 ], [ 80.10295867474214, 30.781305316534631 ], [ 80.10296631421653, 30.780849458312616 ], [ 80.116081238799495, 30.772094723320912 ], [ 80.116355892971342, 30.771476742909094 ], [ 80.118164061461101, 30.770263675958297 ], [ 80.122863764830257, 30.769605638094532 ], [ 80.128082272746269, 30.771436690457161 ], [ 80.133735653480571, 30.776926034969883 ], [ 80.13537597839975, 30.778013229833878 ], [ 80.137458805611715, 30.781620022708726 ], [ 80.140312197219856, 30.784105305473126 ], [ 80.14107513214168, 30.784543990565638 ], [ 80.152557371541647, 30.786626817777666 ], [ 80.153350823524278, 30.78730201412824 ], [ 80.153747559169943, 30.788650511126917 ], [ 80.153189928227434, 30.79297769124906 ], [ 80.152786257518159, 30.796110151432206 ], [ 80.153204940795618, 30.798177409822902 ], [ 80.153701780974671, 30.800630569931819 ], [ 80.15459442555823, 30.801755907504376 ], [ 80.159790039601404, 30.803787230777694 ], [ 80.162918095381414, 30.804023741228551 ], [ 80.168136593297348, 30.80350685541281 ], [ 80.171813962421055, 30.803144457312392 ], [ 80.172340391442205, 30.803350449416033 ], [ 80.174446102976702, 30.80268859953997 ], [ 80.178611752850273, 30.800571440619432 ], [ 80.182563780696057, 30.797756197732273 ], [ 80.183387753211591, 30.796148300153103 ], [ 80.183631893586536, 30.795711513791542 ], [ 80.184669492230526, 30.793899533289451 ], [ 80.18597412057197, 30.79300880698705 ], [ 80.18597412057197, 30.79255294921472 ], [ 80.187278748913329, 30.791652679706971 ], [ 80.188079832106425, 30.791196826484967 ], [ 80.189117430750343, 30.788951872083203 ], [ 80.189651484695588, 30.788719178644737 ], [ 80.191230776759198, 30.786014558558882 ], [ 80.192054749274746, 30.785402298890403 ], [ 80.19338989141302, 30.784120559871571 ], [ 80.196212769224232, 30.779922482470049 ], [ 80.199089045368709, 30.777681355950488 ], [ 80.199882508873571, 30.777223588577318 ], [ 80.200286862707273, 30.776096341824047 ], [ 80.200324162473578, 30.774828152029631 ], [ 80.200439451691565, 30.77090835270495 ], [ 80.200278545689883, 30.769124563663215 ], [ 80.199928287068843, 30.76524162649098 ], [ 80.200981135111192, 30.760950089417541 ], [ 80.201492309734007, 30.760726929184315 ], [ 80.203620904784884, 30.757352822093257 ], [ 80.204421998334254, 30.756896971526011 ], [ 80.205108646263881, 30.755496974331912 ], [ 80.20546722190231, 30.754396439363241 ], [ 80.21043395996891, 30.751699448751872 ], [ 80.212272641805924, 30.750577928191635 ], [ 80.222198483015148, 30.748109818556742 ], [ 80.222969057411248, 30.748348238188424 ], [ 80.22580719007064, 30.754663468611032 ], [ 80.227775577019173, 30.756244654855276 ], [ 80.229782102238943, 30.75703239738089 ], [ 80.232269288734273, 30.757579806543959 ], [ 80.232864379823653, 30.757633209663304 ], [ 80.235984801129177, 30.756505967910115 ], [ 80.236793524246281, 30.755592348184653 ], [ 80.237831117890266, 30.755823132892175 ], [ 80.238090517663636, 30.755140307424625 ], [ 80.238861087059774, 30.754682545471479 ], [ 80.240440369123377, 30.751539230293105 ], [ 80.241180420172356, 30.750944138754136 ], [ 80.242012022162285, 30.749034875668272 ], [ 80.24254608065786, 30.748813629615864 ], [ 80.24307250967901, 30.748607632961733 ], [ 80.243347168850875, 30.747222895166196 ], [ 80.244522092530474, 30.744293211565854 ], [ 80.245025632229115, 30.74408912319317 ], [ 80.247245789476679, 30.73936271848919 ], [ 80.247962955753437, 30.738784790079613 ], [ 80.249237065297976, 30.736167908922429 ], [ 80.249992370295715, 30.735572817383446 ], [ 80.251626028171273, 30.732439346429004 ], [ 80.252250675814565, 30.731241228307677 ], [ 80.252265930213028, 30.728281020460916 ], [ 80.251869200853619, 30.727134707296877 ], [ 80.247596740191028, 30.720129011482562 ], [ 80.245796201625325, 30.713150027003085 ], [ 80.240318299385592, 30.708168034987722 ], [ 80.238494876497356, 30.705226894001321 ], [ 80.236167903910385, 30.695096964869077 ], [ 80.235786438949518, 30.691703798122752 ], [ 80.234970091358036, 30.691127778444127 ], [ 80.234657288914974, 30.68781852861396 ], [ 80.232078551028991, 30.685781474597384 ], [ 80.224769595977051, 30.681930540897817 ], [ 80.223976132708003, 30.682113643679024 ], [ 80.213851929319134, 30.680698397536258 ], [ 80.212028501880582, 30.680055614070959 ], [ 80.208213808171038, 30.678306579893558 ], [ 80.208221432645416, 30.677410122847895 ], [ 80.207717897946779, 30.676950457163795 ], [ 80.207588197835136, 30.676490786929392 ], [ 80.200424197293103, 30.672876359130466 ], [ 80.197692875422831, 30.670162200389594 ], [ 80.196960449747621, 30.668674469716635 ], [ 80.19605255576549, 30.665382382566275 ], [ 80.195950836894639, 30.664663997124393 ], [ 80.195350648437497, 30.660425188154697 ], [ 80.197982788993144, 30.655912394579158 ], [ 80.198677061397134, 30.655496593808984 ], [ 80.20322418623158, 30.652772901862775 ], [ 80.20322418623158, 30.651859281687617 ], [ 80.21215057206804, 30.647306436109744 ], [ 80.215248109051217, 30.646022793359784 ], [ 80.215759278673929, 30.645565031406733 ], [ 80.215751648749944, 30.644439698834177 ], [ 80.217964173348946, 30.642774575112082 ], [ 80.217964176073352, 30.6423168141703 ], [ 80.221260074255284, 30.639474863902024 ], [ 80.223236082108698, 30.635868071174077 ], [ 80.223663179942875, 30.6356896041776 ], [ 80.223770135604369, 30.635644911390628 ], [ 80.224182124362059, 30.632015224193239 ], [ 80.222602842298429, 30.627290727770635 ], [ 80.220466611967126, 30.62510490723157 ], [ 80.217704771299964, 30.621171950796565 ], [ 80.213996883379437, 30.618101125148296 ], [ 80.21352363154341, 30.617272931064058 ], [ 80.213470454358259, 30.617179870498848 ], [ 80.213279727102673, 30.613687517437707 ], [ 80.2138214105223, 30.609884261114225 ], [ 80.21432495067063, 30.609422681699094 ], [ 80.220611576027466, 30.606950760051898 ], [ 80.224006651504922, 30.606266020853319 ], [ 80.225433349584151, 30.606134412460417 ], [ 80.22606658984401, 30.606040957338816 ], [ 80.226074214318416, 30.605585099116716 ], [ 80.226867678037053, 30.605127337163665 ], [ 80.227011542444188, 30.604725596716527 ], [ 80.227272031870754, 30.603998182129125 ], [ 80.227020262021426, 30.599500652951942 ], [ 80.226623537662107, 30.598381041122838 ], [ 80.221168513845541, 30.592931748499289 ], [ 80.220940245249068, 30.592419865993218 ], [ 80.22066497914679, 30.591802593464671 ], [ 80.220680233545266, 30.587945939021839 ], [ 80.225654601086248, 30.572858815028347 ], [ 80.229484559194248, 30.570432666576519 ], [ 80.230430601447665, 30.569583891457093 ], [ 80.235923763535453, 30.566883088383637 ], [ 80.236129755189495, 30.56632804929659 ], [ 80.239051814315445, 30.565509792974147 ], [ 80.244491573733555, 30.563156129052349 ], [ 80.246826170794833, 30.561573029077056 ], [ 80.247093205492291, 30.55999374201345 ], [ 80.248657223157451, 30.559097294967788 ], [ 80.248924257854924, 30.558406830025852 ], [ 80.251762390064613, 30.556783673048312 ], [ 80.253326418179455, 30.556215288293863 ], [ 80.254913330167042, 30.555940629122009 ], [ 80.258735658351057, 30.557313914531573 ], [ 80.26073455909642, 30.558038710732408 ], [ 80.262474060068385, 30.55911636182832 ], [ 80.264457701415395, 30.563066481392745 ], [ 80.265823362350488, 30.564332966013211 ], [ 80.26690673418976, 30.565469740971825 ], [ 80.267868045841539, 30.565708160153822 ], [ 80.269378660837049, 30.565713881346838 ], [ 80.27006530876659, 30.565711972615805 ], [ 80.2711639400043, 30.565359117720817 ], [ 80.271505650861954, 30.564982013489242 ], [ 80.271697998949548, 30.564769742374867 ], [ 80.271618951293391, 30.564126510827908 ], [ 80.271308899514295, 30.561603542873971 ], [ 80.271583558686146, 30.558900836519165 ], [ 80.272514341541026, 30.558509823352882 ], [ 80.272720333644742, 30.557954789265828 ], [ 80.273849488679303, 30.557565684380901 ], [ 80.274032591460582, 30.557500839774772 ], [ 80.275238038487302, 30.557085038554998 ], [ 80.27574157863566, 30.558004379473495 ], [ 80.276771547805254, 30.558462141426556 ], [ 80.277030942578634, 30.559360502203258 ], [ 80.277160642240588, 30.560714720752379 ], [ 80.278251649003835, 30.561656955993325 ], [ 80.282318112562777, 30.564304350947424 ], [ 80.283996580941022, 30.564416887479783 ], [ 80.286918640066887, 30.564609523916101 ], [ 80.290496827875955, 30.564867019958452 ], [ 80.292694090800993, 30.56502533468618 ], [ 80.295288083085424, 30.564449315007653 ], [ 80.295959471166896, 30.564226150224194 ], [ 80.296691892291818, 30.563879016522225 ], [ 80.298263544881053, 30.562999722605976 ], [ 80.298835752097489, 30.562566758706403 ], [ 80.301422119457783, 30.562273027674102 ], [ 80.304023741216611, 30.561542510280137 ], [ 80.307121273649372, 30.560523983496694 ], [ 80.308364868947407, 30.56003379401578 ], [ 80.309265133455057, 30.559886936224427 ], [ 80.309944151460599, 30.560176849794733 ], [ 80.311454776456102, 30.56033897698445 ], [ 80.312492370100003, 30.560249329324847 ], [ 80.312873840060931, 30.56026649245435 ], [ 80.313545223592115, 30.560297016251162 ], [ 80.313545223592115, 30.559402467936533 ], [ 80.316139220426791, 30.558944700983403 ], [ 80.316902160348604, 30.558622360335011 ], [ 80.320304870300362, 30.558046340656386 ], [ 80.3218688934152, 30.557367327201238 ], [ 80.322319030444191, 30.556558609533823 ], [ 80.322052006196415, 30.55543136778056 ], [ 80.32364654265848, 30.553874969589774 ], [ 80.323654177582455, 30.55341911636776 ], [ 80.326057432161619, 30.550363545117868 ], [ 80.326591490657194, 30.550159457194958 ], [ 80.327369689977459, 30.547891618470679 ], [ 80.328163148696078, 30.547433856517618 ], [ 80.328933718092216, 30.546993257693973 ], [ 80.330261230306405, 30.54451179739176 ], [ 80.33465576570697, 30.541744230981138 ], [ 80.343009944326965, 30.537294383730284 ], [ 80.352416995989302, 30.533679965931448 ], [ 80.355247493724619, 30.531888961020762 ], [ 80.356071471240156, 30.530828478054342 ], [ 80.360237125664057, 30.528402329152737 ], [ 80.379806514436268, 30.519229889659911 ], [ 80.382934565216175, 30.517414091695748 ], [ 80.395965577882876, 30.514049530015185 ], [ 80.40219879057004, 30.518543241730271 ], [ 80.406082151797378, 30.520362857156528 ], [ 80.415206909813577, 30.521711349962221 ], [ 80.416885373191818, 30.521005630172137 ], [ 80.417388917890463, 30.519876480137601 ], [ 80.420959471225061, 30.516988757270557 ], [ 80.424102786403523, 30.509277341666163 ], [ 80.427200318836299, 30.50636291746428 ], [ 80.427993772105253, 30.505666731329317 ], [ 80.430229183301563, 30.501861576274802 ], [ 80.430854793637465, 30.501173019614217 ], [ 80.431388852582714, 30.500711445648779 ], [ 80.438163758689399, 30.496196748342197 ], [ 80.462677005756106, 30.48691558932931 ], [ 80.471511840201998, 30.484436037758044 ], [ 80.48625183049343, 30.482892990234681 ], [ 80.488159179848253, 30.482572552867556 ], [ 80.489768981158377, 30.482404704484715 ], [ 80.49990844349594, 30.481023789151084 ], [ 80.504325868218928, 30.479684830000519 ], [ 80.508766172264359, 30.476497649908129 ], [ 80.508766172264359, 30.475374226066535 ], [ 80.509559635533392, 30.475143431359008 ], [ 80.510063170681732, 30.474014286324461 ], [ 80.511634828270957, 30.472429272618236 ], [ 80.512420652065529, 30.471969602383737 ], [ 80.512924192213859, 30.470413204193047 ], [ 80.513450621235123, 30.470180515754478 ], [ 80.518905634602007, 30.460906986215985 ], [ 80.519699098320658, 30.460466387392341 ], [ 80.519943238695575, 30.459943770833149 ], [ 80.520233157265892, 30.45931816049735 ], [ 80.524147036840475, 30.455945969342324 ], [ 80.526229859052407, 30.453853603475356 ], [ 80.526741029124821, 30.453464509040113 ], [ 80.528167722204032, 30.451877592052423 ], [ 80.528823851336853, 30.451189045391853 ], [ 80.534278872559923, 30.448040003403072 ], [ 80.534545899401095, 30.447126389294887 ], [ 80.538566589764784, 30.445974349937913 ], [ 80.541046146336029, 30.444864271314138 ], [ 80.542610169450896, 30.445764540821791 ], [ 80.543777462756736, 30.449840548035766 ], [ 80.544387818694162, 30.450614929444352 ], [ 80.545166018014342, 30.451635365408436 ], [ 80.549644462458446, 30.454105374049 ], [ 80.549636840407004, 30.454561236546784 ], [ 80.554084773926817, 30.455224995603565 ], [ 80.558731079626284, 30.453893660927292 ], [ 80.566307068926022, 30.455211634486471 ], [ 80.570190429703743, 30.457714080380168 ], [ 80.575798032504707, 30.466289520052758 ], [ 80.581008915496568, 30.479156492248293 ], [ 80.583366396880365, 30.479845043459267 ], [ 80.584228517667214, 30.479963301184668 ], [ 80.591300967268282, 30.480268474153426 ], [ 80.59883117337273, 30.477783201389045 ], [ 80.608200076763865, 30.472789766987617 ], [ 80.643341067367786, 30.450382231455386 ], [ 80.645668029954749, 30.448125834667582 ], [ 80.648277281187873, 30.446052550661062 ], [ 80.648277281187873, 30.445184708681261 ], [ 80.65142059681591, 30.442907336751649 ], [ 80.65141296189185, 30.442449574798591 ], [ 80.652030942303682, 30.441595078935812 ], [ 80.652793887225414, 30.440971377330964 ], [ 80.658081052209539, 30.438072202077851 ], [ 80.659317013482863, 30.437633516985329 ], [ 80.66122436783769, 30.436807636188426 ], [ 80.661811829452589, 30.43657493774986 ], [ 80.663635251891151, 30.435886381538889 ], [ 80.665191650081894, 30.436338422298899 ], [ 80.668045042139653, 30.435876848333447 ], [ 80.675338742343556, 30.43631935043846 ], [ 80.677093507714076, 30.435523983438465 ], [ 80.680526731912323, 30.433965686516743 ], [ 80.681823735329715, 30.433143617732139 ], [ 80.682342529426904, 30.431758880386194 ], [ 80.683914182465728, 30.431095121779094 ], [ 80.684700011260389, 30.430406570118514 ], [ 80.691459653958162, 30.425636283966828 ], [ 80.691459652968632, 30.424766535239396 ], [ 80.714363093630155, 30.408905022778228 ], [ 80.7341613784739, 30.398464201543366 ], [ 80.745811466256626, 30.392786022943348 ], [ 80.752014160146885, 30.388710021179058 ], [ 80.759826664897574, 30.38212585232786 ], [ 80.760086059670968, 30.38146018498972 ], [ 80.763702396200927, 30.37851524654133 ], [ 80.763702396200927, 30.378049855113893 ], [ 80.766044618186257, 30.376028055495674 ], [ 80.766838076904904, 30.374645231431092 ], [ 80.770263670729605, 30.370529172214777 ], [ 80.771209718432544, 30.369886394199163 ], [ 80.771865847565252, 30.367570873548654 ], [ 80.772972108277358, 30.366481780516366 ], [ 80.77384948846256, 30.365839002051061 ], [ 80.778511048560503, 30.35609436034169 ], [ 80.779006958784848, 30.35586929182719 ], [ 80.780822751749014, 30.351795193344177 ], [ 80.781318662422962, 30.351570129829689 ], [ 80.781578067196349, 30.350439065614513 ], [ 80.782630920238788, 30.349540715287496 ], [ 80.78316497918405, 30.34931373304196 ], [ 80.786895755977412, 30.338676451299314 ], [ 80.78831481958224, 30.336189274803978 ], [ 80.788841248603433, 30.335983278149847 ], [ 80.790443419989487, 30.333728790093168 ], [ 80.793342590242588, 30.331501008371223 ], [ 80.796646113879717, 30.32896614039916 ], [ 80.796905518653105, 30.328319554921549 ], [ 80.808197025797526, 30.320848462679809 ], [ 80.82569885130647, 30.310562137101204 ], [ 80.832458493014798, 30.307373043277785 ], [ 80.835144046689805, 30.306312555311376 ], [ 80.83858489991286, 30.305049898152895 ], [ 80.841285707986316, 30.304061889716586 ], [ 80.86019897717604, 30.297803879425633 ], [ 80.863883971223714, 30.297210696617697 ], [ 80.867935175384218, 30.296558379946969 ], [ 80.879386900987384, 30.294708251173589 ], [ 80.880210873053244, 30.294567104125676 ], [ 80.884880068075148, 30.29342842043593 ], [ 80.897880551944951, 30.2902145394584 ], [ 80.910850522467598, 30.284523015190967 ], [ 80.919822696499409, 30.281711574316102 ], [ 80.931106568719741, 30.2785663604067 ], [ 80.944328309091716, 30.276283267284054 ], [ 80.948631288101524, 30.275854110396875 ], [ 80.950759888958444, 30.275730131478358 ], [ 80.953376770115625, 30.27532196018258 ], [ 80.954978941501778, 30.275072094064292 ], [ 80.956619261159034, 30.274633408971685 ], [ 80.961624142946619, 30.273166658440516 ], [ 80.974113462193671, 30.268945697166238 ], [ 80.981712340815932, 30.266378401216723 ], [ 80.986907959409407, 30.265001298345066 ], [ 80.992683410143442, 30.263711934851774 ], [ 81.008430480282044, 30.261074068103092 ], [ 81.025344849176093, 30.253400801219691 ], [ 81.026420591540955, 30.252593997283313 ], [ 81.029441831531841, 30.250234601718788 ], [ 81.030204776453672, 30.249681471362784 ], [ 81.031494140396575, 30.24809074191311 ], [ 81.033424378624233, 30.243793488646638 ], [ 81.033950807645397, 30.243558881926727 ], [ 81.034053448741631, 30.242963658769838 ], [ 81.034339902530334, 30.241302495138896 ], [ 81.0342788699366, 30.240753171795209 ], [ 81.033311157841268, 30.228828347636863 ], [ 81.032966616671175, 30.224582670962452 ], [ 81.035507198587041, 30.217115407062078 ], [ 81.036300659554826, 30.216672898628183 ], [ 81.037170410265631, 30.216028211881437 ], [ 81.040222169053465, 30.209424971169895 ], [ 81.041069025441743, 30.208068848889813 ], [ 81.041816715515523, 30.206180571395446 ], [ 81.042327880587933, 30.201957706390129 ], [ 81.042854309609098, 30.201723099220619 ], [ 81.042856053249622, 30.201613889274377 ], [ 81.042938231075681, 30.196466443033387 ], [ 81.042953490474133, 30.194746018921766 ], [ 81.040969849127137, 30.194616318810322 ], [ 81.03363800020233, 30.194263458915241 ], [ 81.032615660956822, 30.194448475427485 ], [ 81.027893068265158, 30.193901060814824 ], [ 81.01074981839453, 30.188787459956863 ], [ 80.997329710842919, 30.184352872554154 ], [ 80.996002198628702, 30.183906557537469 ], [ 80.993286136606471, 30.182992932812013 ], [ 80.991493222515174, 30.18322944326296 ], [ 80.98577881615347, 30.185041425414038 ], [ 80.984764099603737, 30.187065122114397 ], [ 80.984237670582488, 30.187299729283911 ], [ 80.983444216863845, 30.187532427272782 ], [ 80.980331420482301, 30.187082290243794 ], [ 80.977607723536096, 30.185741422362174 ], [ 80.976440429780567, 30.18531227047491 ], [ 80.973320003475038, 30.180801390630414 ], [ 80.970695492843475, 30.17923355050317 ], [ 80.963188170611772, 30.181280138174952 ], [ 80.958251951341992, 30.180635450978517 ], [ 80.955612181311963, 30.179828647042154 ], [ 80.951759339331133, 30.178646088888261 ], [ 80.941879271317276, 30.174825663985686 ], [ 80.938232425990478, 30.173027039150927 ], [ 80.936676027799706, 30.172805783098436 ], [ 80.936019898666999, 30.172967910288147 ], [ 80.927612307377231, 30.175117491286947 ], [ 80.925804138887472, 30.176019664075966 ], [ 80.925338747460032, 30.177007672512261 ], [ 80.924987791296076, 30.177743910649557 ], [ 80.924781799642034, 30.178472519312393 ], [ 80.923828122464627, 30.179006578257638 ], [ 80.921157833637679, 30.182144167692655 ], [ 80.92036437991905, 30.182256699225107 ], [ 80.919708250786314, 30.185197830211514 ], [ 80.920242309731577, 30.185310366743867 ], [ 80.919921872364441, 30.186872486127761 ], [ 80.920594345010272, 30.188562715742172 ], [ 80.920913693262733, 30.189365383366443 ], [ 80.920951841534034, 30.192146305444389 ], [ 80.921188357434502, 30.201118464476206 ], [ 80.921722410930158, 30.203601838509552 ], [ 80.921161223102473, 30.205019985617476 ], [ 80.919395443343177, 30.209482191301635 ], [ 80.918640138345424, 30.209943775716773 ], [ 80.917854309550862, 30.21153068270435 ], [ 80.912696839228659, 30.214715953616018 ], [ 80.906204221768121, 30.213823319032336 ], [ 80.902816771214731, 30.212255478905185 ], [ 80.899803160698212, 30.207992551897625 ], [ 80.898818969723976, 30.20717239184415 ], [ 80.896797180105679, 30.20187950066698 ], [ 80.894966127743146, 30.200204849750737 ], [ 80.8888778691163, 30.192262644888523 ], [ 80.887954710735812, 30.191076279272551 ], [ 80.88298034819482, 30.180473323788799 ], [ 80.875953672238708, 30.174407959484483 ], [ 80.872436526573765, 30.172380448673245 ], [ 80.870849609586074, 30.171718598797089 ], [ 80.868547607973113, 30.168959758302815 ], [ 80.867889402188922, 30.168170929335332 ], [ 80.86747741343116, 30.166063309519508 ], [ 80.868774416848538, 30.16605377086449 ], [ 80.876365660996484, 30.14661788966589 ], [ 80.877647301056783, 30.14010918931832 ], [ 80.877655024489798, 30.140069965804646 ], [ 80.877632140616939, 30.132377622060783 ], [ 80.874771114084723, 30.126741409643653 ], [ 80.867408756363034, 30.121789930975417 ], [ 80.860168458379206, 30.118144989379672 ], [ 80.856842040419536, 30.116868976553874 ], [ 80.851387027052652, 30.113254548754941 ], [ 80.8460769677461, 30.102491379362753 ], [ 80.845657349513928, 30.101554870314835 ], [ 80.841987609864688, 30.097932812591843 ], [ 80.841476440241891, 30.09748077183183 ], [ 80.838371278334748, 30.096364972464706 ], [ 80.832908625043785, 30.09546279967568 ], [ 80.824478149881287, 30.096364972464698 ], [ 80.821815490528735, 30.095705031319596 ], [ 80.818542480238818, 30.094429018044011 ], [ 80.811981195847821, 30.091262813250907 ], [ 80.811111444999298, 30.090734480790992 ], [ 80.809944151243869, 30.089546206893665 ], [ 80.808631893428057, 30.088493348401638 ], [ 80.80825042846719, 30.088096614491914 ], [ 80.805641177234065, 30.083358762401872 ], [ 80.803230282730837, 30.081274036458893 ], [ 80.802780150701849, 30.080612186133067 ], [ 80.799133305375051, 30.072986606175977 ], [ 80.795852660610748, 30.070236207894855 ], [ 80.792236324080889, 30.066486359241129 ], [ 80.79134369581999, 30.066024783955577 ], [ 80.789253237361123, 30.062631603529255 ], [ 80.787170410149258, 30.061519621624115 ], [ 80.782760619900642, 30.058357244585309 ], [ 80.780937192462105, 30.056779860803054 ], [ 80.773429870230416, 30.054555891543107 ], [ 80.772270206398957, 30.05387115734451 ], [ 80.769264225806523, 30.05160713608231 ], [ 80.768600466749731, 30.050477980598089 ], [ 80.767967221939458, 30.04935646048753 ], [ 80.762527462971022, 30.044183735317286 ], [ 80.762001033949829, 30.042606351984716 ], [ 80.761947630830505, 30.041893007720255 ], [ 80.761840825041403, 30.038724899488326 ], [ 80.761451720606146, 30.028350829981154 ], [ 80.754676819499366, 30.014852526706289 ], [ 80.752693178152427, 30.012035370088093 ], [ 80.749748230153656, 30.00784683634166 ], [ 80.748641963991957, 30.005060198070691 ], [ 80.747421267117076, 30.001970290561985 ], [ 80.74430084126115, 29.998352050301072 ], [ 80.735214231516238, 29.993415831480981 ], [ 80.728218084357053, 29.996370312685109 ], [ 80.724845888202111, 29.997066498820061 ], [ 80.721084592162228, 29.995702741615929 ], [ 80.719390869385549, 29.993886948651763 ], [ 80.715179441766281, 29.991466520943192 ], [ 80.715042117180445, 29.990322111510196 ], [ 80.713882448348912, 29.989883426417585 ], [ 80.71188354260353, 29.988056181517045 ], [ 80.711303710463, 29.986980434152162 ], [ 80.710144046631569, 29.986293796222544 ], [ 80.707084657919779, 29.983316420695967 ], [ 80.706184388412026, 29.9819641058778 ], [ 80.703346251202333, 29.980293276973953 ], [ 80.703079221954553, 29.979623797173808 ], [ 80.692436219018887, 29.97115898075241 ], [ 80.691276550187439, 29.969575880777121 ], [ 80.687904359032501, 29.965955737234843 ], [ 80.68647765550358, 29.964836120405653 ], [ 80.684898373440049, 29.959426874784437 ], [ 80.68154907115786, 29.956945419482135 ], [ 80.673278809454132, 29.955863951373924 ], [ 80.670234680140709, 29.955940248366101 ], [ 80.667541506991313, 29.955625532192009 ], [ 80.661865232122253, 29.954967494328251 ], [ 80.659523010136922, 29.955177303444298 ], [ 80.658859251529805, 29.954877851668645 ], [ 80.646636966530522, 29.955318450492211 ], [ 80.641838071846678, 29.955646517333808 ], [ 80.640655513692792, 29.955854418168496 ], [ 80.639312747080126, 29.956108091748856 ], [ 80.635368348708653, 29.957859034657297 ], [ 80.634582519914076, 29.95967292389043 ], [ 80.633819574992259, 29.960344317421594 ], [ 80.631393436090647, 29.959976198128139 ], [ 80.630264281056114, 29.960214617310054 ], [ 80.628974917113126, 29.960102080777606 ], [ 80.61783600440279, 29.954326630043596 ], [ 80.617057805082609, 29.953899381887354 ], [ 80.614028930167635, 29.953763961032479 ], [ 80.612480166900937, 29.954227443728957 ], [ 80.609161378415664, 29.954025264087225 ], [ 80.608001709584201, 29.953914646285817 ], [ 80.604637142903655, 29.952558518556053 ], [ 80.602416991105784, 29.951168060017086 ], [ 80.600334168893738, 29.949859614663332 ], [ 80.5831298814295, 29.933198929349658 ], [ 80.579231266253387, 29.929988860384448 ], [ 80.572509762816352, 29.919389727362777 ], [ 80.572388703954488, 29.918208541094604 ], [ 80.571975703871018, 29.914178843921157 ], [ 80.57299804356623, 29.911470416822997 ], [ 80.574037866019523, 29.895447862945815 ], [ 80.574317930856424, 29.891132357385619 ], [ 80.572677616199101, 29.88652229167608 ], [ 80.57094573470151, 29.883012770935217 ], [ 80.566505436105672, 29.878198621853002 ], [ 80.564819337803442, 29.875812530403245 ], [ 80.562400818825836, 29.87265395537683 ], [ 80.561308547011777, 29.86883502636212 ], [ 80.560844420635149, 29.867212292677269 ], [ 80.561067689709319, 29.865512249918083 ], [ 80.56137847458038, 29.863145829118405 ], [ 80.56189727912718, 29.861566541605203 ], [ 80.56085204555913, 29.858629228530468 ], [ 80.556434630836236, 29.854574206907895 ], [ 80.555175785690153, 29.850051880126937 ], [ 80.554649351668871, 29.849588396980856 ], [ 80.550262445742788, 29.848360060631592 ], [ 80.549514770219531, 29.848041531995502 ], [ 80.543899537944199, 29.845651623083853 ], [ 80.54222106456595, 29.844646456967727 ], [ 80.541931150995651, 29.84425926126352 ], [ 80.536300659771541, 29.836292268347734 ], [ 80.528259273594699, 29.829988479861505 ], [ 80.525428775859382, 29.826580043716625 ], [ 80.511314390903749, 29.819816589546299 ], [ 80.508033756139454, 29.816738124423662 ], [ 80.501106261048378, 29.808757785840452 ], [ 80.496467590272886, 29.792488099142751 ], [ 80.49465179730872, 29.791164398940854 ], [ 80.4907913204039, 29.791824340535658 ], [ 80.489761351234293, 29.791622160893922 ], [ 80.489761351234293, 29.790706637437491 ], [ 80.489768981158377, 29.790010456302451 ], [ 80.487274169738967, 29.790700911244453 ], [ 80.483016963924428, 29.793188097739797 ], [ 80.470344546896143, 29.797481538544279 ], [ 80.467590331153048, 29.797191619973976 ], [ 80.466308596684428, 29.797414774757428 ], [ 80.461914061283977, 29.796770098010764 ], [ 80.454063417812307, 29.794116971863723 ], [ 80.451011659024587, 29.794782644201778 ], [ 80.448890683091662, 29.795238497423878 ], [ 80.447990413584009, 29.795724864442803 ], [ 80.445259092163326, 29.79726600823513 ], [ 80.443702693972554, 29.800432207736023 ], [ 80.441780095219286, 29.801877977675687 ], [ 80.438133239892579, 29.80164337095577 ], [ 80.435478215014413, 29.799676892738272 ], [ 80.433380128403996, 29.795448306539914 ], [ 80.432594299609434, 29.794780725470826 ], [ 80.424583432679, 29.792396547752201 ], [ 80.418655392960702, 29.788009641826029 ], [ 80.418296816872598, 29.787939071026962 ], [ 80.411537175164256, 29.786598207695576 ], [ 80.41082763336189, 29.786270140854057 ], [ 80.410041804567228, 29.786087033072846 ], [ 80.409759515827105, 29.784849163460084 ], [ 80.404243474510778, 29.763799668547463 ], [ 80.403968810338824, 29.761142730388034 ], [ 80.402160642298739, 29.756155012179541 ], [ 80.401374818504166, 29.755470272980947 ], [ 80.39854431076887, 29.753904341135151 ], [ 80.39750671212488, 29.75413131838059 ], [ 80.394683838863955, 29.753719330072499 ], [ 80.393394469920949, 29.753269197593927 ], [ 80.392059328232378, 29.752092355632975 ], [ 80.391349796429992, 29.748516086554943 ], [ 80.390907288875312, 29.7479610420183 ], [ 80.389205936174548, 29.74629020856413 ], [ 80.387184146556336, 29.744859697573226 ], [ 80.385635377839947, 29.744403839351115 ], [ 80.378120427491808, 29.746654504342732 ], [ 80.374633789715531, 29.745752337156809 ], [ 80.373992914981258, 29.745315550795233 ], [ 80.373611450020391, 29.744167328900254 ], [ 80.371543887381989, 29.740308756690762 ], [ 80.370384218375477, 29.739192961359173 ], [ 80.370110272108278, 29.736856089598803 ], [ 80.370079040839954, 29.741571426508635 ], [ 80.371551513389093, 29.74535942080837 ], [ 80.374633789457704, 29.75080108665696 ], [ 80.378128052142586, 29.751705169697125 ], [ 80.387191772088102, 29.749910354502088 ], [ 80.389221191172595, 29.751340866034244 ], [ 80.391365051683323, 29.753568649478108 ], [ 80.392066955440129, 29.757144928083711 ], [ 80.394691467602669, 29.758773803975213 ], [ 80.398551940513073, 29.75895881655007 ], [ 80.402175903420968, 29.761209488189181 ], [ 80.403976440552455, 29.76619911206804 ], [ 80.404258727844919, 29.768857955849104 ], [ 80.40976715081743, 29.789913177277334 ], [ 80.411544800203245, 29.791660309069464 ], [ 80.418663024896674, 29.793075561355053 ], [ 80.42054748496129, 29.795030593917293 ], [ 80.423141479530031, 29.797719955292052 ], [ 80.423446655467444, 29.800592422229158 ], [ 80.422561645248919, 29.806053161349077 ], [ 80.419456482333928, 29.806055068811087 ], [ 80.415603637473012, 29.80269241336169 ], [ 80.412239075011215, 29.80225753765087 ], [ 80.409942626531745, 29.800016403321838 ], [ 80.406730652038704, 29.797721862754056 ], [ 80.405982970992014, 29.79564285280453 ], [ 80.403907775516828, 29.793884277589214 ], [ 80.402122497182248, 29.789386749234939 ], [ 80.400985718164307, 29.786464690983131 ], [ 80.400436401476981, 29.784524917667465 ], [ 80.398529052767429, 29.781051635715905 ], [ 80.397880554350053, 29.778743743813241 ], [ 80.395576476921832, 29.776409149241012 ], [ 80.394218444899622, 29.774074554218995 ], [ 80.392585754533684, 29.772718429658795 ], [ 80.38997650116805, 29.76998329189345 ], [ 80.387229919529929, 29.76925086964367 ], [ 80.382949829255892, 29.768432616998748 ], [ 80.378898620934919, 29.767833709895992 ], [ 80.374282837129698, 29.768999099944985 ], [ 80.370567321440532, 29.770082473623482 ], [ 80.368461609271009, 29.770616531514019 ], [ 80.365463257034833, 29.772716522196788 ], [ 80.363761901633296, 29.774244308446644 ], [ 80.362236022845508, 29.777423858783269 ], [ 80.359832763687265, 29.781053543177922 ], [ 80.359664916921716, 29.783618926715608 ], [ 80.359580993988573, 29.786729812466387 ], [ 80.359390258578003, 29.789386749234946 ], [ 80.359046936098139, 29.792575835982415 ], [ 80.360076904437193, 29.795564651358141 ], [ 80.359367370832345, 29.797721862754063 ], [ 80.357574462649708, 29.801399231001309 ], [ 80.353897094402384, 29.800645828467886 ], [ 80.351966857947161, 29.797721862754063 ], [ 80.349304199242184, 29.793983459319243 ], [ 80.345565795807374, 29.79093360920572 ], [ 80.343681335742758, 29.789386749234946 ], [ 80.343368529957203, 29.787195205770903 ], [ 80.342620849809919, 29.783998489175378 ], [ 80.342269897481827, 29.781051635715905 ], [ 80.343482971383423, 29.778968811291946 ], [ 80.345565795807374, 29.774032592752434 ], [ 80.346221924072779, 29.77206420885539 ], [ 80.346832275048314, 29.764383316139764 ], [ 80.345565795807374, 29.762798309176844 ], [ 80.342475890789927, 29.759143829124845 ], [ 80.339599609378382, 29.756050110082661 ], [ 80.337226867364222, 29.753654479873244 ], [ 80.334640502643538, 29.750299453822233 ], [ 80.333099365058857, 29.747714996563619 ], [ 80.334091186855559, 29.744581222617594 ], [ 80.334609985049838, 29.741998672371317 ], [ 80.335304259857779, 29.739381790056918 ], [ 80.337226867364222, 29.736867904846164 ], [ 80.339874267272407, 29.733690261971557 ], [ 80.341941833798757, 29.731046676537883 ], [ 80.343399047551003, 29.728883743205529 ], [ 80.345565795807374, 29.726388931266094 ], [ 80.347167968579512, 29.724311828778493 ], [ 80.348419189473248, 29.722713470480777 ], [ 80.349067688340313, 29.717878341582981 ], [ 80.349761963148254, 29.714378356961749 ], [ 80.348114013985537, 29.7118320466952 ], [ 80.345565795807374, 29.708887100248131 ], [ 80.342864990559818, 29.706045150904629 ], [ 80.340354919823511, 29.702917098895039 ], [ 80.337394714129786, 29.697711944397927 ], [ 80.338119506531527, 29.689376830878899 ], [ 80.341606140267658, 29.685413360415076 ], [ 80.347030639407649, 29.682510375884174 ], [ 80.353897094402384, 29.681913375793833 ], [ 80.356941223029253, 29.681043624821793 ], [ 80.362236022845508, 29.679189681901285 ], [ 80.365554809816018, 29.676033019759998 ], [ 80.369125366485179, 29.671266555897727 ], [ 80.370567321440532, 29.669137954633491 ], [ 80.372375488420147, 29.666181564313565 ], [ 80.373703002848558, 29.664375305245652 ], [ 80.376426696741134, 29.661901474039535 ], [ 80.378898620934919, 29.660598754818775 ], [ 80.382125854224853, 29.659263610991818 ], [ 80.384933471949836, 29.658348083629189 ], [ 80.388351440650254, 29.657152175986489 ], [ 80.390541076652369, 29.656040191726625 ], [ 80.395576476921832, 29.654064178431142 ], [ 80.399444579680363, 29.651576995890064 ], [ 80.403907775516828, 29.646463394174216 ], [ 80.406433105050056, 29.641897201683701 ], [ 80.407279968276342, 29.639373779162892 ], [ 80.407096863163602, 29.634229660302854 ], [ 80.406959533991738, 29.631038665643771 ], [ 80.406188965199419, 29.628757476860567 ], [ 80.40322875950578, 29.622024536113589 ], [ 80.400886535534994, 29.617393493511472 ], [ 80.398925781486099, 29.614370346067624 ], [ 80.397735595330147, 29.612211227209702 ], [ 80.395576476921832, 29.609333038336072 ], [ 80.393241882349486, 29.606037140010613 ], [ 80.39112853988216, 29.602148056069144 ], [ 80.389915465980565, 29.600374222057027 ], [ 80.38723754847868, 29.596218109170287 ], [ 80.384490966840559, 29.592109680136158 ], [ 80.382202148209231, 29.589368819984781 ], [ 80.38077545205077, 29.587488174394593 ], [ 80.378898620934919, 29.586124420435954 ], [ 80.376251221026735, 29.583681106373842 ], [ 80.372489928946976, 29.581033706465664 ], [ 80.370567321440532, 29.579933166528253 ], [ 80.368133544688575, 29.578599929713715 ], [ 80.365966796881892, 29.577302932878982 ], [ 80.362236022845508, 29.575670242513141 ], [ 80.360343932932764, 29.574594497783401 ], [ 80.356681823482432, 29.572698592946637 ], [ 80.349380493226477, 29.568178176846704 ], [ 80.344413757093264, 29.565517425603733 ], [ 80.3420257567319, 29.564365386889612 ], [ 80.337234497212364, 29.561847686754845 ], [ 80.333175659043235, 29.560085296615494 ], [ 80.327507019153217, 29.557420730448513 ], [ 80.325469971119944, 29.556032180832499 ], [ 80.324073791655891, 29.5512123107316 ], [ 80.323211670082316, 29.547697067313479 ], [ 80.325515747060933, 29.542741775502726 ], [ 80.327583313137595, 29.538057327111584 ], [ 80.328895568769227, 29.535341263067146 ], [ 80.331230163791133, 29.531030654749742 ], [ 80.331260681384933, 29.528661727659614 ], [ 80.331016540635005, 29.524822235032754 ], [ 80.330375671166394, 29.521207809435001 ], [ 80.328895568769227, 29.519666671850349 ], [ 80.326835632090919, 29.516422271851827 ], [ 80.325019836162639, 29.514362335173608 ], [ 80.32305908211363, 29.511861801297727 ], [ 80.320556640326089, 29.510341644446306 ], [ 80.318344116578402, 29.508243560775867 ], [ 80.314804077502927, 29.506029129116488 ], [ 80.312225341731079, 29.504236221383461 ], [ 80.308517455890041, 29.501403808450821 ], [ 80.306587219434832, 29.500385284434223 ], [ 80.303894043136054, 29.498817443730118 ], [ 80.30145263653597, 29.497694015597467 ], [ 80.297821044679324, 29.495429992623396 ], [ 80.295555114692903, 29.49435234043165 ], [ 80.291999816820535, 29.49291610696304 ], [ 80.289764404427913, 29.491907119806815 ], [ 80.286102294977496, 29.490476608274655 ], [ 80.283546447850554, 29.489358902078337 ], [ 80.278884887654769, 29.487081527769476 ], [ 80.27547454835269, 29.484434127861295 ], [ 80.270553589059759, 29.480817794801524 ], [ 80.266326904125094, 29.476919174449204 ], [ 80.262214660616621, 29.474081039580206 ], [ 80.259750366270879, 29.472690582052518 ], [ 80.255943298699819, 29.470634460298328 ], [ 80.253883362021611, 29.469841003310741 ], [ 80.24944305393069, 29.468803405573066 ], [ 80.245552062976913, 29.468002319187033 ], [ 80.237213134983449, 29.468183517287471 ], [ 80.228874206540297, 29.468992233521632 ], [ 80.223754882438357, 29.469478607109885 ], [ 80.220542907945202, 29.469768524250394 ], [ 80.217880249240224, 29.470031738271555 ], [ 80.214401245352235, 29.470502853512592 ], [ 80.210578918084991, 29.471057891686684 ], [ 80.195541381862455, 29.474838256587979 ], [ 80.187202453869006, 29.476736068886755 ], [ 80.183784485168488, 29.477607726871121 ], [ 80.181587219318331, 29.478307724065203 ], [ 80.177375793180545, 29.479530334377564 ], [ 80.174308776808104, 29.481023788559309 ], [ 80.170532226830758, 29.482492446633938 ], [ 80.166061401146237, 29.484884261919319 ], [ 80.159820556823234, 29.48936080909067 ], [ 80.156082153388425, 29.491571426275712 ], [ 80.153869628741461, 29.493074417317821 ], [ 80.150863647556434, 29.494693756348866 ], [ 80.147178649910728, 29.497692108135457 ], [ 80.145530700298309, 29.499053955081685 ], [ 80.141746521372184, 29.502244949291093 ], [ 80.13826751748428, 29.50710296638422 ], [ 80.137191772754463, 29.50993919379129 ], [ 80.135406494419854, 29.514360427711502 ], [ 80.135185241415599, 29.516374587999216 ], [ 80.134849548334088, 29.520351409797833 ], [ 80.134567260592021, 29.522695541230636 ], [ 80.133140563983872, 29.526973724492315 ], [ 80.131484985422702, 29.531028747737327 ], [ 80.128860473260175, 29.533199310018453 ], [ 80.125511169595256, 29.536012649679858 ], [ 80.122100829843518, 29.539361953794348 ], [ 80.120529174665165, 29.540683746286437 ], [ 80.116966247844033, 29.54413414004274 ], [ 80.113601684482944, 29.549104690650307 ], [ 80.112197876070056, 29.552577972152264 ], [ 80.11052703826239, 29.556032180832506 ], [ 80.109916687286855, 29.562084198106316 ], [ 80.109695434282585, 29.564365386889619 ], [ 80.110038757661812, 29.566524505747534 ], [ 80.112197876070056, 29.573141098055892 ], [ 80.114524841243934, 29.578704833829782 ], [ 80.115928649656752, 29.581033706465664 ], [ 80.117965698589387, 29.589366912972462 ], [ 80.11755371107391, 29.592344284025714 ], [ 80.117156982355226, 29.594331741193976 ], [ 80.116744994839749, 29.597703933503816 ], [ 80.116767883484684, 29.606035232548603 ], [ 80.117485046038297, 29.609081268187698 ], [ 80.118942260689821, 29.612787246566718 ], [ 80.120529174665165, 29.615724563615416 ], [ 80.123687743818763, 29.619546889983372 ], [ 80.127098083570516, 29.622703552124737 ], [ 80.128860473260175, 29.624906539911244 ], [ 80.131256103469582, 29.628641128421954 ], [ 80.132751464663642, 29.631038665643775 ], [ 80.133735656612203, 29.634496688798439 ], [ 80.135055542091862, 29.637231826563784 ], [ 80.135627746524861, 29.640941619866833 ], [ 80.137191772754463, 29.644784927417703 ], [ 80.137962341546796, 29.647706985669508 ], [ 80.139038086276614, 29.649547576805546 ], [ 80.139633178455256, 29.653596878114204 ], [ 80.142990111968203, 29.653499603396508 ], [ 80.145530700298309, 29.65464591972458 ], [ 80.14746856660166, 29.656042099188632 ], [ 80.150398254701514, 29.659503936817714 ], [ 80.153869628741461, 29.661872863907856 ], [ 80.156364440680903, 29.664375305245645 ], [ 80.155967712411893, 29.666473388466496 ], [ 80.155372619783577, 29.671201705786224 ], [ 80.153869628741461, 29.674097060918662 ], [ 80.149833679217267, 29.677011489772127 ], [ 80.145530700298309, 29.682250976337354 ], [ 80.142051696410306, 29.685903549376938 ], [ 80.141075134309887, 29.689376830878899 ], [ 80.140045165970747, 29.69223022454478 ], [ 80.139495849283406, 29.695409774881391 ], [ 80.138870239510979, 29.697711944397927 ], [ 80.138595581167351, 29.707445144843106 ], [ 80.13826751748428, 29.713302612232006 ], [ 80.138565063573566, 29.715745925844324 ], [ 80.139457702740842, 29.720449447506788 ], [ 80.139999389580154, 29.722713470480777 ], [ 80.140968322731823, 29.727275848496962 ], [ 80.141975402425942, 29.731048583999907 ], [ 80.142845153847588, 29.733730315976114 ], [ 80.145172119021467, 29.739740371783359 ], [ 80.143699646022739, 29.747714996563626 ], [ 80.142967224222559, 29.750278472639305 ], [ 80.14208221400402, 29.752607345724879 ], [ 80.141319275059828, 29.756050110082654 ], [ 80.140182495142582, 29.764383316139764 ], [ 80.140945434986165, 29.768964767427171 ], [ 80.141616821149185, 29.772718429658795 ], [ 80.142166137836526, 29.776084900032281 ], [ 80.142807006855449, 29.778331756747463 ], [ 80.143356323093187, 29.781049728253887 ], [ 80.143409729331822, 29.783172607581687 ], [ 80.144218444666691, 29.789384841772922 ], [ 80.142158507988398, 29.794347762982127 ], [ 80.140792847017423, 29.797719955292045 ], [ 80.139671325897098, 29.800193786498156 ], [ 80.13777923598434, 29.806640625028631 ], [ 80.137672424406276, 29.814865112495166 ], [ 80.138175964703024, 29.823701858399335 ], [ 80.137992859140581, 29.831106185758948 ], [ 80.135261535399962, 29.829118728590672 ], [ 80.134994506904391, 29.824922561699378 ], [ 80.132278441960594, 29.822723388387228 ], [ 80.130935668735276, 29.820646285899702 ], [ 80.128860473260175, 29.820417404396252 ], [ 80.126487731695704, 29.814386367855771 ], [ 80.126548766883175, 29.812072754016768 ], [ 80.126586914325003, 29.808332443119941 ], [ 80.126640319664347, 29.806053161349077 ], [ 80.126655578461254, 29.803846359088137 ], [ 80.126190185606333, 29.800390243395483 ], [ 80.126205444403226, 29.797719955292045 ], [ 80.126037597637662, 29.794897079669457 ], [ 80.125579833731507, 29.792667388763597 ], [ 80.125442504559643, 29.789384841772922 ], [ 80.124557495240495, 29.785358429109294 ], [ 80.123657226225063, 29.781051635715905 ], [ 80.122909546077665, 29.77866935729098 ], [ 80.120269775118345, 29.772459030111982 ], [ 80.118522644225564, 29.766391754041358 ], [ 80.117744445585103, 29.764385223601778 ], [ 80.116424560555046, 29.76015472419277 ], [ 80.114860534775119, 29.756050110082661 ], [ 80.114852904927005, 29.753387451377662 ], [ 80.11479186973952, 29.750314712619112 ], [ 80.11478424079074, 29.74771499656363 ], [ 80.114959716505169, 29.744953155229236 ], [ 80.115234374848797, 29.742420196747346 ], [ 80.115402221614431, 29.739381790056918 ], [ 80.115516662590935, 29.7310485839999 ], [ 80.114807128536398, 29.728429794223395 ], [ 80.112777710351182, 29.722713470480777 ], [ 80.112197876070056, 29.720710754515625 ], [ 80.110824585251024, 29.715745925844324 ], [ 80.110908508184181, 29.71309471146181 ], [ 80.112197876070056, 29.70859909056955 ], [ 80.113014221253067, 29.706045150904629 ], [ 80.116348267020356, 29.701864242810238 ], [ 80.118560790768043, 29.697711944397934 ], [ 80.120529174665165, 29.695178985466352 ], [ 80.123817444041862, 29.692670822192039 ], [ 80.125999451095126, 29.689376830878899 ], [ 80.1274337771017, 29.687950134270757 ], [ 80.128860473260175, 29.685577392706282 ], [ 80.131835937750679, 29.684020995875052 ], [ 80.133445739471597, 29.681043624821793 ], [ 80.134849548334088, 29.678699493389011 ], [ 80.135231017806191, 29.674669265801349 ], [ 80.135963440056045, 29.671478271591937 ], [ 80.136276244942223, 29.66345596340868 ], [ 80.135597228931076, 29.656040191726618 ], [ 80.132575988949228, 29.65141677852295 ], [ 80.1274948122892, 29.649070739628158 ], [ 80.121269225863699, 29.646965027008957 ], [ 80.119171142642926, 29.646352767672035 ], [ 80.115425110259366, 29.644475937005957 ], [ 80.112197876070056, 29.643384933479318 ], [ 80.109504699771293, 29.642063140987236 ], [ 80.103858947626918, 29.639019012360389 ], [ 80.100502014113971, 29.634387969758357 ], [ 80.098602295252462, 29.631038665643771 ], [ 80.097694397288279, 29.628866195450964 ], [ 80.094947814750867, 29.622705459586754 ], [ 80.093437194759915, 29.616455078403185 ], [ 80.092964172056938, 29.614370346067631 ], [ 80.09161376988277, 29.606037140010613 ], [ 80.091270446503543, 29.597702026491483 ], [ 80.090698242070545, 29.592880248928491 ], [ 80.090293884403096, 29.589366912972462 ], [ 80.089630127188855, 29.586923599359952 ], [ 80.086380005253972, 29.580226898143199 ], [ 80.084259033388193, 29.575626373134877 ], [ 80.082595825428569, 29.572700500408647 ], [ 80.08187866197558, 29.569677352964799 ], [ 80.081077575589575, 29.566587447947345 ], [ 80.080429077172198, 29.562795639173178 ], [ 80.07885742199376, 29.554889678978942 ], [ 80.074554443074803, 29.551731109375549 ], [ 80.070518493550608, 29.550085067674829 ], [ 80.068298339954893, 29.549919128371204 ], [ 80.064376830957627, 29.549890518239526 ], [ 80.062187194955612, 29.549745559669297 ], [ 80.059959411511741, 29.54992485030764 ], [ 80.055931090936397, 29.549779891737337 ], [ 80.05384826651246, 29.549997329817586 ], [ 80.051177978858718, 29.550363540492896 ], [ 80.04551696791745, 29.54995727536344 ], [ 80.042236328388782, 29.550970077443676 ], [ 80.04076385494038, 29.547697067313479 ], [ 80.045509338069408, 29.546199798657391 ], [ 80.048988341957312, 29.542842865144355 ], [ 80.049713134359052, 29.539363861256362 ], [ 80.051094055026212, 29.531028747737327 ], [ 80.049980163754014, 29.526561736976749 ], [ 80.048469543763034, 29.522693634218211 ], [ 80.045509338069408, 29.520284652673922 ], [ 80.040748596143573, 29.517927169906336 ], [ 80.035507202565924, 29.516031265069586 ], [ 80.028892517269981, 29.514314651770601 ], [ 80.02211761505643, 29.512754440465027 ], [ 80.018707275304678, 29.512556076105692 ], [ 80.013549804660258, 29.512990951366824 ], [ 80.011131286705108, 29.513309478639112 ], [ 80.008041381687732, 29.514360427711502 ], [ 80.003837585398003, 29.516393661270442 ], [ 79.994720459213767, 29.521913528565513 ], [ 79.992767334113637, 29.522695541230629 ], [ 79.987174988207954, 29.525024414316107 ], [ 79.985145569123461, 29.524719238378704 ], [ 79.98070526103254, 29.524562835485934 ], [ 79.977508545336406, 29.524026870583164 ], [ 79.970733642223578, 29.522468566739594 ], [ 79.969070434263955, 29.52126121522404 ], [ 79.965881347516472, 29.518983840915162 ], [ 79.961807251000238, 29.514001846434748 ], [ 79.96209716769107, 29.506027221654477 ], [ 79.960563659954545, 29.497694015597467 ], [ 79.956260681035488, 29.495264053319847 ], [ 79.953834533681984, 29.494192123514132 ], [ 79.949035644763995, 29.492900848166151 ], [ 79.945495605688535, 29.491973876930732 ], [ 79.943222045854085, 29.491630554001095 ], [ 79.938896179189385, 29.491092682085903 ], [ 79.935836791765723, 29.490684509494447 ], [ 79.928039551061147, 29.490152359066006 ], [ 79.921630859073318, 29.490491867071544 ], [ 79.919250488559996, 29.490604400586054 ], [ 79.913566588973794, 29.490770339889597 ], [ 79.910461426058816, 29.491056442106082 ], [ 79.903823852117853, 29.491210937536849 ], [ 79.901748657542029, 29.491434097103856 ], [ 79.897171020279359, 29.491043090771299 ], [ 79.893890380750705, 29.490959167388475 ], [ 79.891281128284433, 29.489358902078337 ], [ 79.895492553522843, 29.487281799590829 ], [ 79.900306701687398, 29.485843658660208 ], [ 79.903823852117853, 29.483276367210834 ], [ 79.905105591055047, 29.481023788559316 ], [ 79.909477234110355, 29.478343963595336 ], [ 79.912155151612225, 29.475984573365746 ], [ 79.914382934156805, 29.474912643560018 ], [ 79.918685913075763, 29.472690582052518 ], [ 79.920852661332134, 29.472337722712201 ], [ 79.929283142106854, 29.472236633070462 ], [ 79.937164306643837, 29.472484588744418 ], [ 79.944595336673103, 29.471790313936456 ], [ 79.947280884023115, 29.470909118642041 ], [ 79.950798034453655, 29.469659805210309 ], [ 79.953834533681984, 29.468027114844393 ], [ 79.956108093066831, 29.466638564778787 ], [ 79.958709716584337, 29.464355468533491 ], [ 79.960517883563952, 29.462709426832767 ], [ 79.962165832726683, 29.460788726788326 ], [ 79.964653014818069, 29.458501815619012 ], [ 79.967132567960618, 29.456022262476466 ], [ 79.968368530507149, 29.453887939275813 ], [ 79.970504760720146, 29.451644897484734 ], [ 79.973739624307896, 29.450925827019432 ], [ 79.975807189934955, 29.450719833261651 ], [ 79.978836059764831, 29.450170517024002 ], [ 79.980804443661867, 29.449653625392369 ], [ 79.987724303996032, 29.447134017795577 ], [ 79.993034362609222, 29.445219039687586 ], [ 79.995506286802978, 29.44396591178144 ], [ 79.999671935650909, 29.443517685185409 ], [ 80.003837585398003, 29.44295310970119 ], [ 80.006202698013723, 29.445322036791321 ], [ 80.008041381687732, 29.447689056419367 ], [ 80.00742340086407, 29.456022262476466 ], [ 80.006286620946852, 29.458473205487323 ], [ 80.003868102991788, 29.464355468533491 ], [ 80.005477905612068, 29.472692489514618 ], [ 80.009155273859307, 29.475719451882494 ], [ 80.012176513841155, 29.477779388560798 ], [ 80.014434814429109, 29.478771209458106 ], [ 80.020805358525521, 29.481323242110609 ], [ 80.028846740879288, 29.482677459658479 ], [ 80.031097412068817, 29.483276367210838 ], [ 80.034317016409986, 29.483890533560075 ], [ 80.037178039474313, 29.48482322673183 ], [ 80.040069580132425, 29.486473083356671 ], [ 80.045509338069408, 29.490543365398572 ], [ 80.048530578950533, 29.494672775165938 ], [ 80.05065154991695, 29.49769401559746 ], [ 80.051841736072959, 29.499692916638601 ], [ 80.05384826651246, 29.501853942958526 ], [ 80.055770874018904, 29.504108429072069 ], [ 80.058319092197067, 29.506027221654488 ], [ 80.060234069855468, 29.507984161229043 ], [ 80.062187194955612, 29.508665084702216 ], [ 80.066474914178471, 29.510314941326953 ], [ 80.070518493550608, 29.511400222917143 ], [ 80.073188782103827, 29.511693954532095 ], [ 80.076431274190568, 29.51194000229443 ], [ 80.07885742199376, 29.512189864980794 ], [ 80.081291198745703, 29.511924743497545 ], [ 80.084602355868157, 29.511775970452902 ], [ 80.087188720588856, 29.511455536168281 ], [ 80.090957641617365, 29.509798049695327 ], [ 80.09320831280688, 29.508342742955499 ], [ 80.096603393761654, 29.506027221654485 ], [ 80.099624633743574, 29.501796722245388 ], [ 80.10205841049553, 29.497694015597467 ], [ 80.103851318678153, 29.49513816847055 ], [ 80.106719970691316, 29.492219924693075 ], [ 80.111564636449572, 29.488731384394299 ], [ 80.113540649295473, 29.488014220941327 ], [ 80.117546081225782, 29.486373901626639 ], [ 80.120529174665165, 29.48533821090146 ], [ 80.123489379909103, 29.483985900815679 ], [ 80.129981994380501, 29.479902267438892 ], [ 80.133468628116603, 29.477302551383399 ], [ 80.138114929515538, 29.472690582052522 ], [ 80.142005920019727, 29.469167709236025 ], [ 80.145530700298309, 29.465873718372496 ], [ 80.147521972840266, 29.464357375995501 ], [ 80.151565551762829, 29.462049484092926 ], [ 80.153869628741461, 29.46083641064093 ], [ 80.157051086540093, 29.459201812813092 ], [ 80.163146972742481, 29.455076217520148 ], [ 80.166770934751099, 29.452259063833989 ], [ 80.17132568336875, 29.44768905641936 ], [ 80.174690246729909, 29.443508148325051 ], [ 80.177764892950449, 29.439355850362332 ], [ 80.178871154374619, 29.437606811557878 ], [ 80.183044433969854, 29.435199737475607 ], [ 80.187202453869006, 29.433397293331794 ], [ 80.190071105882083, 29.433889388856393 ], [ 80.192161560154091, 29.434394836615155 ], [ 80.195541381862455, 29.434883117665407 ], [ 80.200210571456708, 29.435684204051441 ], [ 80.203872680907153, 29.436294555476575 ], [ 80.208702087418828, 29.435848236342657 ], [ 80.212211608900617, 29.435472488357306 ], [ 80.215339660910203, 29.434154510339649 ], [ 80.22068786606583, 29.430873870810988 ], [ 80.222885131915987, 29.425031662218974 ], [ 80.223442077552178, 29.422687530786199 ], [ 80.223136901614666, 29.41435432427949 ], [ 80.223937988000799, 29.409418106189662 ], [ 80.224731445438067, 29.406019210760459 ], [ 80.226295471218066, 29.403440475438206 ], [ 80.228874206540297, 29.400514602711969 ], [ 80.230278014953115, 29.399082183717706 ], [ 80.231788634944081, 29.397684097241342 ], [ 80.234146118161348, 29.39461708041922 ], [ 80.237983703775782, 29.389350891184321 ], [ 80.237213134983449, 29.379671096528188 ], [ 80.235748291383075, 29.374145507746455 ], [ 80.235794067773753, 29.3712635039488 ], [ 80.237213134983449, 29.368679046690108 ], [ 80.238807677907445, 29.365943908924756 ], [ 80.240333557144922, 29.364347457639372 ], [ 80.245552062976913, 29.362243652482181 ], [ 80.249435424981939, 29.359897613587474 ], [ 80.251159668129034, 29.358737945474818 ], [ 80.254844665325137, 29.356016159044366 ], [ 80.258483887029925, 29.352279663071648 ], [ 80.262214660616621, 29.347543716353474 ], [ 80.265647888113932, 29.342773437567175 ], [ 80.267738342386025, 29.339345932006207 ], [ 80.268539428772044, 29.337329864256493 ], [ 80.270843506200279, 29.330722808808588 ], [ 80.271621703941364, 29.323749542235788 ], [ 80.271705627773869, 29.321523666253942 ], [ 80.270553589059759, 29.318960189728589 ], [ 80.268501281330217, 29.314344406373049 ], [ 80.266113280968852, 29.310449600045473 ], [ 80.261001586715011, 29.307224273767943 ], [ 80.256385802909804, 29.306011199866354 ], [ 80.253883362021611, 29.304693222298276 ], [ 80.24929809581009, 29.302263260020766 ], [ 80.245552062976913, 29.299325942972054 ], [ 80.243377685322073, 29.297674179334898 ], [ 80.245552062976913, 29.296466827369734 ], [ 80.249458312727597, 29.293251037502895 ], [ 80.253883362021611, 29.28908157373105 ], [ 80.258827209509889, 29.289340972828196 ], [ 80.263160705572943, 29.290281295848168 ], [ 80.267036437729914, 29.292856216246324 ], [ 80.270553589059759, 29.294479370201387 ], [ 80.272415161378632, 29.295816421490368 ], [ 80.274520873997929, 29.297676086347312 ], [ 80.276382445867199, 29.300178527685109 ], [ 80.278884887654769, 29.301540374631429 ], [ 80.283493041611848, 29.302282333291977 ], [ 80.287223816097907, 29.302869796521868 ], [ 80.290596008407746, 29.301050186119152 ], [ 80.294242859061299, 29.29636001579167 ], [ 80.293060302753489, 29.291841506704056 ], [ 80.293083190499146, 29.289342880290203 ], [ 80.290763855173296, 29.28454589838455 ], [ 80.288581848120103, 29.279647827286951 ], [ 80.287216186249779, 29.27711296089327 ], [ 80.285064697239989, 29.272674560264381 ], [ 80.283332824694341, 29.268226623674483 ], [ 80.282066345453387, 29.264339446745343 ], [ 80.281417847036025, 29.261802673339336 ], [ 80.279861450204891, 29.255033493062228 ], [ 80.27779388412813, 29.246582031104595 ], [ 80.276718139398398, 29.241506576380885 ], [ 80.275894165266635, 29.239337921112185 ], [ 80.273666381822778, 29.236221313425059 ], [ 80.270553589059759, 29.233657836899692 ], [ 80.268104553510909, 29.233448028667571 ], [ 80.265129089020377, 29.233919143458845 ], [ 80.262214660616621, 29.233758926541334 ], [ 80.257514953878257, 29.234632491987711 ], [ 80.253883362021611, 29.235101699766652 ], [ 80.25036621069178, 29.235820770232046 ], [ 80.245552062976913, 29.236768722650389 ], [ 80.243377685322073, 29.237161636444949 ], [ 80.237213134983449, 29.238742828483854 ], [ 80.234786987180257, 29.239337921112185 ], [ 80.227416991888774, 29.240797042776034 ], [ 80.220542907945202, 29.240831374844156 ], [ 80.212211608900617, 29.239173889270653 ], [ 80.20607757570599, 29.237136840787695 ], [ 80.203880309855919, 29.236570358291058 ], [ 80.199348449883104, 29.235530853541121 ], [ 80.195533752464016, 29.234773636083592 ], [ 80.192367553462191, 29.234172821069233 ], [ 80.189941406558361, 29.233743667744438 ], [ 80.187202453869006, 29.233234405511343 ], [ 80.185111999596913, 29.23308944694103 ], [ 80.180297851432357, 29.23243522658732 ], [ 80.17723083505993, 29.232641220345009 ], [ 80.17253112832158, 29.232997894159777 ], [ 80.170539855779609, 29.233516693253421 ], [ 80.166954040313456, 29.235754013108121 ], [ 80.162200927336471, 29.240655899129834 ], [ 80.159500122088929, 29.24496841445966 ], [ 80.157653808566778, 29.247671127169209 ], [ 80.156082153388425, 29.249889373752609 ], [ 80.153869628741461, 29.252571105728908 ], [ 80.151535034169129, 29.253669738653993 ], [ 80.145538330146366, 29.255905151496286 ], [ 80.137992859140581, 29.255207061764221 ], [ 80.13579559329041, 29.254606247199455 ], [ 80.131752013918288, 29.253110885555785 ], [ 80.128860473260175, 29.25184059139082 ], [ 80.126869201617481, 29.249668121197928 ], [ 80.125144958470287, 29.247671127169202 ], [ 80.123428344721631, 29.244768142638311 ], [ 80.120399475341344, 29.239210128800785 ], [ 80.118583679413064, 29.232950210307173 ], [ 80.117897033553874, 29.231002807593068 ], [ 80.115791320484888, 29.227409362728544 ], [ 80.11237335178447, 29.222488403435619 ], [ 80.10992431623562, 29.220396041701516 ], [ 80.107894897151098, 29.21863174454985 ], [ 80.103027343647113, 29.215171813933171 ], [ 80.097900390596379, 29.211952209591999 ], [ 80.095520019183866, 29.210788726555418 ], [ 80.090164184180011, 29.208972930627038 ], [ 80.085250854285519, 29.207937240801137 ], [ 80.07885742199376, 29.207468033022209 ], [ 80.076560974413667, 29.208293914615979 ], [ 80.073585509923134, 29.209064483408305 ], [ 80.070518493550608, 29.210577010861201 ], [ 80.068504333262993, 29.212316512805202 ], [ 80.067047119510747, 29.214336395478938 ], [ 80.065437316890552, 29.217588424875906 ], [ 80.064491272383833, 29.220363617095494 ], [ 80.063270568634195, 29.223751068202223 ], [ 80.062187194955612, 29.22902297982316 ], [ 80.061347961127751, 29.231842040971323 ], [ 80.059707641813063, 29.236854553045525 ], [ 80.057777404458477, 29.243257522647347 ], [ 80.056480407623752, 29.247669219707195 ], [ 80.056091308753196, 29.249910354485841 ], [ 80.054595947559207, 29.256750106810895 ], [ 80.053855896360602, 29.259178161626501 ], [ 80.050811767733819, 29.261301040504602 ], [ 80.048454284966155, 29.264339446745343 ], [ 80.045791626261149, 29.266864776728166 ], [ 80.044265747473403, 29.263093948237643 ], [ 80.043395996051672, 29.258121490617665 ], [ 80.043411254848564, 29.256004333226223 ], [ 80.043128967556086, 29.253620147788972 ], [ 80.042625427259338, 29.250558852903197 ], [ 80.04231262237316, 29.247673034631219 ], [ 80.040687560956087, 29.242847442593877 ], [ 80.038688659465279, 29.237827301121225 ], [ 80.037178039474313, 29.235595703203032 ], [ 80.035560607905367, 29.232618331700081 ], [ 80.034194946035015, 29.231004715055079 ], [ 80.031616211162458, 29.228231429847906 ], [ 80.028846740879288, 29.226062774579205 ], [ 80.026405334279204, 29.225107193212015 ], [ 80.019859314018774, 29.223320007415424 ], [ 80.016998290954461, 29.222667694074033 ], [ 80.012176513841155, 29.221057891903442 ], [ 80.008239746047082, 29.218269348348976 ], [ 80.003845215246145, 29.215202331526953 ], [ 80.002677917735127, 29.213163375581889 ], [ 80.001556396614802, 29.208284378205125 ], [ 80.00093841579114, 29.205999374497893 ], [ 80.001953125333472, 29.204113006521581 ], [ 80.003845215246145, 29.20169258110451 ], [ 80.005760192904461, 29.199583053561199 ], [ 80.007820129582754, 29.197668075453194 ], [ 80.012176513841155, 29.195404052479123 ], [ 80.016746521255783, 29.193897247412277 ], [ 80.020515442284292, 29.192873001009556 ], [ 80.023345946855557, 29.192163467404711 ], [ 80.026695251419824, 29.191482543931635 ], [ 80.030113220120342, 29.190599441624713 ], [ 80.034431457836178, 29.189332961934085 ], [ 80.037178039474313, 29.188671112181915 ], [ 80.045509338069408, 29.186912536517006 ], [ 80.050407410066384, 29.185890197576299 ], [ 80.053855896360602, 29.185062408520515 ], [ 80.058731078813267, 29.184455871569721 ], [ 80.062187194955612, 29.184040069579805 ], [ 80.064956665238753, 29.183763504223766 ], [ 80.068382262888036, 29.183135986090047 ], [ 80.072151183916532, 29.182630538780966 ], [ 80.079444885223637, 29.180997848415057 ], [ 80.087188720588856, 29.1786613463807 ], [ 80.090011596661029, 29.178174972342873 ], [ 80.092147826873926, 29.177623748643114 ], [ 80.095520019183866, 29.177150726389748 ], [ 80.100761413660791, 29.17789649952482 ], [ 80.103858947626918, 29.178371429240109 ], [ 80.106124877613325, 29.178737640365085 ], [ 80.110244750969912, 29.179046630776909 ], [ 80.113403320123609, 29.179792403911897 ], [ 80.116813659875277, 29.18099784841505 ], [ 80.119636535497776, 29.181888580569922 ], [ 80.126350402523826, 29.183509826613388 ], [ 80.128860473260175, 29.184085845970397 ], [ 80.132781982257328, 29.185409545924482 ], [ 80.137191772754463, 29.18698692348897 ], [ 80.139183044397228, 29.18734741222783 ], [ 80.146789550590512, 29.189332961934085 ], [ 80.152641296042972, 29.190563201644892 ], [ 80.155418396174142, 29.190881728917184 ], [ 80.160614013361226, 29.190917968897001 ], [ 80.163673400784873, 29.190803527920487 ], [ 80.171104431263842, 29.189897536968623 ], [ 80.176239013263327, 29.189332961934078 ], [ 80.179748534745002, 29.188451767089262 ], [ 80.188743591453573, 29.189332961934078 ], [ 80.195854187198307, 29.189653396668373 ], [ 80.198623657481363, 29.189332961934092 ], [ 80.204986572179351, 29.188224792598227 ], [ 80.209411621473365, 29.186534881519247 ], [ 80.212211608900617, 29.185798644795039 ], [ 80.215316772265183, 29.18410873416574 ], [ 80.2210845947845, 29.180997848415057 ], [ 80.224891662355574, 29.177017212142001 ], [ 80.229431152176417, 29.172111511196178 ], [ 80.231010437202897, 29.16646194457747 ], [ 80.23188781757338, 29.164331436300916 ], [ 80.23080444299552, 29.162399291934026 ], [ 80.228874206540297, 29.160184860274637 ], [ 80.226387023549648, 29.158487319797302 ], [ 80.220260619753461, 29.15628051753637 ], [ 80.213333129571254, 29.157117843452522 ], [ 80.210357665980084, 29.15785408017674 ], [ 80.207038879009517, 29.159162521333936 ], [ 80.203872680907153, 29.160333633319368 ], [ 80.201431274307069, 29.161884307764485 ], [ 80.19792175282538, 29.164329528838906 ], [ 80.195541381862455, 29.166557311833081 ], [ 80.192169189102856, 29.169300079446547 ], [ 80.187202453869006, 29.173782348554326 ], [ 80.184425353737709, 29.175443649501535 ], [ 80.182731628184314, 29.176527023180046 ], [ 80.178871154374619, 29.178392410423108 ], [ 80.174522399964275, 29.176654815941124 ], [ 80.170539855779609, 29.174642563115516 ], [ 80.169059753382442, 29.172664642358026 ], [ 80.165161133030111, 29.169708252038014 ], [ 80.160682678396739, 29.165853500614347 ], [ 80.159217834796465, 29.164331436300916 ], [ 80.155807495044698, 29.162395477009991 ], [ 80.153869628741461, 29.161342620925193 ], [ 80.144477844213512, 29.1570510863287 ], [ 80.142425537383346, 29.155996322781888 ], [ 80.137191772754463, 29.154249191439451 ], [ 80.135009765701284, 29.153808593792181 ], [ 80.131683349781952, 29.153171539247602 ], [ 80.128860473260175, 29.152591705416256 ], [ 80.124252319302983, 29.152276992618297 ], [ 80.120529174665165, 29.15198135399103 ], [ 80.115798950333001, 29.152395248518928 ], [ 80.109146118494522, 29.152952194155034 ], [ 80.106513977383216, 29.153345107949686 ], [ 80.103858947626918, 29.153594970635954 ], [ 80.101806640796752, 29.153940200577928 ], [ 80.096138000906805, 29.155380248970538 ], [ 80.0932617190456, 29.155996322781888 ], [ 80.089111328095299, 29.157920837300658 ], [ 80.087188720588856, 29.158643722689987 ], [ 80.082206725658665, 29.159349441370811 ], [ 80.078849792145704, 29.159719466970127 ], [ 80.076446532987461, 29.15840148940207 ], [ 80.072410583463352, 29.155998229794211 ], [ 80.070518493550608, 29.155124664347824 ], [ 80.066436767635935, 29.151742935177531 ], [ 80.062187194955612, 29.147750854582025 ], [ 80.057464599572299, 29.144050598139341 ], [ 80.052299499529454, 29.140876770188754 ], [ 80.045509338069408, 29.140613555717913 ], [ 80.036979675115063, 29.147663116275083 ], [ 80.032363891309842, 29.151178360142897 ], [ 80.028846740879288, 29.153511047253229 ], [ 80.025337219397613, 29.155996322781888 ], [ 80.022476196333287, 29.157962799216911 ], [ 80.020515442284292, 29.159170150732376 ], [ 80.017257690501282, 29.161069870043491 ], [ 80.011161804298894, 29.164331436300916 ], [ 80.006462097560529, 29.166948318615315 ], [ 80.003845215246145, 29.168298721239093 ], [ 80.000816345416169, 29.169641494464404 ], [ 79.996368408376583, 29.171804428246446 ], [ 79.994422912225119, 29.172664642358026 ], [ 79.989784240674325, 29.175279617210421 ], [ 79.987174988207954, 29.176265716620897 ], [ 79.982818603499894, 29.17701339721798 ], [ 79.978836059764831, 29.177591324036992 ], [ 79.974205017162731, 29.177295684960047 ], [ 79.970504760720146, 29.177175521597409 ], [ 79.965919494958285, 29.177253723043805 ], [ 79.962173461675448, 29.177343368363054 ], [ 79.953826904283545, 29.177640914902021 ], [ 79.95108032264541, 29.178249358865141 ], [ 79.946784973124821, 29.179708480978761 ], [ 79.943046570139686, 29.180999755877053 ], [ 79.932678222612026, 29.184841155965927 ], [ 79.928833007599138, 29.186346054020355 ], [ 79.925773620625165, 29.186273574960097 ], [ 79.923675536954718, 29.186153412047151 ], [ 79.920501709004128, 29.186082839999205 ], [ 79.91216278056099, 29.185401916526033 ], [ 79.907333374049216, 29.185819625977956 ], [ 79.903823852117853, 29.186105728194455 ], [ 79.901634216115824, 29.187139511008024 ], [ 79.898498535157472, 29.189332961934085 ], [ 79.896789550807256, 29.190633773692923 ], [ 79.892951965192808, 29.195125580110751 ], [ 79.891403198659305, 29.197666168440787 ], [ 79.890480041898314, 29.200988769436002 ], [ 79.889923095362846, 29.203233719138769 ], [ 79.888702392512471, 29.207544327006573 ], [ 79.887153625079705, 29.211820602356578 ], [ 79.884445190433709, 29.214334488016934 ], [ 79.880691528651781, 29.216199874810311 ], [ 79.878822326484695, 29.217073440706294 ], [ 79.876663208076451, 29.216497421349274 ], [ 79.869583129925488, 29.21433448801692 ], [ 79.864219665523279, 29.21227455133862 ], [ 79.858100891125545, 29.210048675356774 ], [ 79.852348327403107, 29.207468033022202 ], [ 79.849700927494922, 29.206001281959903 ], [ 79.847473144950442, 29.20400619494351 ], [ 79.845481872408385, 29.202596664594275 ], [ 79.842842102348328, 29.200304031488511 ], [ 79.838340759070036, 29.197666168440794 ], [ 79.837150573813361, 29.195753097345193 ], [ 79.834564209092676, 29.191915512180362 ], [ 79.832725524519361, 29.189331054921748 ], [ 79.830940246184781, 29.187208175593959 ], [ 79.828811645370237, 29.184900283691398 ], [ 79.827087402223128, 29.182725906486166 ], [ 79.825675963962183, 29.180999755877053 ], [ 79.822616577437813, 29.178861618202056 ], [ 79.820480346775213, 29.177425384733464 ], [ 79.815238952298273, 29.175750732451363 ], [ 79.810249328419417, 29.174558639283006 ], [ 79.805992126790329, 29.174852371347637 ], [ 79.803810119737051, 29.174627304318619 ], [ 79.80167388907438, 29.174798965558605 ], [ 79.798355102553586, 29.175548553617602 ], [ 79.79049682621185, 29.176021575870966 ], [ 79.787139892698903, 29.176111221190222 ], [ 79.778808594103893, 29.177248001107444 ], [ 79.775825500664524, 29.17801666243777 ], [ 79.772048949787873, 29.179426193236601 ], [ 79.768821716497939, 29.18099784841505 ], [ 79.764801025770737, 29.183664322044145 ], [ 79.762130737217618, 29.185535430773882 ], [ 79.759963988961246, 29.187158584728948 ], [ 79.756996154768444, 29.189332961934078 ], [ 79.753799438622607, 29.191059112543279 ], [ 79.749053955493665, 29.192920684862248 ], [ 79.745468140027597, 29.194282531808483 ], [ 79.737136840533211, 29.196979522581582 ], [ 79.733467102134014, 29.197666168440794 ], [ 79.729682922308584, 29.198551177760031 ], [ 79.727485656458427, 29.198982238996432 ], [ 79.72245788603702, 29.199668884406027 ], [ 79.720466613495049, 29.199972152431741 ], [ 79.718154907118063, 29.199975967355758 ], [ 79.714324950902068, 29.199863433841248 ], [ 79.712127685951188, 29.19986724831568 ], [ 79.709884643710538, 29.199905395757508 ], [ 79.705841064338301, 29.199714660796619 ], [ 79.702041625716006, 29.19941329933355 ], [ 79.696891784919629, 29.197664260978776 ], [ 79.689399719253203, 29.195394516068358 ], [ 79.687126159418753, 29.194564819550543 ], [ 79.682258605914839, 29.194198608425658 ], [ 79.678794860823743, 29.193910598747152 ], [ 79.676536559786101, 29.195409774865247 ], [ 79.673637390179223, 29.197666168440787 ], [ 79.672164916730807, 29.19938278173985 ], [ 79.670448303431826, 29.20128440851305 ], [ 79.66790771510172, 29.205999374497885 ], [ 79.665138244818564, 29.211317062509522 ], [ 79.662117004387127, 29.215946197649608 ], [ 79.658912658393149, 29.219463348529665 ], [ 79.655448913302052, 29.221002578652314 ], [ 79.653221130757487, 29.222101211577382 ], [ 79.648506164322967, 29.22266769407404 ], [ 79.644905090059993, 29.223215103299356 ], [ 79.63813781769457, 29.223688125552727 ], [ 79.635932921996385, 29.22385787978029 ], [ 79.630775451351951, 29.224657058704306 ], [ 79.628776550310818, 29.224884033195419 ], [ 79.624450683196443, 29.226678848390456 ], [ 79.620445251266119, 29.228155135863535 ], [ 79.618515014810924, 29.229068756213838 ], [ 79.614173889349331, 29.231002807593061 ], [ 79.61211395267101, 29.232210159108622 ], [ 79.608299255251907, 29.235527038617008 ], [ 79.602996826486873, 29.240114212290543 ], [ 79.600433349511817, 29.244323730516641 ], [ 79.598114013286704, 29.247671127169202 ], [ 79.597816467197333, 29.250041961721351 ], [ 79.59661865209263, 29.257179260135675 ], [ 79.598159789677311, 29.26162719717534 ], [ 79.601516723640017, 29.264339446745346 ], [ 79.604965210383909, 29.26552391051516 ], [ 79.61211395267101, 29.266487121730488 ], [ 79.615875243851491, 29.26890754714756 ], [ 79.616859435800052, 29.272672653252044 ], [ 79.615028381074794, 29.275587082105414 ], [ 79.614776611376087, 29.278339386129659 ], [ 79.613204956197649, 29.282100677310137 ], [ 79.61211395267101, 29.284488678121182 ], [ 79.610214233809614, 29.287443160979102 ], [ 79.609535216899161, 29.289340972828196 ], [ 79.606948852178462, 29.292514801228371 ], [ 79.603096008216824, 29.297674179334894 ], [ 79.598632812380345, 29.300863266082285 ], [ 79.595443725632862, 29.303211212439098 ], [ 79.593460082938947, 29.304027557622021 ], [ 79.58964538551983, 29.306009292853933 ], [ 79.585601807046984, 29.307514190458772 ], [ 79.581596374217298, 29.308832168476517 ], [ 79.578773498594728, 29.309888839485346 ], [ 79.575309753503603, 29.310878753819939 ], [ 79.57312011750156, 29.31165885902303 ], [ 79.570434570151662, 29.312517166122209 ], [ 79.562103271556538, 29.314159393348596 ], [ 79.553413390785408, 29.313983917184594 ], [ 79.547653198114205, 29.314342498911039 ], [ 79.54526519775284, 29.314510345676592 ], [ 79.537094116075238, 29.316463470327143 ], [ 79.53201293941521, 29.317596435769929 ], [ 79.528762817480242, 29.319993972542161 ], [ 79.524757385549918, 29.318674087512079 ], [ 79.523559570445215, 29.314342498911039 ], [ 79.525527954342252, 29.309242248529983 ], [ 79.526969909297605, 29.304220199595317 ], [ 79.528137206808523, 29.297674179334898 ], [ 79.527854919516145, 29.290243148855936 ], [ 79.527153014860062, 29.287729263195587 ], [ 79.52577972404093, 29.283990859760777 ], [ 79.524360656831249, 29.281007766771168 ], [ 79.522636413684154, 29.278797149586136 ], [ 79.520431518885232, 29.276508331404486 ], [ 79.517951965742697, 29.275146484458244 ], [ 79.512092590442094, 29.272310257051181 ], [ 79.502204895015907, 29.272672653252044 ], [ 79.497467041285333, 29.274709701735009 ], [ 79.495429992352683, 29.275777816616706 ], [ 79.492385864625177, 29.277963638594006 ], [ 79.487091064808908, 29.28242683398086 ], [ 79.483619689869755, 29.285873413262664 ], [ 79.480575561242873, 29.289339065815771 ], [ 79.478752136365756, 29.291521072419449 ], [ 79.475997924879493, 29.294914245462515 ], [ 79.474029540982471, 29.297674179334898 ], [ 79.472335815429048, 29.299589156993203 ], [ 79.470420837770746, 29.301895141883445 ], [ 79.468460082822475, 29.304044723431325 ], [ 79.466712951929708, 29.306009292853926 ], [ 79.464141846005887, 29.308061599684198 ], [ 79.462089538276373, 29.309593200857986 ], [ 79.458984375361396, 29.311235427634681 ], [ 79.452743530139088, 29.314342498911039 ], [ 79.445411682289446, 29.31664276141516 ], [ 79.442489624037634, 29.317262649700833 ], [ 79.440338134578155, 29.317600250244361 ], [ 79.437080383694436, 29.31839561469404 ], [ 79.433593749958362, 29.319192886156046 ], [ 79.431358337565683, 29.320066452052107 ], [ 79.427368164432167, 29.321296691762921 ], [ 79.425079345800839, 29.322675704968056 ], [ 79.422348022060234, 29.324605941872949 ], [ 79.42041015665626, 29.326725005827047 ], [ 79.418281554942354, 29.32888031021054 ], [ 79.416130065932563, 29.331010818487172 ], [ 79.413932800532066, 29.332860946933263 ], [ 79.412078857161873, 29.333951950010306 ], [ 79.407386779372374, 29.334653854216619 ], [ 79.403747558566863, 29.334941863895217 ], [ 79.398925781453542, 29.334526061905308 ], [ 79.395408630123725, 29.334211349557034 ], [ 79.390205383088613, 29.334140777509095 ], [ 79.387069702130248, 29.334167480628455 ], [ 79.38217163058296, 29.335908889584775 ], [ 79.378738403085549, 29.337381363033195 ], [ 79.376754760391634, 29.339344024544197 ], [ 79.374008178753499, 29.342947006269171 ], [ 79.372627258086268, 29.345458984467502 ], [ 79.370956421177866, 29.348228454750654 ], [ 79.368179321046682, 29.35378646858819 ], [ 79.367233276539949, 29.356012344120344 ], [ 79.365295410236698, 29.359233855923531 ], [ 79.363433837917754, 29.362989425617165 ], [ 79.362495422359771, 29.364772796489738 ], [ 79.359939575232843, 29.370548248407506 ], [ 79.359153747643703, 29.372680664146163 ], [ 79.357086182016644, 29.38101387020318 ], [ 79.35685730006351, 29.386232376035181 ], [ 79.356834411418589, 29.389347076260201 ], [ 79.35643005375114, 29.392036438084649 ], [ 79.354461669854103, 29.396959304839598 ], [ 79.352989196405701, 29.398433685300343 ], [ 79.348579406807872, 29.400867462052293 ], [ 79.345397949009225, 29.402385711891384 ], [ 79.343070983835347, 29.403686523650141 ], [ 79.339492798217393, 29.406017303748047 ], [ 79.337066650414201, 29.40767860424566 ], [ 79.333610534271855, 29.41090011604884 ], [ 79.330406188727594, 29.41602706909957 ], [ 79.328392028439865, 29.422346114868969 ], [ 79.327316284159792, 29.424102783071863 ], [ 79.325416564848695, 29.427701949872734 ], [ 79.320091247438626, 29.431325912331022 ], [ 79.312065124781014, 29.431442260769561 ], [ 79.304603576708288, 29.431894302289596 ], [ 79.302383423112559, 29.432361602606534 ], [ 79.297935486072888, 29.433563232635343 ], [ 79.295387267894725, 29.43448638939633 ], [ 79.292358398064849, 29.436323165608357 ], [ 79.287055969299701, 29.440773010110021 ], [ 79.283767699922905, 29.444398880030246 ], [ 79.28028106708625, 29.449243545338895 ], [ 79.27872467070469, 29.451749801600794 ], [ 79.276802063198247, 29.454101562432019 ], [ 79.275367737191658, 29.456020355014367 ], [ 79.27275848382601, 29.458391189566516 ], [ 79.270393371210304, 29.460775375453455 ], [ 79.268363953025059, 29.462329864372993 ], [ 79.266166687175001, 29.464353561521158 ], [ 79.263732910423045, 29.466030120815564 ], [ 79.262054443666514, 29.467393875223912 ], [ 79.259002685191604, 29.469640731938995 ], [ 79.25580596949537, 29.472688675040192 ], [ 79.253715515223377, 29.474336624203023 ], [ 79.24993133539796, 29.47723388679746 ], [ 79.245986938655037, 29.481023788559302 ], [ 79.24362182603933, 29.482788086160568 ], [ 79.240821838162503, 29.484796524062169 ], [ 79.235473633006762, 29.489358902078344 ], [ 79.231674194384539, 29.492315292398274 ], [ 79.227210998547974, 29.49618339515682 ], [ 79.225578308182151, 29.49769210813545 ], [ 79.223548889097529, 29.502857208178312 ], [ 79.222427367977204, 29.506027221654477 ], [ 79.224212646311798, 29.510526657021089 ], [ 79.225708007505858, 29.514360427711502 ], [ 79.227027892985532, 29.516052246252489 ], [ 79.228713989590176, 29.517711639288098 ], [ 79.231025695967176, 29.520381927391618 ], [ 79.233421325277305, 29.522693634218196 ], [ 79.235015869100692, 29.524724960315133 ], [ 79.237052917133965, 29.526243209704454 ], [ 79.23970031704215, 29.528379440367132 ], [ 79.244560241597313, 29.531028747737327 ], [ 79.246566772486474, 29.532211303595538 ], [ 79.250282287725952, 29.534458160310624 ], [ 79.253715515223377, 29.53563690169441 ], [ 79.256355285283433, 29.53671836881027 ], [ 79.262054443666514, 29.538480758499922 ], [ 79.264030456512316, 29.539361953794348 ], [ 79.268043518290767, 29.541711807163576 ], [ 79.270393371210304, 29.542678832853227 ], [ 79.273559570212129, 29.54453086831165 ], [ 79.277160644475003, 29.546133041533473 ], [ 79.280639648363007, 29.547697067313479 ], [ 79.284622192547744, 29.550130844065428 ], [ 79.287055969299715, 29.551078796483765 ], [ 79.291557311678716, 29.552198410142164 ], [ 79.295387267894725, 29.553062438727999 ], [ 79.303726196337891, 29.553598404080546 ], [ 79.306289672863244, 29.553464889383118 ], [ 79.309509277654101, 29.553470611319554 ], [ 79.312065124781014, 29.55331802380049 ], [ 79.315116882356563, 29.552976608332862 ], [ 79.317260741967999, 29.552890777488116 ], [ 79.320396423376053, 29.5524749754982 ], [ 79.324562073123232, 29.551858902136537 ], [ 79.328735351819205, 29.551107406615547 ], [ 79.331687927664788, 29.550655365095505 ], [ 79.334838866970344, 29.549922943295311 ], [ 79.33885955769756, 29.549489975046502 ], [ 79.345397949009225, 29.549234389974025 ], [ 79.351463317617927, 29.549968719685896 ], [ 79.353729248053924, 29.550203323125686 ], [ 79.35831451381577, 29.551443099696968 ], [ 79.362075805895515, 29.552385330178964 ], [ 79.365127563471063, 29.552972793408834 ], [ 79.368110656910432, 29.553733825790399 ], [ 79.372009277262677, 29.554424285674322 ], [ 79.37686920181784, 29.556030273370489 ], [ 79.370407104490525, 29.558540344106817 ], [ 79.366699218649501, 29.560653686574156 ], [ 79.361763000109974, 29.564678192225472 ], [ 79.353729248053924, 29.566726684581202 ], [ 79.350921630778629, 29.56717681863924 ], [ 79.34843444823764, 29.567401886117931 ], [ 79.345397949009225, 29.567975998013029 ], [ 79.340568542497451, 29.567865371960533 ], [ 79.337066650414201, 29.567800521848937 ], [ 79.334190368552981, 29.567239761288725 ], [ 79.331245422555511, 29.566877365087944 ], [ 79.326889038297125, 29.566204071013239 ], [ 79.32203674314033, 29.566001892179475 ], [ 79.318984985115094, 29.565778732162876 ], [ 79.313621521162489, 29.565923690733175 ], [ 79.310379028176371, 29.566043853646043 ], [ 79.305870055949313, 29.56651306142507 ], [ 79.303726196337891, 29.566713333246412 ], [ 79.301170349210949, 29.566919326554512 ], [ 79.298210144416586, 29.56718254102536 ], [ 79.295387267894725, 29.567407608054367 ], [ 79.290382385218962, 29.567684173860094 ], [ 79.287055969299715, 29.567834854366748 ], [ 79.282287597525723, 29.567930221622348 ], [ 79.27872467070469, 29.567974090551019 ], [ 79.270393371210304, 29.568538665585564 ], [ 79.262054443666514, 29.569467544732674 ], [ 79.257362365876929, 29.569053649755091 ], [ 79.253715515223377, 29.568565368704917 ], [ 79.251083374112085, 29.566993713526482 ], [ 79.24756622278224, 29.564365386889612 ], [ 79.245384216628352, 29.562250137409858 ], [ 79.24275207551706, 29.558662414481777 ], [ 79.240516662225076, 29.556030273370489 ], [ 79.239151001254086, 29.553926467763613 ], [ 79.237052917133965, 29.552017212041726 ], [ 79.23471069316318, 29.550037383822151 ], [ 79.229560852366802, 29.546852111998788 ], [ 79.227401733059281, 29.546382904219833 ], [ 79.222808837898995, 29.545267105035855 ], [ 79.220382690095789, 29.544975280882916 ], [ 79.211021423161611, 29.546678542847101 ], [ 79.208732604979957, 29.547697067313472 ], [ 79.203712463057613, 29.549753189067655 ], [ 79.199546814209796, 29.551858902136537 ], [ 79.194053650034064, 29.554704666404071 ], [ 79.191680908469607, 29.556028365908471 ], [ 79.187042236019437, 29.558441162376788 ], [ 79.178710937424412, 29.561706543108556 ], [ 79.176628113000461, 29.562280655003644 ], [ 79.170372008981261, 29.563949584899703 ], [ 79.167976379671131, 29.564363479427506 ], [ 79.163032531733165, 29.565362930172956 ], [ 79.160247803102806, 29.56615257268621 ], [ 79.15676116936676, 29.567424774313281 ], [ 79.153701781943084, 29.568407058799732 ], [ 79.150695800758143, 29.569690704299664 ], [ 79.14537048334806, 29.571752548439893 ], [ 79.143463134638424, 29.572696685934304 ], [ 79.139930725411077, 29.575597763003184 ], [ 79.137031554904908, 29.577713012932538 ], [ 79.132789612072713, 29.581031799453324 ], [ 79.133605957255625, 29.584457397552303 ], [ 79.134727478375964, 29.587060928531809 ], [ 79.136466980319952, 29.589931488007 ], [ 79.138389587376821, 29.590723037982261 ], [ 79.142356872314977, 29.592380523555853 ], [ 79.14537048334806, 29.59345054634915 ], [ 79.150596619028107, 29.594593048202803 ], [ 79.155563354262057, 29.595840454172521 ], [ 79.162643432412949, 29.598304748518267 ], [ 79.167030334265121, 29.60103797927119 ], [ 79.170372008981261, 29.602718353489724 ], [ 79.172523498440754, 29.603889465475145 ], [ 79.17742919938658, 29.606033325086585 ], [ 79.179595947642966, 29.60691833485534 ], [ 79.184577941673709, 29.608499526894246 ], [ 79.187042236019437, 29.608982086457761 ], [ 79.195373535513838, 29.608915328884144 ], [ 79.200119018642795, 29.60961914055266 ], [ 79.203704834108862, 29.610240936300258 ], [ 79.206352234017046, 29.611724853621546 ], [ 79.212043762552014, 29.615072250274025 ], [ 79.216003418091745, 29.61875152598337 ], [ 79.220680237084451, 29.622701645112322 ], [ 79.223731994659985, 29.627691268991189 ], [ 79.225646972318373, 29.631036758631357 ], [ 79.226287841786984, 29.633464812997271 ], [ 79.228713989590176, 29.639614105438397 ], [ 79.230918884389013, 29.64550209042099 ], [ 79.232032775661295, 29.647705078207494 ], [ 79.233566284297197, 29.651189804031922 ], [ 79.237052917133965, 29.656394958529042 ], [ 79.239372253359093, 29.662050247084185 ], [ 79.240798950416846, 29.664371490321631 ], [ 79.24202728311532, 29.66772842383466 ], [ 79.245384216628352, 29.671277999770588 ], [ 79.247558593833489, 29.672706603840652 ], [ 79.25088500975275, 29.675535201849282 ], [ 79.253715515223377, 29.676118850604819 ], [ 79.258079528430528, 29.676677703702929 ], [ 79.262054443666528, 29.677165985202876 ], [ 79.266662597623608, 29.677314758247512 ], [ 79.270393371210304, 29.67733955390478 ], [ 79.272613525705395, 29.678819656301954 ], [ 79.274475098024368, 29.681041717359776 ], [ 79.276618957635804, 29.683147430428662 ], [ 79.27872467070469, 29.685464859191772 ], [ 79.283607483005497, 29.69282531717311 ], [ 79.288604736732509, 29.697708129923598 ], [ 79.289756774547257, 29.700407028158708 ], [ 79.290191650707754, 29.70291328442071 ], [ 79.29363250715393, 29.706043243442618 ], [ 79.289016723348709, 29.708005905403219 ], [ 79.282600402412001, 29.710498809880654 ], [ 79.277297973646867, 29.712949752891507 ], [ 79.275253295765452, 29.714376449499731 ], [ 79.272338867361682, 29.71632576012545 ], [ 79.270393371210304, 29.717985153161049 ], [ 79.267478942806534, 29.719799041627407 ], [ 79.26374053937181, 29.72440338155976 ], [ 79.260932922546104, 29.729928970341494 ], [ 79.260917663749296, 29.732179641980686 ], [ 79.259452820148923, 29.736785888475755 ], [ 79.259628295863322, 29.739379883044496 ], [ 79.256996154752031, 29.742662430035171 ], [ 79.255264282206483, 29.746166229130836 ], [ 79.254028320109541, 29.748022079513444 ], [ 79.252098083654346, 29.74933052067064 ], [ 79.248184204505193, 29.75051307697845 ], [ 79.247673034360318, 29.753759383989305 ], [ 79.246086120385073, 29.75675392130147 ], [ 79.245384216628352, 29.759532928445076 ], [ 79.24318695077821, 29.762184142827596 ], [ 79.244125366336078, 29.765642165982349 ], [ 79.245384216628352, 29.769779205148076 ], [ 79.245971679858229, 29.772714614734777 ], [ 79.247268676692968, 29.774602890173099 ], [ 79.24903869623067, 29.777399063125912 ], [ 79.253112793196593, 29.781648635806238 ], [ 79.255424499573593, 29.782754898129767 ], [ 79.258819580078764, 29.784282684379544 ], [ 79.262046813818401, 29.785322189579148 ], [ 79.271987915033677, 29.787788391386819 ], [ 79.274017334118199, 29.789382934310911 ], [ 79.275627135839116, 29.794620513863819 ], [ 79.276611327787663, 29.797718047829946 ], [ 79.276016235609035, 29.800428390387623 ], [ 79.277122497932552, 29.804449081564595 ], [ 79.275520324710726, 29.806051254336744 ], [ 79.272438049091704, 29.808097839230474 ], [ 79.270393371210304, 29.807418823219319 ], [ 79.268913268813122, 29.806051254336744 ], [ 79.265068053800235, 29.803033828829236 ], [ 79.262046813818401, 29.802139282199938 ], [ 79.257278442044509, 29.802488327065923 ], [ 79.253715515223377, 29.802770614358394 ], [ 79.251632690799426, 29.803966522001087 ], [ 79.249023437433777, 29.806051254336737 ], [ 79.245384216628352, 29.808355331315276 ], [ 79.242164611837481, 29.811168670527003 ], [ 79.239616394109021, 29.814386367855764 ], [ 79.237052917133965, 29.816276550306508 ], [ 79.232826233098649, 29.818498611364234 ], [ 79.228713989590176, 29.821437835425261 ], [ 79.226516723740005, 29.822719573912885 ], [ 79.222206115872197, 29.824541091777608 ], [ 79.220375061147024, 29.826217651521702 ], [ 79.217269897332685, 29.82794952406725 ], [ 79.215171814111926, 29.83105278041949 ], [ 79.213706970511637, 29.832719802853539 ], [ 79.210823058802291, 29.838171005112997 ], [ 79.209686278885059, 29.841741561782172 ], [ 79.208587646409669, 29.844266891315392 ], [ 79.207809448218882, 29.847723007457642 ], [ 79.207000732434324, 29.851011276384835 ], [ 79.205444336052864, 29.854318619032764 ], [ 79.203712463057613, 29.85740852360053 ], [ 79.202033996301111, 29.856056213514762 ], [ 79.199035644514609, 29.852397918988331 ], [ 79.195487976040667, 29.84761238095556 ], [ 79.197868347453294, 29.841878890954028 ], [ 79.198165893542566, 29.839387893938621 ], [ 79.199844360299068, 29.834920883178043 ], [ 79.200897216383879, 29.831052780419498 ], [ 79.20144653307122, 29.82879066445793 ], [ 79.202331543289759, 29.824100494130331 ], [ 79.202827453738365, 29.821836471605941 ], [ 79.203704834108862, 29.818744659576264 ], [ 79.20556640642782, 29.814384460393761 ], [ 79.207931518144164, 29.81027793882172 ], [ 79.210334778201712, 29.806051254336737 ], [ 79.212043762552014, 29.803535461663973 ], [ 79.214363097877765, 29.800039291517077 ], [ 79.215293884486883, 29.797718047829946 ], [ 79.21701049778585, 29.794343948507773 ], [ 79.217506408684272, 29.792261123634148 ], [ 79.219070434464186, 29.788070678679283 ], [ 79.22106170655654, 29.780364990306392 ], [ 79.223640441878814, 29.775974273530185 ], [ 79.225059509088496, 29.772716522196788 ], [ 79.226387023516921, 29.770385742098885 ], [ 79.229736328081202, 29.76438140867775 ], [ 79.233856201437803, 29.761190414468249 ], [ 79.236816406232066, 29.755815505743584 ], [ 79.238662719754245, 29.754430771051602 ], [ 79.243232727168774, 29.753892898686829 ], [ 79.242706299126382, 29.750389099141483 ], [ 79.244567871445341, 29.746900558393026 ], [ 79.245384216628352, 29.744628906470279 ], [ 79.248771667735099, 29.742771148625657 ], [ 79.249267578183691, 29.739379883044503 ], [ 79.251174926893256, 29.736839294714475 ], [ 79.251907348243762, 29.732856750529727 ], [ 79.252883911243558, 29.730209350621632 ], [ 79.254432678226664, 29.723430633484067 ], [ 79.253715515223377, 29.721456527650595 ], [ 79.253219604774756, 29.713880539051033 ], [ 79.251861571853169, 29.706043243442625 ], [ 79.250991821330814, 29.703321457012166 ], [ 79.250366210659109, 29.701059341500105 ], [ 79.249168396004066, 29.697710037385601 ], [ 79.248291015633583, 29.694797515994161 ], [ 79.244415283476684, 29.688405990714809 ], [ 79.242462158376469, 29.683959960687563 ], [ 79.237075805778886, 29.681064605555115 ], [ 79.232666015281794, 29.677089691218494 ], [ 79.227111816818038, 29.674314498998925 ], [ 79.224731445405439, 29.672706603840659 ], [ 79.222671508727117, 29.670417785659009 ], [ 79.220382690095789, 29.668703079372364 ], [ 79.218086242515696, 29.666667938351402 ], [ 79.215606689373047, 29.664371490321631 ], [ 79.214126586975866, 29.662284850973649 ], [ 79.212043762552014, 29.660345077657983 ], [ 79.208961486483318, 29.659118652421601 ], [ 79.205535888834035, 29.657867431527773 ], [ 79.202064513894896, 29.657680511490899 ], [ 79.197746277078323, 29.658409118367057 ], [ 79.195373535513838, 29.659523010538638 ], [ 79.19216156012142, 29.659248352194915 ], [ 79.187042236019437, 29.655231475942145 ], [ 79.184890747459249, 29.649854660204962 ], [ 79.18417358400626, 29.64770507820749 ], [ 79.181602478082539, 29.644811630087371 ], [ 79.178710937424412, 29.641590118284181 ], [ 79.176971435480425, 29.639369964688466 ], [ 79.173667907306836, 29.636077880837334 ], [ 79.168922424177779, 29.632493972833277 ], [ 79.166519165019622, 29.63103675863135 ], [ 79.16384887736578, 29.629222869715399 ], [ 79.1620330814375, 29.628240585228934 ], [ 79.157142639288551, 29.626148223944515 ], [ 79.153701781943099, 29.624788284460298 ], [ 79.15153503458599, 29.624866485457005 ], [ 79.147804260100045, 29.625137329326289 ], [ 79.145370483348074, 29.625221252259426 ], [ 79.140960693750216, 29.626630783058342 ], [ 79.137031554904922, 29.627811431904153 ], [ 79.134994506871536, 29.628993988212045 ], [ 79.13196563704166, 29.63103675863135 ], [ 79.130508422839824, 29.632843017699276 ], [ 79.128700256309898, 29.635234832534962 ], [ 79.126831055042175, 29.637496948496626 ], [ 79.125213623023456, 29.639369964688456 ], [ 79.12438964844209, 29.643682480018288 ], [ 79.123359680102922, 29.647703170745491 ], [ 79.123588562055971, 29.65092659001067 ], [ 79.123390197696722, 29.653009414434631 ], [ 79.123687743786007, 29.6560382842646 ], [ 79.122993468978038, 29.658666610451778 ], [ 79.122123718455668, 29.662607193169954 ], [ 79.121200561694593, 29.6652145386239 ], [ 79.120361327866746, 29.66773796069511 ], [ 79.117301940892659, 29.669649123878997 ], [ 79.116210937815723, 29.672706603840652 ], [ 79.114151001137387, 29.674831390630548 ], [ 79.112030029271722, 29.678764343500589 ], [ 79.109725951843487, 29.681039809897765 ], [ 79.103691100828556, 29.682672500713291 ], [ 79.101127624752792, 29.68360328687281 ], [ 79.098937988301159, 29.68461608895306 ], [ 79.095359802233531, 29.685569763307836 ], [ 79.090621948053339, 29.685777664077939 ], [ 79.087028503638422, 29.685962677102395 ], [ 79.083114624039681, 29.684957504420598 ], [ 79.078689575195355, 29.683788299447578 ], [ 79.076194763255813, 29.681041717359776 ], [ 79.074508666651255, 29.676879882536596 ], [ 79.073326111242736, 29.672704696378641 ], [ 79.072937011472817, 29.670122146582045 ], [ 79.072669982977231, 29.666692734008752 ], [ 79.072143554934812, 29.662584304525019 ], [ 79.071037292611379, 29.656038284264596 ], [ 79.070350646752189, 29.653646468979126 ], [ 79.068954468187428, 29.647703170745483 ], [ 79.068092346613923, 29.645446777169937 ], [ 79.067237853989084, 29.642486572375581 ], [ 79.065635681216946, 29.639371872150459 ], [ 79.064353943179086, 29.637033462654113 ], [ 79.062019348157179, 29.634237289251608 ], [ 79.060066223056936, 29.632986068807561 ], [ 79.055984497142248, 29.63103675863135 ], [ 79.052467345812403, 29.629819869805733 ], [ 79.047714233734609, 29.63103675863135 ], [ 79.045356750067739, 29.631450653159337 ], [ 79.040992736860488, 29.635009765505949 ], [ 79.036140442153467, 29.639369964688463 ], [ 79.031250000004519, 29.641933441213826 ], [ 79.028686523029563, 29.643241882371015 ], [ 79.020347595485674, 29.645164489877462 ], [ 79.017402648588842, 29.644760131760425 ], [ 79.015098572059969, 29.644618988114143 ], [ 79.012008667042508, 29.644115447817398 ], [ 79.008544921951398, 29.64283561724158 ], [ 79.005699157683964, 29.641393661386946 ], [ 79.002731323041488, 29.640316009644781 ], [ 78.999023437200435, 29.639369964688456 ], [ 78.996032714812358, 29.638677596892833 ], [ 78.993667602196652, 29.639371872150473 ], [ 78.989547729739414, 29.641906738094463 ], [ 78.987014770358059, 29.643568039041753 ], [ 78.984375000297987, 29.647703170745491 ], [ 78.983093261360878, 29.652116775267338 ], [ 78.981979370088581, 29.656036376802501 ], [ 78.981834411967967, 29.659198760880294 ], [ 78.981636047608617, 29.661417007463704 ], [ 78.981468200843082, 29.664373397783635 ], [ 78.98115539550723, 29.666851043464167 ], [ 78.9784240722162, 29.672956466527108 ], [ 78.972183227893183, 29.67455291736281 ], [ 78.969154358063278, 29.673889160148551 ], [ 78.965744018311526, 29.672704696378634 ], [ 78.962005614876787, 29.671379089412216 ], [ 78.957572936634008, 29.668806076026399 ], [ 78.951950073134554, 29.666093826006712 ], [ 78.947364806923105, 29.664371490321617 ], [ 78.945335387838597, 29.663703918183337 ], [ 78.935684203763799, 29.664373397783635 ], [ 78.928665160800293, 29.666521072319085 ], [ 78.924514770749354, 29.66855621334004 ], [ 78.9191284181518, 29.671504974261605 ], [ 78.917312622223434, 29.672704696378634 ], [ 78.914497375549672, 29.675209045628218 ], [ 78.911994933762102, 29.677984237398107 ], [ 78.910232544072542, 29.679279327670116 ], [ 78.908416748144148, 29.681039809897758 ], [ 78.906806945523883, 29.686227798585644 ], [ 78.905868529966, 29.68937301640446 ], [ 78.90634918251709, 29.692056655842777 ], [ 78.906745910336397, 29.694625854304572 ], [ 78.907325744617523, 29.697708129923583 ], [ 78.907325744617523, 29.702377319517844 ], [ 78.907417297398766, 29.706043243442608 ], [ 78.905738830642264, 29.708118438468123 ], [ 78.903663635167064, 29.710294723584944 ], [ 78.900794983153972, 29.71150398256253 ], [ 78.895233153942712, 29.714471816755243 ], [ 78.886833191211352, 29.714376449499717 ], [ 78.881553650191947, 29.70893859857507 ], [ 78.879508972310532, 29.705186843805446 ], [ 78.879806518399818, 29.69885826117568 ], [ 78.87785339329966, 29.696907043537461 ], [ 78.877082824507312, 29.69928169256394 ], [ 78.877044677964776, 29.706041335980593 ], [ 78.873001098592539, 29.708719253482489 ], [ 78.870323181090669, 29.709575653119643 ], [ 78.868568420349845, 29.712621688758833 ], [ 78.867134094343257, 29.714376449499724 ], [ 78.864433288196338, 29.716823578036148 ], [ 78.861991882495616, 29.718528747462351 ], [ 78.859878540028276, 29.720603942937451 ], [ 78.857513427862244, 29.722709656006337 ], [ 78.855369568250794, 29.724428176767411 ], [ 78.853652954052436, 29.725545882963715 ], [ 78.850517272644382, 29.727901458718968 ], [ 78.845314025609269, 29.732381820814425 ], [ 78.841094970522718, 29.73515510557192 ], [ 78.835723876722028, 29.738124847676314 ], [ 78.83255767861958, 29.739377975582478 ], [ 78.827789306845574, 29.740234374769951 ], [ 78.819328308027536, 29.740362167531039 ], [ 78.811454773338582, 29.739906311086884 ], [ 78.802925109484818, 29.740100860522208 ], [ 78.797653198313441, 29.741725921489689 ], [ 78.795303344494613, 29.742666244509579 ], [ 78.792289733911218, 29.744695663594175 ], [ 78.786972045899574, 29.747760772954191 ], [ 78.782104492395661, 29.75118064866712 ], [ 78.778640747304522, 29.753566742016069 ], [ 78.776344299724414, 29.756046295158612 ], [ 78.773620605831852, 29.759361267205069 ], [ 78.770324706607013, 29.764379501215718 ], [ 78.767646789554803, 29.770051956029768 ], [ 78.76634979227039, 29.772712707272746 ], [ 78.764762878295031, 29.775501251276797 ], [ 78.761970520266303, 29.779588699577612 ], [ 78.760307312306665, 29.781047820791763 ], [ 78.755889892860765, 29.783308029291426 ], [ 78.753631591823122, 29.784414291614947 ], [ 78.750213623122605, 29.785959243674029 ], [ 78.746681212995952, 29.788000107081015 ], [ 78.744514465638858, 29.789381027298568 ], [ 78.740463256418565, 29.792882919381803 ], [ 78.736557007117455, 29.797307968226129 ], [ 78.732818603682702, 29.801902770848429 ], [ 78.729881286633898, 29.806051254336712 ], [ 78.728630066189865, 29.808361053701297 ], [ 78.723640442310867, 29.81438446039374 ], [ 78.722282409389365, 29.816368103087658 ], [ 78.720298766695436, 29.818876266361983 ], [ 78.717208862577323, 29.819625854420988 ], [ 78.715095519660295, 29.819585800416423 ], [ 78.711967468100383, 29.820079803403114 ], [ 78.707748413013817, 29.81860351548027 ], [ 78.703620910708437, 29.817613601595369 ], [ 78.701171875159559, 29.816839217878922 ], [ 78.69713592563545, 29.816232681377819 ], [ 78.694023131973054, 29.81565094008436 ], [ 78.686096191045337, 29.815246581967333 ], [ 78.679794311534906, 29.815553664917068 ], [ 78.677124023431361, 29.815885543973828 ], [ 78.670288085580694, 29.816682815435925 ], [ 78.66750335695032, 29.817174911410117 ], [ 78.664962768170597, 29.817386627104341 ], [ 78.661956786985655, 29.818050384318518 ], [ 78.657287597841062, 29.819057464462407 ], [ 78.653617858542461, 29.820013046279193 ], [ 78.65144348133731, 29.820543289245617 ], [ 78.64748382579748, 29.822717666900438 ], [ 78.645286559947408, 29.824180603038712 ], [ 78.641540527563791, 29.827312469522735 ], [ 78.636947631504214, 29.832452773908237 ], [ 78.634963989259958, 29.833038330125799 ], [ 78.631805419656558, 29.834239959704927 ], [ 78.628616332909147, 29.834976196429146 ], [ 78.624267578498774, 29.835399627817488 ], [ 78.62028503431408, 29.835756302081929 ], [ 78.617439270046532, 29.836538314747038 ], [ 78.613479614506787, 29.837848663366326 ], [ 78.611076355348516, 29.838516235504621 ], [ 78.60911560040023, 29.839385986476572 ], [ 78.605873108313389, 29.84165000900088 ], [ 78.603607177427676, 29.843502044909062 ], [ 78.595275878832624, 29.842063903978453 ], [ 78.594497680641851, 29.840164184667344 ], [ 78.593894958165379, 29.83800888073344 ], [ 78.592559814788174, 29.833766937001887 ], [ 78.592002868252706, 29.831050872957448 ], [ 78.591117858933444, 29.826875686799486 ], [ 78.590293883902476, 29.822717666900431 ], [ 78.589286804208257, 29.820371628005631 ], [ 78.586120605206503, 29.814384460393729 ], [ 78.582427978162244, 29.810564041038184 ], [ 78.577362060298967, 29.807300567768436 ], [ 78.574089050618412, 29.806049346874687 ], [ 78.571266174096536, 29.805057525527687 ], [ 78.568840027192692, 29.804615020868106 ], [ 78.564147949403065, 29.803836822677326 ], [ 78.561935424756086, 29.803510666006581 ], [ 78.559288024847888, 29.803398132492077 ], [ 78.556259155017898, 29.803392410106053 ], [ 78.553604126160906, 29.803268432718667 ], [ 78.551063537830885, 29.803514480480999 ], [ 78.547187805224269, 29.804128646830254 ], [ 78.543960571034944, 29.804738998255385 ], [ 78.540275573838812, 29.80604934687468 ], [ 78.53693389912263, 29.80712509160443 ], [ 78.535018920565037, 29.807964324982596 ], [ 78.531822204868774, 29.809267044203455 ], [ 78.526245116860608, 29.812025070164118 ], [ 78.520271301033219, 29.815193176178191 ], [ 78.511924743641245, 29.817876816066185 ], [ 78.50678253179359, 29.817571640128776 ], [ 78.503593445046079, 29.817428589020569 ], [ 78.500610351606767, 29.817371368307427 ], [ 78.49758911162489, 29.816709518555164 ], [ 78.495262146001309, 29.816642760981658 ], [ 78.491165160840097, 29.818624496213577 ], [ 78.48754882778023, 29.823335647723997 ], [ 78.489151000552368, 29.828828811899701 ], [ 78.489250183181696, 29.831050872957434 ], [ 78.490379333250885, 29.835935592720247 ], [ 78.491027831668248, 29.83938407901454 ], [ 78.4922180178242, 29.842428207641319 ], [ 78.494613647134358, 29.848369598412955 ], [ 78.495185852466619, 29.856132507499087 ], [ 78.493721007967039, 29.864387512109722 ], [ 78.489166259349275, 29.866628646888461 ], [ 78.48693084695654, 29.867200851321442 ], [ 78.482093811046397, 29.867885589718629 ], [ 78.478591918963019, 29.868295669772095 ], [ 78.475746155145245, 29.867235183839256 ], [ 78.469467163380358, 29.864387512109715 ], [ 78.465980529644185, 29.860328674390367 ], [ 78.461921691475126, 29.85623168922902 ], [ 78.457992553529067, 29.851650237941605 ], [ 78.45358276393118, 29.847351073946665 ], [ 78.448905944938446, 29.844066619943685 ], [ 78.445251464436822, 29.841602325597933 ], [ 78.436920165841656, 29.841821670690507 ], [ 78.427001953271272, 29.847719192533564 ], [ 78.423950195695639, 29.851423263450577 ], [ 78.422569275028479, 29.853733062815234 ], [ 78.420959472408185, 29.856769562043564 ], [ 78.421127319173834, 29.865266799942201 ], [ 78.422302246083206, 29.870664596412535 ], [ 78.42257690397723, 29.872722625628825 ], [ 78.424209594343168, 29.877092361222008 ], [ 78.425727844182219, 29.881055831685849 ], [ 78.426551819213245, 29.883090973156477 ], [ 78.429313659648315, 29.888654708930346 ], [ 78.430297851596876, 29.891099929555182 ], [ 78.431503295650344, 29.894809722858216 ], [ 78.432586670228218, 29.897724151711682 ], [ 78.433219909848717, 29.902357101326103 ], [ 78.433776855484822, 29.906059265230702 ], [ 78.434280395781556, 29.908697128278433 ], [ 78.438232421473288, 29.914390563825798 ], [ 78.442054748740546, 29.917593002357677 ], [ 78.445251464436836, 29.919395446951164 ], [ 78.447135925400744, 29.920843124292549 ], [ 78.449050903059074, 29.92272758480685 ], [ 78.450065612601321, 29.927541732521721 ], [ 78.450729369815605, 29.931058883851552 ], [ 78.449470520422679, 29.935277938938089 ], [ 78.448455810880432, 29.939395904382991 ], [ 78.447212219385122, 29.941354751419567 ], [ 78.445251464436836, 29.944686889724938 ], [ 78.443534851137755, 29.94600868221702 ], [ 78.442077636486218, 29.9477291108897 ], [ 78.439140319437485, 29.949949264485426 ], [ 78.43692016584167, 29.952611923190492 ], [ 78.434158325406614, 29.953302383524118 ], [ 78.43119811971296, 29.95606231694671 ], [ 78.428581237398518, 29.95861816407362 ], [ 78.426612854400759, 29.95803070084375 ], [ 78.425765991624033, 29.95606231694671 ], [ 78.425827026361816, 29.953311920384571 ], [ 78.425109863358529, 29.9511928559808 ], [ 78.425155639749221, 29.947729110889693 ], [ 78.425079345764843, 29.942892074529894 ], [ 78.425140380952314, 29.939393997370576 ], [ 78.424400329753666, 29.935239791945932 ], [ 78.423522949383283, 29.931060790863963 ], [ 78.422859192169014, 29.928447723473585 ], [ 78.418792724601488, 29.922725677344832 ], [ 78.414710998237069, 29.91992568991758 ], [ 78.411911010360186, 29.918764114343105 ], [ 78.408927917820151, 29.917377471739425 ], [ 78.40245819064468, 29.914390563825798 ], [ 78.396728515567119, 29.912914275902946 ], [ 78.393676757991543, 29.912822723121685 ], [ 78.386322021496781, 29.914392471287808 ], [ 78.381980896035245, 29.917804718051798 ], [ 78.378570556283549, 29.920362472640814 ], [ 78.376564025843933, 29.922725677344818 ], [ 78.374267578263741, 29.926752090458145 ], [ 78.369743347239734, 29.931060790863949 ], [ 78.368125915670674, 29.933174133331189 ], [ 78.365341186590712, 29.935960769873233 ], [ 78.360893249550998, 29.938383102302719 ], [ 78.358818054075769, 29.939393997370562 ], [ 78.356369018527005, 29.942192077785474 ], [ 78.353569030650007, 29.942802429210605 ], [ 78.35066986104313, 29.94482612635878 ], [ 78.346931457608335, 29.946033477874259 ], [ 78.343765258606467, 29.947727203427668 ], [ 78.340217590582199, 29.952751159824341 ], [ 78.338310241872634, 29.957469940283612 ], [ 78.341590881401345, 29.959709167600245 ], [ 78.345237732054912, 29.960424423141525 ], [ 78.348075866474346, 29.958896636891762 ], [ 78.351654052991705, 29.95798492445314 ], [ 78.353569030650007, 29.957269668462263 ], [ 78.355514526351826, 29.956062316946689 ], [ 78.358291626033463, 29.952445983886946 ], [ 78.361907959093259, 29.950544357563416 ], [ 78.363471984873271, 29.949293136669681 ], [ 78.366073608390806, 29.947729110889679 ], [ 78.367225646655257, 29.944713592394599 ], [ 78.370239257688354, 29.943321227854579 ], [ 78.372879028647816, 29.942039489816736 ], [ 78.376380920281505, 29.941589355309013 ], [ 78.378570556283549, 29.940935134955225 ], [ 78.380554198977407, 29.941375732602477 ], [ 78.384346008650994, 29.941959380908344 ], [ 78.386909484726701, 29.942638397369087 ], [ 78.389404296666157, 29.945234298950243 ], [ 78.390922546505266, 29.947729110889686 ], [ 78.391838073418214, 29.95265769958106 ], [ 78.392448425293054, 29.956064224408728 ], [ 78.391326904172615, 29.960477828930571 ], [ 78.390357971021032, 29.964397430465826 ], [ 78.389122009373779, 29.966608047650773 ], [ 78.386909484726701, 29.969408035527621 ], [ 78.384918213083978, 29.972728729060837 ], [ 78.382301330769565, 29.976463318021228 ], [ 78.378013610647358, 29.981626510602084 ], [ 78.375335693145445, 29.986166000423019 ], [ 78.373260497670245, 29.989398956098995 ], [ 78.372993469174659, 29.992151260123233 ], [ 78.371749877679349, 29.997732162605693 ], [ 78.373863220596405, 30.002443313666507 ], [ 78.377105712683175, 30.007530212263092 ], [ 78.378570556283563, 30.009336471330915 ], [ 78.381179809649225, 30.011791229265889 ], [ 78.383850097303011, 30.014400482181831 ], [ 78.384757995267194, 30.016551971191706 ], [ 78.387672424570283, 30.022735595700961 ], [ 78.389411926514285, 30.025232315102404 ], [ 78.39069366455216, 30.027288436856683 ], [ 78.395248413169938, 30.031221389726731 ], [ 78.403739929581917, 30.031070709219982 ], [ 78.407379150387371, 30.026535034323167 ], [ 78.409881592174955, 30.022735595700961 ], [ 78.4119110103602, 30.020376205471287 ], [ 78.414001464632221, 30.016489028991824 ], [ 78.415802001763723, 30.014400482181831 ], [ 78.418113708140737, 30.012268066443273 ], [ 78.420242309854572, 30.011150360246965 ], [ 78.423370361414598, 30.009191513210308 ], [ 78.426620483349524, 30.008024215699386 ], [ 78.428581237398518, 30.007143020404872 ], [ 78.434989929386447, 30.004138946681941 ], [ 78.43692016584167, 30.003480911404118 ], [ 78.440475463714066, 30.001289367490404 ], [ 78.44593048134719, 29.997734069618112 ], [ 78.450164795230748, 29.994314193455587 ], [ 78.453582763931209, 29.992013931401068 ], [ 78.455497741589625, 29.991312027194681 ], [ 78.461891174331043, 29.989370345967309 ], [ 78.470252990969513, 29.98782920838266 ], [ 78.472709655467142, 29.986944198613809 ], [ 78.475303650035997, 29.986114502096015 ], [ 78.478584289564665, 29.984769820958903 ], [ 78.481109619097836, 29.983583450176752 ], [ 78.484664916970232, 29.981065750041985 ], [ 78.486930846956554, 29.97971725443054 ], [ 78.489768982275351, 29.978225708160593 ], [ 78.491607665949388, 29.977413177452004 ], [ 78.495262146001323, 29.974672317750223 ], [ 78.497909545909536, 29.972732543984872 ], [ 78.501129150700422, 29.970264434715116 ], [ 78.503593445046107, 29.966850280938718 ], [ 78.505821228040361, 29.964397430465851 ], [ 78.507904052913958, 29.960084915136026 ], [ 78.510238647036601, 29.954374313329833 ], [ 78.511924743641259, 29.95093917837043 ], [ 78.51452636715878, 29.950326919483192 ], [ 78.517822265484355, 29.950166702116078 ], [ 78.520263672084383, 29.94974327072773 ], [ 78.52464294408847, 29.952102661407011 ], [ 78.529685974206188, 29.954977035806227 ], [ 78.530143738112272, 29.957601547069373 ], [ 78.528045653992109, 29.964397430465858 ], [ 78.523788452362993, 29.967922210744433 ], [ 78.522506713875543, 29.970481872795371 ], [ 78.520263672084397, 29.974132537923349 ], [ 78.516899108723294, 29.977703094592513 ], [ 78.5150527952012, 29.981065750041985 ], [ 78.513580322652047, 29.98271560666673 ], [ 78.511924743641259, 29.984317779438875 ], [ 78.509048461780026, 29.986518859763454 ], [ 78.506858825777883, 29.989398956099013 ], [ 78.503593445046107, 29.991909026835341 ], [ 78.500511169427156, 29.994651794448718 ], [ 78.498641967709744, 29.997734069618126 ], [ 78.497161865312549, 29.999635696391248 ], [ 78.495262146001338, 30.003231048717765 ], [ 78.493797301951346, 30.006067276124828 ], [ 78.491241454824404, 30.010381698466979 ], [ 78.488922119498639, 30.014400482181852 ], [ 78.486930846956554, 30.017095565942633 ], [ 78.483802795396628, 30.019609451153389 ], [ 78.478591918963048, 30.023506164493291 ], [ 78.474418639817472, 30.026899337536378 ], [ 78.470252990969513, 30.029832840110732 ], [ 78.468414306396198, 30.031068801757986 ], [ 78.466033935882933, 30.035181045716147 ], [ 78.461921691475141, 30.037988662541743 ], [ 78.46073150621848, 30.04059028605926 ], [ 78.463607788079727, 30.041093826356004 ], [ 78.467529297077022, 30.042127609169587 ], [ 78.470252990969513, 30.04176712043072 ], [ 78.472503662159056, 30.041650771992195 ], [ 78.475860595672103, 30.04212951663159 ], [ 78.478584289564679, 30.042032241913972 ], [ 78.481254577218465, 30.04207229591853 ], [ 78.484054565095335, 30.042274475201896 ], [ 78.489852905208494, 30.042327880990928 ], [ 78.492279053011714, 30.042388915728729 ], [ 78.495262146001338, 30.042406081987636 ], [ 78.497634888015511, 30.041780471765605 ], [ 78.504386901584084, 30.040191650328353 ], [ 78.508506774940727, 30.039403915277113 ], [ 78.5125045779223, 30.038829803382022 ], [ 78.521484374934843, 30.039403915277113 ], [ 78.528602600078003, 30.041730880900595 ], [ 78.532478332234945, 30.043863296639167 ], [ 78.536933899122658, 30.046430587638952 ], [ 78.539520263843386, 30.047737121783733 ], [ 78.542907714950147, 30.050098419475425 ], [ 78.545265197717839, 30.051546096816804 ], [ 78.550422668362287, 30.052894592428249 ], [ 78.553604126160934, 30.053689956428251 ], [ 78.556419372834796, 30.053253173705098 ], [ 78.558662414176183, 30.052797317260964 ], [ 78.561935424756101, 30.052345275740915 ], [ 78.565101623757883, 30.050901412873866 ], [ 78.570587158085473, 30.04805755606845 ], [ 78.574989318734495, 30.044120788723976 ], [ 78.579299926602332, 30.039402008264705 ], [ 78.583160400412154, 30.035623550375735 ], [ 78.587638855045526, 30.031764984027976 ], [ 78.590888976980423, 30.031068801758003 ], [ 78.596328735367038, 30.030019760147628 ], [ 78.603607177427705, 30.028907775887671 ], [ 78.607238769284379, 30.026367187557639 ], [ 78.61110687294223, 30.021898269784739 ], [ 78.611946105870899, 30.019805908050653 ], [ 78.613510132100515, 30.014402389643873 ], [ 78.614059447888565, 30.012289047176548 ], [ 78.614936828258976, 30.009059905975001 ], [ 78.615676879457624, 30.006067276124845 ], [ 78.618759155526234, 29.997734069618136 ], [ 78.620277404465952, 29.992290496757136 ], [ 78.621093749648892, 29.99020576487117 ], [ 78.621810913101868, 29.987876892235271 ], [ 78.6229171754254, 29.983697891153298 ], [ 78.623710631963291, 29.981063842579903 ], [ 78.625343322329229, 29.977794647373806 ], [ 78.62921142598708, 29.972730636522879 ], [ 78.635612488126938, 29.97139739970833 ], [ 78.645286559947408, 29.971092224220612 ], [ 78.647575378578765, 29.970439910879232 ], [ 78.650619507205548, 29.96973037727437 ], [ 78.653617858542475, 29.968746185325823 ], [ 78.656303405892487, 29.967082977366193 ], [ 78.658882140765087, 29.964397430465866 ], [ 78.660552978572838, 29.962995529065385 ], [ 78.664794921854664, 29.958908081214268 ], [ 78.66700744605204, 29.956062316946742 ], [ 78.668601989875413, 29.954372405867758 ], [ 78.670288085580708, 29.952789306366853 ], [ 78.673210143832534, 29.950647354217512 ], [ 78.676704406517445, 29.947729110889725 ], [ 78.678627014023903, 29.946491241330776 ], [ 78.682838440161703, 29.943609237533128 ], [ 78.687362671185682, 29.939802169962157 ], [ 78.691055298229927, 29.935157776025164 ], [ 78.693664550696212, 29.931062698325999 ], [ 78.695648193390142, 29.922369003080423 ], [ 78.695289612113385, 29.916795730446019 ], [ 78.695167541738428, 29.914516449124822 ], [ 78.694610596102223, 29.906057357768738 ], [ 78.695289612113385, 29.903303146282468 ], [ 78.697151184432343, 29.899585724030668 ], [ 78.698631286829539, 29.897724151711714 ], [ 78.701087951327139, 29.895189285318033 ], [ 78.703628539657203, 29.892391204903195 ], [ 78.708007812560652, 29.893774032582762 ], [ 78.711967468100383, 29.894701003818177 ], [ 78.714187621696098, 29.895502090204207 ], [ 78.718399047833913, 29.895826339862534 ], [ 78.721992492698547, 29.89603424063273 ], [ 78.726081848011688, 29.895177841445157 ], [ 78.728630066189865, 29.89486885058373 ], [ 78.733444213455073, 29.892911911009172 ], [ 78.738342285452063, 29.890768050948054 ], [ 78.740165710329194, 29.889390945204923 ], [ 78.745300293228084, 29.887046813772219 ], [ 78.749900818236426, 29.885660171618241 ], [ 78.753631591823122, 29.883949279806007 ], [ 78.756706238043705, 29.884122848508003 ], [ 78.759162902541306, 29.883869170897619 ], [ 78.761970520266303, 29.88409423837631 ], [ 78.765495300544913, 29.88586997985044 ], [ 78.76848602293299, 29.887569427340203 ], [ 78.770309448259809, 29.888568878085646 ], [ 78.771461486524245, 29.890544891381136 ], [ 78.770019531568863, 29.897724151711721 ], [ 78.765266418591793, 29.901016235562842 ], [ 78.760704040125987, 29.90479087807811 ], [ 78.756393432258164, 29.908821106115447 ], [ 78.752319336191505, 29.913080215206545 ], [ 78.751914977624779, 29.916114806972949 ], [ 78.753784179791879, 29.922727584806889 ], [ 78.757446289242267, 29.927251815830918 ], [ 78.760047912759859, 29.931062698326006 ], [ 78.761970520266317, 29.93343544034007 ], [ 78.764297485440196, 29.937068939209137 ], [ 78.765602112122991, 29.939395904383023 ], [ 78.767021179332687, 29.942680358835702 ], [ 78.768821716464174, 29.946247101030544 ], [ 78.770309448259823, 29.948907852273528 ], [ 78.772979736363254, 29.953388214368896 ], [ 78.774902343869698, 29.95606422440877 ], [ 78.776283264536858, 29.958423614638438 ], [ 78.778640747304536, 29.961318969770982 ], [ 78.780929565036502, 29.964397430465876 ], [ 78.784126281632041, 29.969882965243045 ], [ 78.785987853951028, 29.9727306365229 ], [ 78.786972045899574, 29.975048065286003 ], [ 78.788673400851451, 29.979362488077836 ], [ 78.789733886334602, 29.981065750042017 ], [ 78.79102325422059, 29.985345840316032 ], [ 78.793853759691245, 29.989398956099041 ], [ 78.790657043095706, 29.993083953744815 ], [ 78.786972045899574, 29.994228363060486 ], [ 78.783920288323941, 29.992450714124335 ], [ 78.781013488869021, 29.991769790651176 ], [ 78.778640747304536, 29.990888595806354 ], [ 78.77719116250104, 29.989400863561052 ], [ 78.773719787561888, 29.985988616796966 ], [ 78.770309448259823, 29.984477996806088 ], [ 78.768409728948697, 29.982967376815143 ], [ 78.764564513935795, 29.981065750042017 ], [ 78.761970520266317, 29.979522704995265 ], [ 78.758163451795951, 29.976539611555964 ], [ 78.755706787298266, 29.974803924536079 ], [ 78.752967834608867, 29.972730636522893 ], [ 78.751365661836729, 29.970464706536497 ], [ 78.74981689440402, 29.968214034897393 ], [ 78.74678802457403, 29.964399337927883 ], [ 78.745300293228098, 29.962762832637932 ], [ 78.741485595808868, 29.95987510690393 ], [ 78.739616393641867, 29.958713531778955 ], [ 78.736114502008192, 29.956911087185471 ], [ 78.728286742810624, 29.956064224408763 ], [ 78.722763061940469, 29.958524703830484 ], [ 78.720298766695436, 29.960174560455211 ], [ 78.71811676054152, 29.962215423412609 ], [ 78.716125487999449, 29.964397430465869 ], [ 78.714248656883598, 29.966678619249073 ], [ 78.711967468100383, 29.969827651991988 ], [ 78.709571838790239, 29.972730636522886 ], [ 78.706855773846527, 29.975959777724523 ], [ 78.702163696056914, 29.979604720916054 ], [ 78.695137024144643, 29.980913162073264 ], [ 78.686798095701448, 29.981227874871216 ], [ 78.678627014023903, 29.98314857491556 ], [ 78.670288085580708, 29.985664367588324 ], [ 78.667587280333166, 29.986694335927474 ], [ 78.661956786985655, 29.990024566770739 ], [ 78.657608032575268, 29.993391037144224 ], [ 78.656105041533166, 29.99524498006474 ], [ 78.653617858542475, 29.998701095307712 ], [ 78.651489257727917, 30.003940582322628 ], [ 78.650901794498026, 30.006067276124845 ], [ 78.65118408179049, 30.01440048218187 ], [ 78.651428222540432, 30.01659011863358 ], [ 78.652626037645135, 30.021743774353993 ], [ 78.652206421180892, 30.024143219037807 ], [ 78.650917053294933, 30.028371810984815 ], [ 78.649513244882101, 30.031068801758018 ], [ 78.647087097078895, 30.032876968287948 ], [ 78.645286559947408, 30.034179687508708 ], [ 78.642547607258024, 30.036668777511789 ], [ 78.639961242537325, 30.039403915277141 ], [ 78.638404846155765, 30.040855407992222 ], [ 78.636947631504228, 30.042472839561253 ], [ 78.634368896631642, 30.045156478999569 ], [ 78.632553100703234, 30.047737121783747 ], [ 78.63137817424348, 30.050502777142878 ], [ 78.62924194358088, 30.056072235302864 ], [ 78.628616332909161, 30.058151245252397 ], [ 78.62641906705899, 30.064405441359888 ], [ 78.624000549103911, 30.068120956149777 ], [ 78.620285034314094, 30.072946548187105 ], [ 78.615982055395023, 30.07677841186511 ], [ 78.611297607453537, 30.081073760936022 ], [ 78.608291626268567, 30.085752487390732 ], [ 78.606079101621503, 30.089408874455145 ], [ 78.606132506960947, 30.091932296526267 ], [ 78.605766296735339, 30.095581054641826 ], [ 78.605827331922825, 30.097742080512173 ], [ 78.608406066795411, 30.101280212125634 ], [ 78.612869262631904, 30.105150222795871 ], [ 78.615066528482075, 30.10607719403129 ], [ 78.618179321245108, 30.108173370239726 ], [ 78.620277404465966, 30.110069274626809 ], [ 78.622886657831629, 30.111804962096372 ], [ 78.625762939692862, 30.114410400537999 ], [ 78.622764587456658, 30.11689186069286 ], [ 78.620285034314108, 30.120826721025008 ], [ 78.619377136349911, 30.123640060236735 ], [ 78.617935180495181, 30.128734588681358 ], [ 78.617630004557768, 30.131078720114147 ], [ 78.618270874026379, 30.133081436079291 ], [ 78.620552062809693, 30.139413833633167 ], [ 78.623985290307033, 30.144048690709599 ], [ 78.627182006902572, 30.149183273158876 ], [ 78.628616332909175, 30.152667998983219 ], [ 78.629539489670165, 30.155160903910325 ], [ 78.63005828876382, 30.157520294139928 ], [ 78.630737304774968, 30.162294387850242 ], [ 78.63112640364551, 30.16441535971601 ], [ 78.632499694464528, 30.168863296755678 ], [ 78.634147643627372, 30.172750473235141 ], [ 78.635208129560226, 30.174491882191468 ], [ 78.636947631504242, 30.17591667178727 ], [ 78.639694214041754, 30.178340911678692 ], [ 78.645286559947422, 30.181922912670412 ], [ 78.649597167815259, 30.185104370019367 ], [ 78.654869079885927, 30.189416885349175 ], [ 78.658355712722681, 30.193012237675791 ], [ 78.662803649762395, 30.196899414155254 ], [ 78.667350769431295, 30.200693130391421 ], [ 78.672836303758899, 30.203544616595298 ], [ 78.677795410044098, 30.205255508407525 ], [ 78.679893493264885, 30.206085204925319 ], [ 78.684814453007533, 30.208229064986448 ], [ 78.686958312618984, 30.208936691129285 ], [ 78.691215515147377, 30.210159301891249 ], [ 78.695289612113399, 30.211360931470374 ], [ 78.698081970142127, 30.211627960415633 ], [ 78.701576232827037, 30.212371826088614 ], [ 78.703620910708466, 30.212617874300644 ], [ 78.706008911069844, 30.212034225545096 ], [ 78.709312439243433, 30.211774825998276 ], [ 78.711959839151632, 30.210769653316476 ], [ 78.714515686278574, 30.20864677443836 ], [ 78.716377258597547, 30.206085204925326 ], [ 78.718185424677799, 30.203973770369675 ], [ 78.72029876669545, 30.200468063362415 ], [ 78.722320556831221, 30.197751998868309 ], [ 78.725593566511833, 30.194711685165554 ], [ 78.730590820238788, 30.191375732385854 ], [ 78.736968993733683, 30.190668105793332 ], [ 78.73896026627574, 30.191411971915979 ], [ 78.74201965369943, 30.192699432339861 ], [ 78.745300293228112, 30.193748474399925 ], [ 78.748573302908653, 30.194478988738105 ], [ 78.750778198606852, 30.194894790727997 ], [ 78.753631591823151, 30.195497512754692 ], [ 78.756454467445664, 30.194927215783711 ], [ 78.758781433518834, 30.194562912120837 ], [ 78.761962890418204, 30.19384384165561 ], [ 78.76498413084974, 30.192438125331023 ], [ 78.771034241111153, 30.188692092947537 ], [ 78.775779724240124, 30.18655776974688 ], [ 78.778640747304536, 30.184770583950272 ], [ 78.781654357887959, 30.184101104799669 ], [ 78.785507202299314, 30.182552337816478 ], [ 78.788436889499891, 30.182546615430443 ], [ 78.792938232778283, 30.183452605932615 ], [ 78.795303344494641, 30.184371948219276 ], [ 78.797958374250982, 30.186765670516973 ], [ 78.800361633409153, 30.189418792811203 ], [ 78.800621032955974, 30.192434310856687 ], [ 78.800605774159081, 30.194715500089583 ], [ 78.800827026264074, 30.19775390633032 ], [ 78.801490783478343, 30.199897765941756 ], [ 78.803642272937822, 30.206380844002375 ], [ 78.80750274674763, 30.210556030160337 ], [ 78.809539794780903, 30.211977005281646 ], [ 78.813255310470083, 30.21442031844445 ], [ 78.82031249997604, 30.216611861908486 ], [ 78.825134277089361, 30.217937469324589 ], [ 78.828651428419207, 30.218805312834533 ], [ 78.831649780655411, 30.219749450778544 ], [ 78.8351898197309, 30.220958709756118 ], [ 78.837944030767474, 30.221794128659948 ], [ 78.84087371841774, 30.222753524501478 ], [ 78.845314025609284, 30.224689483792496 ], [ 78.848052978298753, 30.225490570178515 ], [ 78.850357055726903, 30.226049423276713 ], [ 78.853645325103699, 30.22716712947301 ], [ 78.861991882495644, 30.227481842270887 ], [ 78.864814758118143, 30.228261947473992 ], [ 78.868148803885532, 30.228912353353365 ], [ 78.87159729017975, 30.229810714906776 ], [ 78.879432678326182, 30.231088638020601 ], [ 78.886985779180108, 30.232984542857277 ], [ 78.889846801345172, 30.233945846610581 ], [ 78.891754150054737, 30.234653472753333 ], [ 78.895324706723926, 30.235738754343533 ], [ 78.897956847835218, 30.236787795954005 ], [ 78.902275085551167, 30.23804092430975 ], [ 78.904380798620053, 30.238706588986023 ], [ 78.9078292849143, 30.239421844527307 ], [ 78.913063049543197, 30.2404899598586 ], [ 78.920333862205283, 30.240888595589603 ], [ 78.922874450535403, 30.241966247331753 ], [ 78.925262450896781, 30.242822646968921 ], [ 78.928665160800307, 30.244626999024412 ], [ 78.931335449353526, 30.247756958046335 ], [ 78.934288025199052, 30.250467300154323 ], [ 78.936996460294722, 30.252471924031177 ], [ 78.938751221035631, 30.254337310824567 ], [ 78.940750122076764, 30.256092071565462 ], [ 78.942657470336641, 30.258762359668882 ], [ 78.945327758889746, 30.261196136420843 ], [ 78.946769714744477, 30.262985229679536 ], [ 78.948463440297814, 30.264425277622472 ], [ 78.950653076299815, 30.267438888655548 ], [ 78.953666687332912, 30.269468307290381 ], [ 78.955528259651885, 30.270904540758988 ], [ 78.961029052776283, 30.273738861153632 ], [ 78.963623046895435, 30.274381637634651 ], [ 78.966995239654963, 30.27610015884532 ], [ 78.97487640419196, 30.277299880962453 ], [ 78.978668212966141, 30.277841568251326 ], [ 78.98104858437874, 30.278715133697709 ], [ 78.987007141409308, 30.281223296972023 ], [ 78.991134643714688, 30.285291671551917 ], [ 78.996566772702849, 30.289428711167339 ], [ 79.000015258997053, 30.293090820168086 ], [ 79.005363464152794, 30.296079635543819 ], [ 79.01248168974557, 30.297288894521397 ], [ 79.022048949987862, 30.297761917224356 ], [ 79.028907776033833, 30.297992706189895 ], [ 79.038291931163343, 30.297761917224356 ], [ 79.045356750067754, 30.297338485836097 ], [ 79.053688049562069, 30.297071456890823 ], [ 79.062393188230828, 30.297389984163111 ], [ 79.070861815997716, 30.297254562453276 ], [ 79.077590942719866, 30.296667098773703 ], [ 79.0802764891706, 30.296169280863076 ], [ 79.084793090796126, 30.295534133780514 ], [ 79.087020873790394, 30.295045852730333 ], [ 79.089630127156028, 30.295162201168857 ], [ 79.092796325708179, 30.295198440699092 ], [ 79.095359802233546, 30.295305251827468 ], [ 79.097640991016746, 30.295480727991468 ], [ 79.101524353021787, 30.295589447031649 ], [ 79.10369110082857, 30.295742035000298 ], [ 79.105728149761219, 30.295722961279395 ], [ 79.112030029271736, 30.295770645132073 ], [ 79.114364624293657, 30.29542541519011 ], [ 79.117958068708489, 30.295356750604181 ], [ 79.12036132786676, 30.294874191490347 ], [ 79.124923706332538, 30.293991088733833 ], [ 79.128692627361147, 30.292423248479498 ], [ 79.130653381410056, 30.291389465216326 ], [ 79.132408142150936, 30.289428711167339 ], [ 79.137023925956157, 30.28782272347118 ], [ 79.141784667882007, 30.285844802713687 ], [ 79.147087097546418, 30.282815933333392 ], [ 79.149261474751569, 30.281093597648312 ], [ 79.153701781943099, 30.27901267978708 ], [ 79.15823364281519, 30.277292251563992 ], [ 79.1620330814375, 30.275423049846594 ], [ 79.164207458642622, 30.274929046410296 ], [ 79.170730591157408, 30.272396087928318 ], [ 79.176147461348648, 30.272760391141603 ], [ 79.178703308475662, 30.273481369068918 ], [ 79.181365967180639, 30.278430938943234 ], [ 79.181869506578025, 30.281093597648312 ], [ 79.181007385004534, 30.283401489101188 ], [ 79.179893493732237, 30.288234710537068 ], [ 79.178703308475662, 30.290311813474176 ], [ 79.174324035572255, 30.293380737308699 ], [ 79.170364380032524, 30.296325683755857 ], [ 79.167961120874267, 30.297761917224364 ], [ 79.163909912103577, 30.299638748340211 ], [ 79.1620330814375, 30.300739288277615 ], [ 79.158226012967063, 30.302289962722831 ], [ 79.156341552902447, 30.303453445309721 ], [ 79.152610778416474, 30.305007934678859 ], [ 79.147994995510516, 30.30609703074348 ], [ 79.145019531019983, 30.306446075609465 ], [ 79.142990111935475, 30.306095123281462 ], [ 79.137023925956157, 30.304264068556201 ], [ 79.134803772360343, 30.303867339837613 ], [ 79.131408691405468, 30.303382873261789 ], [ 79.128692627361147, 30.302862167605408 ], [ 79.125877380687328, 30.30328178406975 ], [ 79.121467590190278, 30.304990768419959 ], [ 79.11894226065705, 30.306095123281462 ], [ 79.110939025745097, 30.30718040442197 ], [ 79.105308532397601, 30.307706832914064 ], [ 79.10173034677959, 30.308055877780056 ], [ 79.097480774099239, 30.308216095147259 ], [ 79.092803955106532, 30.308647155484358 ], [ 79.089714050089171, 30.308788299580243 ], [ 79.087020873790394, 30.309070586872711 ], [ 79.082107543895788, 30.309518814368012 ], [ 79.078681945796916, 30.310037613011964 ], [ 79.07511138957733, 30.310853958194976 ], [ 79.073127746883401, 30.311653137118991 ], [ 79.06901550292524, 30.313093185511615 ], [ 79.067306518575023, 30.314430236800497 ], [ 79.062019348157193, 30.316299438517909 ], [ 79.057342529164373, 30.318090438788932 ], [ 79.053688049562084, 30.31993484484898 ], [ 79.051567077696276, 30.320646285915849 ], [ 79.047363281406632, 30.32276344285761 ], [ 79.044464111350052, 30.323640823228008 ], [ 79.038604736499224, 30.324356079218891 ], [ 79.035301208325521, 30.324476242131841 ], [ 79.029541015654331, 30.323627471893129 ], [ 79.026924133339904, 30.32276344285761 ], [ 79.022994995393873, 30.320116042949419 ], [ 79.020347595485688, 30.318580627301198 ], [ 79.01782226595256, 30.316953658871707 ], [ 79.013053894178583, 30.31443023680049 ], [ 79.010765075547226, 30.313188552767219 ], [ 79.006797790159368, 30.311313629113378 ], [ 79.003677368447498, 30.310371399081163 ], [ 78.995338440004332, 30.311229705730636 ], [ 78.993064880169896, 30.312160491890072 ], [ 78.987007141409308, 30.31532859790422 ], [ 78.982818603916456, 30.31857872028878 ], [ 78.979278564841053, 30.323371887270408 ], [ 78.978668212966141, 30.3261146544342 ], [ 78.977035522600303, 30.329463958548704 ], [ 78.976806640647183, 30.332965851081717 ], [ 78.976448059370426, 30.337213516299951 ], [ 78.976860045986626, 30.341243743887688 ], [ 78.978668212966141, 30.347351074412561 ], [ 78.980575561675806, 30.356100082459491 ], [ 78.981361389264933, 30.358791351296251 ], [ 78.981323241823105, 30.361783981595995 ], [ 78.983291625720227, 30.364433288516604 ], [ 78.980903625358863, 30.366664886434776 ], [ 78.971092224366558, 30.365190505974045 ], [ 78.96850585964593, 30.364433288516597 ], [ 78.964363098543672, 30.36207580574893 ], [ 78.962005614876801, 30.361169814797144 ], [ 78.958992004742996, 30.359107971106521 ], [ 78.956260681002391, 30.35609817499747 ], [ 78.957252502798994, 30.351345062470084 ], [ 78.95758819543083, 30.347764968940446 ], [ 78.958801269332426, 30.344560622946485 ], [ 78.959213256848003, 30.342220306437731 ], [ 78.960525512479535, 30.337955474960577 ], [ 78.962463378782886, 30.330636977996136 ], [ 78.964561462003729, 30.325321197446538 ], [ 78.965026855757912, 30.32276344285761 ], [ 78.966148376878351, 30.318571090440742 ], [ 78.966850280635086, 30.314428329338487 ], [ 78.966934204467478, 30.309501648109112 ], [ 78.967071533189653, 30.30609703074348 ], [ 78.966209411616148, 30.301893234453743 ], [ 78.965316772448844, 30.297760009762332 ], [ 78.96437835734055, 30.295387268197871 ], [ 78.962005614876801, 30.292135238800988 ], [ 78.959846496468458, 30.289428711167332 ], [ 78.957229614154059, 30.28586959837094 ], [ 78.953666687332912, 30.2837886809594 ], [ 78.951820373810847, 30.282934188784257 ], [ 78.945327758889746, 30.281467437721961 ], [ 78.941787719814357, 30.281091690186198 ], [ 78.936309814435518, 30.280410766713128 ], [ 78.927177429454375, 30.279607772865003 ], [ 78.922576904446032, 30.278846740483445 ], [ 78.920326233256532, 30.278566360653066 ], [ 78.915962219150003, 30.277128219722453 ], [ 78.911994933762116, 30.275981902944778 ], [ 78.909477234077016, 30.27527618381427 ], [ 78.905250549142423, 30.274349212578848 ], [ 78.902610779082266, 30.273801803803213 ], [ 78.895324706723926, 30.272909164635923 ], [ 78.891845702836008, 30.272760391141595 ], [ 78.886985779180122, 30.272434234470861 ], [ 78.878654479685721, 30.270822525287944 ], [ 78.874351501666013, 30.26873016355384 ], [ 78.868957519220416, 30.265792846505146 ], [ 78.867187499682601, 30.264425277622468 ], [ 78.864440918044494, 30.261974334611619 ], [ 78.861991882495644, 30.260482787891966 ], [ 78.859329223790638, 30.258750915796103 ], [ 78.853149413755702, 30.255590438730717 ], [ 78.848098754689332, 30.253303528011067 ], [ 78.845314025609284, 30.252567291286869 ], [ 78.84107971172584, 30.251989364467754 ], [ 78.836982727014259, 30.251516342214391 ], [ 78.828651428419207, 30.252468109107149 ], [ 78.825599670393984, 30.253042221002236 ], [ 78.822547912368663, 30.253858566185166 ], [ 78.818840026527624, 30.254615783642606 ], [ 78.814224243172077, 30.256090164103441 ], [ 78.811332702963611, 30.256731033122353 ], [ 78.803642272937822, 30.25626182534333 ], [ 78.79778289763729, 30.253616332897238 ], [ 78.795303344494641, 30.252805710100358 ], [ 78.790779113470677, 30.251562118605065 ], [ 78.786972045899589, 30.25063133244554 ], [ 78.784049987647791, 30.250682830772558 ], [ 78.781547546759484, 30.250665664513654 ], [ 78.77864074730455, 30.250717163290364 ], [ 78.773872375530573, 30.252525329370606 ], [ 78.768943786839159, 30.254726410144791 ], [ 78.764007568299618, 30.258119583187948 ], [ 78.761962890418204, 30.2598972321241 ], [ 78.758895874045763, 30.261350631851595 ], [ 78.752914428370161, 30.264425277622454 ], [ 78.745300293228112, 30.26696205147816 ], [ 78.741996765054395, 30.269456863417584 ], [ 78.738861083646441, 30.272758484129177 ], [ 78.736968993733683, 30.274572372595529 ], [ 78.73400878893932, 30.278137206878586 ], [ 78.732055663839176, 30.281091690186194 ], [ 78.730400085727595, 30.28285980226196 ], [ 78.728630066189893, 30.284944534147932 ], [ 78.726043701469152, 30.286834716598573 ], [ 78.723266601337954, 30.289426803705311 ], [ 78.720291137746699, 30.292217254721699 ], [ 78.715606689805213, 30.293073654358867 ], [ 78.711959839151632, 30.293880462681411 ], [ 78.706848144897705, 30.292654037444926 ], [ 78.702041625681957, 30.291006088282199 ], [ 78.700759887644125, 30.289424896243304 ], [ 78.700981139749032, 30.286779403797127 ], [ 78.700370788773583, 30.284347534057591 ], [ 78.700508117945333, 30.281091690186187 ], [ 78.700759887644125, 30.278226852197843 ], [ 78.700836181628404, 30.275545120221544 ], [ 78.701057433733396, 30.27275848412917 ], [ 78.69951629614873, 30.268529891732484 ], [ 78.697662353677885, 30.264423370610135 ], [ 78.695289612113399, 30.262342452748911 ], [ 78.690391540116323, 30.259529113537184 ], [ 78.685554504206166, 30.257493972965829 ], [ 78.678199767711547, 30.255668640177088 ], [ 78.669586181824002, 30.255390167359042 ], [ 78.667678833114365, 30.256090164103433 ], [ 78.661949158036919, 30.258110046327491 ], [ 78.659538269030506, 30.258502960122055 ], [ 78.656257629501837, 30.258729934613079 ], [ 78.653617858542489, 30.259265899516027 ], [ 78.650901794498026, 30.256090164103433 ], [ 78.649383544659031, 30.251857757682 ], [ 78.648307799929285, 30.24775505058431 ], [ 78.648284912183641, 30.244756698797808 ], [ 78.648483276542976, 30.242618560673119 ], [ 78.648460387897956, 30.239421844527286 ], [ 78.648262023538706, 30.236440658550006 ], [ 78.64816284180867, 30.233968734805824 ], [ 78.64798736609427, 30.231086731008158 ], [ 78.647392273016322, 30.22897529600284 ], [ 78.644706725666296, 30.22275352450146 ], [ 78.640945434485801, 30.218759536893618 ], [ 78.636947631504242, 30.215770721517799 ], [ 78.634742736705306, 30.214418410982336 ], [ 78.631187438832995, 30.211845398046211 ], [ 78.628616332909175, 30.210138320708314 ], [ 78.626304626532175, 30.208396911751993 ], [ 78.623916626170782, 30.206085204925312 ], [ 78.622734069862886, 30.20363807683848 ], [ 78.620269775517215, 30.197759628266752 ], [ 78.617042541327905, 30.192653655949258 ], [ 78.614280700892863, 30.189416885349178 ], [ 78.611946105870913, 30.187482833969952 ], [ 78.609245300623371, 30.186719894126377 ], [ 78.607086181315751, 30.185939788923278 ], [ 78.603607177427719, 30.185146331935609 ], [ 78.59825134242385, 30.186443328770348 ], [ 78.593711852602965, 30.18784904464524 ], [ 78.592086792085169, 30.189418792811193 ], [ 78.588859557895915, 30.191337585393601 ], [ 78.5869445802375, 30.192548751833197 ], [ 78.583557129130753, 30.194368362685577 ], [ 78.578613281642433, 30.198854446267713 ], [ 78.574073791821561, 30.201555251964923 ], [ 78.572433471607582, 30.203924179054972 ], [ 78.570266723351196, 30.207336425819147 ], [ 78.567893981786725, 30.212045669417869 ], [ 78.567558288255512, 30.214420318444425 ], [ 78.567474365322383, 30.217210769910505 ], [ 78.567321777353726, 30.219806671041976 ], [ 78.567245483369362, 30.222751617489127 ], [ 78.567756652614847, 30.22526359568748 ], [ 78.569694518918197, 30.23166275036526 ], [ 78.570266723351196, 30.235263824178531 ], [ 78.570838928233883, 30.239421844527278 ], [ 78.570266723351196, 30.241422653030419 ], [ 78.56759643569734, 30.245082855018765 ], [ 78.563293456778368, 30.24640083303651 ], [ 78.561431884459381, 30.247253418199243 ], [ 78.558525085454036, 30.247755050584303 ], [ 78.552886962708072, 30.248468399113257 ], [ 78.54733276334494, 30.249822616661046 ], [ 78.545272827565896, 30.250221252392048 ], [ 78.541381836162387, 30.252204895085981 ], [ 78.536933899122687, 30.254596709921675 ], [ 78.534767150866301, 30.256090164103409 ], [ 78.530677795103458, 30.258171081514952 ], [ 78.528594970679578, 30.259160995399853 ], [ 78.524971008670931, 30.260801315164237 ], [ 78.522109985606576, 30.262575149625956 ], [ 78.519088744725366, 30.264423370610118 ], [ 78.515029907455585, 30.267522812038344 ], [ 78.511924743641302, 30.270687103128385 ], [ 78.51011657756105, 30.272756576667138 ], [ 78.509292602529982, 30.275390625240437 ], [ 78.508522033737648, 30.277688980282548 ], [ 78.507530212390648, 30.281091690186166 ], [ 78.507637023519123, 30.285385131795081 ], [ 78.507797241335908, 30.289424896243279 ], [ 78.508789062233234, 30.292568206600073 ], [ 78.511901855445956, 30.297760009762307 ], [ 78.509819030572402, 30.303985595738119 ], [ 78.508644104112619, 30.30609321581942 ], [ 78.50574493405604, 30.308246612740909 ], [ 78.50359344504615, 30.310060501207275 ], [ 78.501609802352192, 30.312446594106532 ], [ 78.500373840704938, 30.314426421876448 ], [ 78.498245238991089, 30.317415237701844 ], [ 78.496353149078431, 30.32167434679295 ], [ 78.495262146001366, 30.324596405044762 ], [ 78.493011474362262, 30.331096648914599 ], [ 78.492645263686953, 30.333711624216669 ], [ 78.49214935278863, 30.336318969670607 ], [ 78.491767883316541, 30.339429855421304 ], [ 78.491096496703847, 30.343597412180809 ], [ 78.490463257083363, 30.34776306147841 ], [ 78.489807128817944, 30.350646972737991 ], [ 78.48886108431121, 30.354154586757755 ], [ 78.488227844241052, 30.357397079743865 ], [ 78.485275268845115, 30.364433288516565 ], [ 78.486930846956611, 30.365957260291918 ], [ 78.487861633565842, 30.372766495023264 ], [ 78.491493225422531, 30.376537323064106 ], [ 78.49645996065648, 30.379903793437592 ], [ 78.499382018908335, 30.381101608542298 ], [ 78.501487731977249, 30.383205413699574 ], [ 78.50359344504615, 30.38592529311763 ], [ 78.505844116235679, 30.389434814599404 ], [ 78.50359344504615, 30.390916824458589 ], [ 78.49984741176327, 30.394018173348826 ], [ 78.497047424336088, 30.397769928118436 ], [ 78.49526214600138, 30.398899078187615 ], [ 78.490737915427076, 30.401576995689496 ], [ 78.485496520950107, 30.406103134175449 ], [ 78.48155212420717, 30.409069061355925 ], [ 78.478584289564736, 30.412746429603178 ], [ 78.477111816116306, 30.414438247694576 ], [ 78.473693847415774, 30.417875290115997 ], [ 78.47025299096957, 30.423145294275031 ], [ 78.468383788802555, 30.42463684099458 ], [ 78.465782165284935, 30.426635742035796 ], [ 78.461608886588934, 30.4311046598087 ], [ 78.456687926846271, 30.434206008698926 ], [ 78.45358276393128, 30.437294006254284 ], [ 78.451309204096802, 30.439439773327734 ], [ 78.448036193516884, 30.442222594945683 ], [ 78.445243835488156, 30.446100235014352 ], [ 78.443511962492892, 30.447772979834436 ], [ 78.440490722511043, 30.451351165902064 ], [ 78.439109801843784, 30.4539108275034 ], [ 78.437782287415331, 30.456106185891542 ], [ 78.436912536892976, 30.458473205519574 ], [ 78.434501647886663, 30.462026595929853 ], [ 78.433631897364279, 30.46444129941057 ], [ 78.432029724142538, 30.469326019173391 ], [ 78.430931091217445, 30.472774505467694 ], [ 78.428581237398589, 30.475978851461566 ], [ 78.425643921249147, 30.478172302387705 ], [ 78.420936584662627, 30.48180007932033 ], [ 78.418556213250099, 30.48279571514168 ], [ 78.414428710944705, 30.483621597185053 ], [ 78.411911010360285, 30.485179901028612 ], [ 78.408630370831602, 30.486156463578734 ], [ 78.406654357985701, 30.489444732505842 ], [ 78.404876708599872, 30.490741729790155 ], [ 78.403579711765119, 30.493017196637023 ], [ 78.40089416531444, 30.495094299124535 ], [ 78.400093078928421, 30.497777939012536 ], [ 78.397483825562659, 30.500017166329169 ], [ 78.395240783321981, 30.503917694143507 ], [ 78.392791747773103, 30.506111145069568 ], [ 78.388511657498967, 30.507720947240138 ], [ 78.386901855778035, 30.509019851536888 ], [ 78.381660461301053, 30.509201050087011 ], [ 78.378570556283677, 30.512369155651474 ], [ 78.377052307343916, 30.507633209382984 ], [ 78.377708434710044, 30.505247116033939 ], [ 78.378570556283677, 30.502935409656953 ], [ 78.381065368672736, 30.500270843489961 ], [ 78.381774902727244, 30.497777939012536 ], [ 78.38387298594813, 30.494743347246136 ], [ 78.38777160630039, 30.48944282549342 ], [ 78.393096923710516, 30.487302779906724 ], [ 78.395240783321981, 30.485826492433567 ], [ 78.398727417058055, 30.484586715862292 ], [ 78.402061462375784, 30.479593277059404 ], [ 78.403579711765104, 30.47473525996627 ], [ 78.404365539354359, 30.472774505467694 ], [ 78.407684326324855, 30.468545913520593 ], [ 78.40985107458124, 30.46444129941057 ], [ 78.411911010360285, 30.461914062415435 ], [ 78.415000915377689, 30.459192275984883 ], [ 78.416946411529153, 30.456108093353553 ], [ 78.418449401672007, 30.454305648760066 ], [ 78.420249938803423, 30.450304031304082 ], [ 78.421676635861274, 30.447771072372419 ], [ 78.424285888327645, 30.443481445237936 ], [ 78.426940918083901, 30.43780136102545 ], [ 78.428581237398589, 30.434587478620717 ], [ 78.431007385201809, 30.431104659808693 ], [ 78.433341980223759, 30.427537918063543 ], [ 78.434249878187956, 30.425432204994657 ], [ 78.436912536892976, 30.420082092376923 ], [ 78.43936157244184, 30.416885375781412 ], [ 78.440917968823413, 30.414436340232559 ], [ 78.442901611517343, 30.412094116261787 ], [ 78.445251464436907, 30.409936904865873 ], [ 78.447525024271357, 30.408374786547974 ], [ 78.450279235757648, 30.406103134175449 ], [ 78.453590392880045, 30.404161453397773 ], [ 78.457252502330505, 30.401435852043303 ], [ 78.460357666144873, 30.397768020656425 ], [ 78.461921691475197, 30.395294189450212 ], [ 78.464416504313945, 30.39193153400084 ], [ 78.46560668957062, 30.389432907137301 ], [ 78.467155456553741, 30.386339187645522 ], [ 78.468704223536861, 30.382648468063383 ], [ 78.470252990969556, 30.379129409721234 ], [ 78.473197936967139, 30.375707626096702 ], [ 78.475341796578505, 30.372766495023264 ], [ 78.476448058902037, 30.370630264360585 ], [ 78.478057861522331, 30.363904953012142 ], [ 78.478027343928545, 30.356098174997438 ], [ 78.47663879431262, 30.34776306147841 ], [ 78.476333618375207, 30.345512390288896 ], [ 78.476043701234588, 30.341974258225736 ], [ 78.475662231312796, 30.339429855421297 ], [ 78.475524902140947, 30.336370467997629 ], [ 78.475479125750354, 30.334205627652953 ], [ 78.47533416762974, 30.331094741902263 ], [ 78.476310729730187, 30.328823089529827 ], [ 78.478210449490987, 30.322385787859805 ], [ 78.478584289564722, 30.320335388042047 ], [ 78.480155944743103, 30.315996170042471 ], [ 78.480255127372402, 30.312757491980381 ], [ 78.480400085493017, 30.306095123281423 ], [ 78.478584289564722, 30.299772262588014 ], [ 78.478233337236631, 30.297760009762307 ], [ 78.477203368897463, 30.289424896243279 ], [ 78.476646423261357, 30.281089782724148 ], [ 78.476547241531335, 30.279050827228865 ], [ 78.476585388073886, 30.274757385170272 ], [ 78.476478576495722, 30.272758484129152 ], [ 78.476196289203344, 30.270364761381753 ], [ 78.476119995218966, 30.2668933868922 ], [ 78.475753784094053, 30.26442337061011 ], [ 78.476570129276993, 30.262409210322406 ], [ 78.478584289564708, 30.258953094629742 ], [ 78.480842590602279, 30.256088257090994 ], [ 78.486930846956596, 30.2519550323996 ], [ 78.489692688291015, 30.250516891468994 ], [ 78.49486541773237, 30.247362136789725 ], [ 78.496635437270157, 30.246377944841171 ], [ 78.500343323111252, 30.244503021187406 ], [ 78.50359344504615, 30.242492675823719 ], [ 78.505554199095144, 30.24138641350028 ], [ 78.508613586518834, 30.239421844527275 ], [ 78.511924743641302, 30.238004684329898 ], [ 78.513900756487089, 30.237445831231707 ], [ 78.517227172856053, 30.236389160222878 ], [ 78.520263672084411, 30.235605240095754 ], [ 78.525230407318389, 30.234449386457634 ], [ 78.528594970679578, 30.233638763660732 ], [ 78.530738830290943, 30.233230591069269 ], [ 78.536582946794695, 30.230733871667745 ], [ 78.538581848285531, 30.229438781845428 ], [ 78.541801452626729, 30.227621078455037 ], [ 78.546203613275736, 30.221820831329602 ], [ 78.548286437699716, 30.217437744401529 ], [ 78.549194335663898, 30.214418410982336 ], [ 78.550460815804144, 30.211278915549634 ], [ 78.551582336025206, 30.208101272675034 ], [ 78.552345275868774, 30.206085204925309 ], [ 78.553604126160963, 30.203416824283888 ], [ 78.556243896221105, 30.200395583852362 ], [ 78.557495117564571, 30.197751998868291 ], [ 78.559989929503999, 30.195810318090622 ], [ 78.561935424756115, 30.193649291770594 ], [ 78.564567565867449, 30.192049026460463 ], [ 78.566154479842695, 30.189416885349168 ], [ 78.568351745692866, 30.187496185304727 ], [ 78.570266723351196, 30.185184478927752 ], [ 78.572631835966916, 30.183444976983843 ], [ 78.574089050618454, 30.181083679292144 ], [ 78.576583862557911, 30.179067611542422 ], [ 78.578613281642419, 30.176589965861901 ], [ 78.580741882456991, 30.174880981511684 ], [ 78.581809997338695, 30.172748565773027 ], [ 78.583526611537053, 30.167835235878531 ], [ 78.584510803485514, 30.164415359716003 ], [ 78.584663391454285, 30.162137984957457 ], [ 78.58472442664177, 30.158298492330694 ], [ 78.584861755363931, 30.156080246196982 ], [ 78.584304809278152, 30.153440475237549 ], [ 78.583831787474452, 30.150857925440963 ], [ 78.583122253419944, 30.14774703969028 ], [ 78.582115173276094, 30.144243240144924 ], [ 78.581245422753753, 30.142047882206473 ], [ 78.580345153738406, 30.13941192617115 ], [ 78.578613281642419, 30.1366920472027 ], [ 78.57629394541739, 30.133394241415136 ], [ 78.574058533024669, 30.131078720114132 ], [ 78.572395325065031, 30.128953933773918 ], [ 78.570266723351182, 30.126789092979561 ], [ 78.565208435335961, 30.122743606595005 ], [ 78.563949585043744, 30.120731353769408 ], [ 78.561935424756115, 30.115959167521098 ], [ 78.561935424756115, 30.113086700583903 ], [ 78.563949585043744, 30.108093261780922 ], [ 78.564559936918656, 30.106075287018871 ], [ 78.566032409467724, 30.101835250749406 ], [ 78.567504882916168, 30.097742080512166 ], [ 78.567138671791255, 30.094610214028144 ], [ 78.567230224572427, 30.092445373683468 ], [ 78.566711425478786, 30.089408874455149 ], [ 78.564163208199986, 30.087181091460973 ], [ 78.561935424756101, 30.085948944288059 ], [ 78.557205200423951, 30.085807800192178 ], [ 78.553604126160948, 30.085777282598396 ], [ 78.550682067909122, 30.08648872366534 ], [ 78.547454833719868, 30.087219238453113 ], [ 78.544013977273693, 30.088151931624971 ], [ 78.540351867823219, 30.089408874455145 ], [ 78.537750244305684, 30.090223312176057 ], [ 78.535491943268028, 30.090848922847755 ], [ 78.53132629352082, 30.092134475809626 ], [ 78.528594970679563, 30.093042373773798 ], [ 78.525138854986864, 30.094282150345084 ], [ 78.522552489816462, 30.095455169792515 ], [ 78.519226073897187, 30.09671020516069 ], [ 78.516708374212072, 30.097742080512162 ], [ 78.511924743641273, 30.099845886119038 ], [ 78.50904846178004, 30.100624084759488 ], [ 78.506912231117354, 30.10105896002063 ], [ 78.503593445046121, 30.102142333699128 ], [ 78.498580932522259, 30.102758407510471 ], [ 78.495262146001338, 30.103157043241389 ], [ 78.49211883519493, 30.102933883674382 ], [ 78.490089416110294, 30.102912902941139 ], [ 78.486930846956568, 30.102657317868747 ], [ 78.483734131260405, 30.100940704569684 ], [ 78.478866576857087, 30.097459793219677 ], [ 78.473381042529553, 30.094614028952243 ], [ 78.470252990969527, 30.093147277889859 ], [ 78.466125488664218, 30.093612670744779 ], [ 78.461921691475155, 30.094127654914402 ], [ 78.460136413590149, 30.095954895165232 ], [ 78.458877563747649, 30.097742080512155 ], [ 78.458412169993352, 30.1025714874736 ], [ 78.458198547736473, 30.106075287018857 ], [ 78.459190368633827, 30.11440849307597 ], [ 78.458648681794529, 30.119468689002776 ], [ 78.458259582923986, 30.122743606594984 ], [ 78.456954956241191, 30.126113891442902 ], [ 78.454704285051662, 30.132200241234443 ], [ 78.453590392879988, 30.137325286823163 ], [ 78.453186035212639, 30.139814376826163 ], [ 78.45493316610542, 30.147745132677834 ], [ 78.455749511738034, 30.14990615854818 ], [ 78.456626892108446, 30.153039932494117 ], [ 78.458183288939679, 30.15608215320929 ], [ 78.458305358864962, 30.160797119194132 ], [ 78.458290100068083, 30.164415359715992 ], [ 78.455841064069517, 30.166667938367521 ], [ 78.453582763931237, 30.169195175362741 ], [ 78.451644897627958, 30.170806884545652 ], [ 78.449752807715214, 30.172748565773016 ], [ 78.447372436302587, 30.174865722714774 ], [ 78.445251464436879, 30.177280425745813 ], [ 78.436920165841698, 30.180145263734254 ], [ 78.431793212790922, 30.175962448177842 ], [ 78.427833557251162, 30.172748565773009 ], [ 78.420242309854601, 30.161725997891637 ], [ 78.417152404837211, 30.159173965239052 ], [ 78.413398742605466, 30.157567977992581 ], [ 78.411048888786638, 30.156946182244891 ], [ 78.406044006110818, 30.158540725618586 ], [ 78.403579711765062, 30.158889770484567 ], [ 78.400451660205107, 30.161291122180813 ], [ 78.395248413169966, 30.165002822945873 ], [ 78.39200592018382, 30.169507980248909 ], [ 78.389739990197398, 30.172748565773002 ], [ 78.38871002185823, 30.174554824840914 ], [ 78.386901855777978, 30.178129195984518 ], [ 78.386009216610674, 30.180189132662822 ], [ 78.38552856405957, 30.182456970111229 ], [ 78.384841919099642, 30.187356948670839 ], [ 78.384613037146622, 30.189416885349136 ], [ 78.384094238052967, 30.197750091406249 ], [ 78.383987426474903, 30.200670242196054 ], [ 78.383949279932338, 30.20313072206736 ], [ 78.383834838506147, 30.206083297463277 ], [ 78.383148193546333, 30.210664749200362 ], [ 78.382545471519521, 30.214418410982304 ], [ 78.381385802957368, 30.222751617489099 ], [ 78.381401061754175, 30.225584029972055 ], [ 78.381263732582312, 30.228391647247339 ], [ 78.381286621227346, 30.23108673100813 ], [ 78.381805420320987, 30.236185073927171 ], [ 78.382286071972715, 30.239419937065236 ], [ 78.382637024300806, 30.243692397940826 ], [ 78.383003234526342, 30.247755050584271 ], [ 78.382377624753985, 30.25608825709098 ], [ 78.379837036423851, 30.265691757313061 ], [ 78.37857055628362, 30.268959045506829 ], [ 78.376457214265841, 30.270643234199785 ], [ 78.374999999614317, 30.272756576667128 ], [ 78.372398376096783, 30.27491378761335 ], [ 78.370239257688425, 30.277446746994691 ], [ 78.367622375374012, 30.275375366443523 ], [ 78.365676880121882, 30.27275657666712 ], [ 78.365478515762547, 30.267993927279264 ], [ 78.365211486817344, 30.264423370610093 ], [ 78.365829468090624, 30.260009765638554 ], [ 78.366149901925553, 30.256090164103387 ], [ 78.365310668996969, 30.247755050584278 ], [ 78.364418029829665, 30.245239257911503 ], [ 78.361907959093301, 30.240797042808367 ], [ 78.360809326168209, 30.238323211602175 ], [ 78.358695983700869, 30.234300613412863 ], [ 78.35634613078139, 30.231086731008126 ], [ 78.355293273797201, 30.229362487861025 ], [ 78.353569030650078, 30.227251052855696 ], [ 78.350967407132543, 30.222751617489099 ], [ 78.349761963078976, 30.218225479003049 ], [ 78.348716735943015, 30.214418410982297 ], [ 78.348213195646267, 30.211439132467031 ], [ 78.346969604150857, 30.204357147303838 ], [ 78.345268249648754, 30.197723388736485 ], [ 78.343208312970432, 30.191436767573283 ], [ 78.342575073349948, 30.189416885349129 ], [ 78.342185974479307, 30.186365127773602 ], [ 78.34194946267823, 30.184360503896666 ], [ 78.341514587417009, 30.181081771830108 ], [ 78.342063904104336, 30.175914764325132 ], [ 78.342376708990599, 30.172748565772995 ], [ 78.342056274256294, 30.16758537274244 ], [ 78.341384888093273, 30.164413452253953 ], [ 78.339088439613775, 30.162220001327913 ], [ 78.336898803611732, 30.161277770845924 ], [ 78.332443237623323, 30.159957885815938 ], [ 78.328567505016622, 30.159032821592852 ], [ 78.326011657889666, 30.158634185861846 ], [ 78.322402953778521, 30.158254623402076 ], [ 78.318420410493104, 30.157892227201199 ], [ 78.313484191953535, 30.157669067634192 ], [ 78.310043334608025, 30.157938003591791 ], [ 78.30581665057268, 30.15833091738644 ], [ 78.303565979383151, 30.158794403228946 ], [ 78.299980163917027, 30.160831451262304 ], [ 78.295616149810456, 30.164800643662488 ], [ 78.295219421091772, 30.166955948045988 ], [ 78.294441223350674, 30.172748565772977 ], [ 78.294944763197833, 30.181356430173722 ], [ 78.29725647002445, 30.189414977887111 ], [ 78.298065185359349, 30.192264557078662 ], [ 78.298538208062297, 30.194440841745802 ], [ 78.2996978757253, 30.197750091406228 ], [ 78.30038452158449, 30.200925826818747 ], [ 78.30235290548157, 30.206083297463259 ], [ 78.301589965637973, 30.208055496284391 ], [ 78.301086425790885, 30.211940765301755 ], [ 78.298767090015446, 30.214418410982287 ], [ 78.294288635382017, 30.215354919527936 ], [ 78.288948059174999, 30.214418410982287 ], [ 78.286422729641728, 30.213951110665356 ], [ 78.280693054564239, 30.212280273307378 ], [ 78.278556823901553, 30.211917877106501 ], [ 78.275733947379649, 30.21159362789777 ], [ 78.273292541678885, 30.211351394609856 ], [ 78.270225525306429, 30.210983276472639 ], [ 78.267120361492047, 30.211313247617706 ], [ 78.264312743767036, 30.211997985565208 ], [ 78.260528564840953, 30.213056564485722 ], [ 78.258872985830067, 30.21441841098228 ], [ 78.256477355620632, 30.219829559237262 ], [ 78.255546569910777, 30.22474098211935 ], [ 78.255996703968805, 30.22864723231972 ], [ 78.256248474117186, 30.231084823546087 ], [ 78.257888793881506, 30.235418319609145 ], [ 78.259887695372342, 30.241420745568359 ], [ 78.261878967015051, 30.2477474211858 ], [ 78.256835937796765, 30.251037597574914 ], [ 78.253555298268054, 30.251905441084858 ], [ 78.245216369824817, 30.25182342516413 ], [ 78.242118835858548, 30.252992630137147 ], [ 78.236488342511009, 30.255691528372264 ], [ 78.232376099002479, 30.259916305395326 ], [ 78.230026245183623, 30.262947082237542 ], [ 78.228546142786413, 30.26472473162336 ], [ 78.223274230715631, 30.267478943109623 ], [ 78.220214843741616, 30.26890754673018 ], [ 78.216926574814451, 30.269466400277974 ], [ 78.214683532573673, 30.269954681328134 ], [ 78.209999084632159, 30.270874023165195 ], [ 78.203277587757938, 30.272758484129092 ], [ 78.198280334480543, 30.275827407963611 ], [ 78.195205688709635, 30.27774238562192 ], [ 78.193038940453221, 30.278919219993387 ], [ 78.186874389664808, 30.282157898055477 ], [ 78.181724548418657, 30.284275054997142 ], [ 78.178543090619982, 30.285608291362006 ], [ 78.175712585149313, 30.286598205696606 ], [ 78.169807434357409, 30.289026260512209 ], [ 78.168777466018241, 30.290855407775375 ], [ 78.167549133319724, 30.295099258519272 ], [ 78.166328430469363, 30.297758102300222 ], [ 78.167304992569797, 30.30066299429323 ], [ 78.170257568415437, 30.306093215819349 ], [ 78.166236877688178, 30.310455322463785 ], [ 78.162284851097056, 30.314847946252399 ], [ 78.159988403516934, 30.316310882840263 ], [ 78.157012939026359, 30.317903518752029 ], [ 78.152420043866002, 30.32276153539549 ], [ 78.148521423513685, 30.326080322365971 ], [ 78.146835326909027, 30.329460144074254 ], [ 78.145202636543146, 30.332769394184286 ], [ 78.143211364900452, 30.337444305265283 ], [ 78.142265319494413, 30.342363357545896 ], [ 78.141807556487606, 30.344371795897178 ], [ 78.141212463409602, 30.347763061478339 ], [ 78.140411377023469, 30.351310729952168 ], [ 78.139358520489054, 30.353603363057925 ], [ 78.138534545907675, 30.35609817499736 ], [ 78.136863708099881, 30.358360290509342 ], [ 78.13321685789596, 30.36078453085052 ], [ 78.131256103397249, 30.361711502085935 ], [ 78.127151488837555, 30.364431381504069 ], [ 78.123466491641395, 30.369495391905303 ], [ 78.12115478526438, 30.373723983852386 ], [ 78.119598388882793, 30.380498886065848 ], [ 78.116874694990301, 30.386110305692409 ], [ 78.112907409602272, 30.390481948747698 ], [ 78.107276916254705, 30.393184661906925 ], [ 78.101730346739643, 30.39596939098686 ], [ 78.098884582472067, 30.397766113194326 ], [ 78.09519195542785, 30.399488448879428 ], [ 78.090484618841288, 30.401390075652532 ], [ 78.086860656832698, 30.403177261449226 ], [ 78.084800720154362, 30.404039383022727 ], [ 78.079162597858016, 30.406734466333827 ], [ 78.076873779226645, 30.407756805274612 ], [ 78.073234558421063, 30.409139632954098 ], [ 78.07018279994611, 30.41076278690916 ], [ 78.067558288682903, 30.411806106583182 ], [ 78.061271667069803, 30.415016174513593 ], [ 78.053520202755777, 30.416458129918531 ], [ 78.051200866530593, 30.416751861533466 ], [ 78.047828674220611, 30.417074203729779 ], [ 78.045181274312469, 30.417434692468639 ], [ 78.036849975717274, 30.418619155788875 ], [ 78.033660888969749, 30.419578552080079 ], [ 78.03070831312408, 30.420578002825437 ], [ 78.027404784950448, 30.421655655017197 ], [ 78.024810791280913, 30.42276954628948 ], [ 78.021156310779261, 30.423751830776023 ], [ 78.018295287714778, 30.424652099791366 ], [ 78.014602661120236, 30.425527572699746 ], [ 78.011840820235477, 30.426462173333604 ], [ 78.003509521640311, 30.426834106395027 ], [ 77.995178223045016, 30.426412582468675 ], [ 77.990959167059103, 30.426883697259935 ], [ 77.986846923550544, 30.427383422632669 ], [ 77.984054565521674, 30.428312301779776 ], [ 77.978286743002215, 30.431102752796157 ], [ 77.973022460779518, 30.433952331538023 ], [ 77.970169067563177, 30.435726165999824 ], [ 77.967445373670657, 30.436714172422722 ], [ 77.963249206329664, 30.438020706117907 ], [ 77.961067199276343, 30.438665390060933 ], [ 77.957138061330241, 30.439437866315274 ], [ 77.952888488649819, 30.440055847138854 ], [ 77.945167541479833, 30.441602706659939 ], [ 77.940620422260452, 30.443220138678658 ], [ 77.935119629135855, 30.446056366085646 ], [ 77.933021545015677, 30.447771072372287 ], [ 77.9302444457837, 30.449512481778285 ], [ 77.928497314441216, 30.451168060339469 ], [ 77.925796508744028, 30.45340347273217 ], [ 77.923484802366971, 30.456106185891404 ], [ 77.921806335610427, 30.457750320579713 ], [ 77.920158386447568, 30.460226058798224 ], [ 77.918304443077403, 30.462577820079144 ], [ 77.917282104586263, 30.464439391948421 ], [ 77.915214538959162, 30.467823028580806 ], [ 77.914207458365638, 30.470392227042527 ], [ 77.912658691382589, 30.473602294972931 ], [ 77.911827087402685, 30.475652694790778 ], [ 77.909942626888423, 30.479223251459938 ], [ 77.909225463435419, 30.481107711974246 ], [ 77.907302856828309, 30.485633850010608 ], [ 77.905403137067466, 30.491348266740804 ], [ 77.903762817752749, 30.498043060045877 ], [ 77.903953552263957, 30.505653381163263 ], [ 77.905006408348797, 30.507623672522385 ], [ 77.906875610515854, 30.51106452941816 ], [ 77.911293029961925, 30.514974594092859 ], [ 77.913230896265219, 30.515848159539249 ], [ 77.91725158699262, 30.517353058043458 ], [ 77.920166015396376, 30.518663406213076 ], [ 77.923294066956444, 30.519641876225197 ], [ 77.92825317414102, 30.522777557183556 ], [ 77.923927307476291, 30.527343750123762 ], [ 77.92147827147771, 30.5324230193219 ], [ 77.920158386447639, 30.53640174858252 ], [ 77.9191207882604, 30.539445877209381 ], [ 77.918258666686782, 30.541347503532812 ], [ 77.916908264512671, 30.544523239395012 ], [ 77.915298461892363, 30.547780990728402 ], [ 77.913795470850204, 30.549745559701421 ], [ 77.911827087402727, 30.551433563318394 ], [ 77.907524108933259, 30.551813125778075 ], [ 77.90349578835783, 30.552061081002432 ], [ 77.90067291273526, 30.550603866800593 ], [ 77.894866943673307, 30.547779083266391 ], [ 77.890602112195992, 30.54400634776345 ], [ 77.885719298995795, 30.540550232070782 ], [ 77.884040832239236, 30.539445877209374 ], [ 77.880668639929297, 30.537263870156099 ], [ 77.878486632875976, 30.53642082230342 ], [ 77.873458862454427, 30.53614234948536 ], [ 77.870155334280668, 30.536018371648293 ], [ 77.867706298731846, 30.536998748672843 ], [ 77.861824035685444, 30.540199279742787 ], [ 77.858444213527378, 30.544404983494438 ], [ 77.855216980237358, 30.549507140887815 ], [ 77.853485107242065, 30.552640914833848 ], [ 77.851776122891806, 30.554403304973178 ], [ 77.84839630163313, 30.556114196785401 ], [ 77.846267699919167, 30.557228088507369 ], [ 77.843841553015281, 30.557424545404615 ], [ 77.838943481018077, 30.558240890587619 ], [ 77.836814880203477, 30.558319092033994 ], [ 77.832160949855677, 30.559795379507065 ], [ 77.828475951760197, 30.560914993165472 ], [ 77.825996398617491, 30.561965942237858 ], [ 77.82014465316486, 30.564685821655988 ], [ 77.813011169572647, 30.565618514940017 ], [ 77.81028747561588, 30.565975188890917 ], [ 77.804748535049427, 30.565713882781463 ], [ 77.802246093711474, 30.565683365187681 ], [ 77.796028137133931, 30.565340041808419 ], [ 77.793945312260306, 30.565637588797081 ], [ 77.788902282592275, 30.566545486761264 ], [ 77.786804198921672, 30.567188262792492 ], [ 77.783027648944284, 30.5688819883459 ], [ 77.752487182743863, 30.548761367551514 ], [ 77.747749328563543, 30.547779083064967 ], [ 77.744773864972188, 30.547420501788203 ], [ 77.736801147653765, 30.546876907486894 ], [ 77.728462219210357, 30.547430038198964 ], [ 77.725944519075497, 30.547780990526967 ], [ 77.719314575432136, 30.548597335709971 ], [ 77.711799621570094, 30.549774169631739 ], [ 77.709564208727727, 30.550014495907238 ], [ 77.705978393261546, 30.550291061263273 ], [ 77.703460693576361, 30.550580978403875 ], [ 77.698364257669567, 30.551023483513145 ], [ 77.695121765132939, 30.551368713455108 ], [ 77.686790466537644, 30.552213668769703 ], [ 77.683746337910662, 30.553070068406864 ], [ 77.680549621315038, 30.554021835299633 ], [ 77.678459167492647, 30.554628372250427 ], [ 77.675796508787485, 30.556114196584033 ], [ 77.672760009559056, 30.558746337695332 ], [ 77.670127868447679, 30.56135749852297 ], [ 77.667602538914366, 30.564447402641051 ], [ 77.665596008474736, 30.568254471111391 ], [ 77.664237976002866, 30.570331573149318 ], [ 77.661788940453945, 30.5738563534279 ], [ 77.659561157459606, 30.574998855731149 ], [ 77.657142639054769, 30.576473235742299 ], [ 77.653450012460183, 30.57776641855229 ], [ 77.648475646928262, 30.577756881691819 ], [ 77.645118713415187, 30.577875137592361 ], [ 77.642120361178897, 30.578121185354693 ], [ 77.639686584426869, 30.578212737686279 ], [ 77.63677978542141, 30.578432083228545 ], [ 77.634651184157121, 30.578981399466286 ], [ 77.628356933595157, 30.581020355411255 ], [ 77.622520446489659, 30.5835189822747 ], [ 77.620117187331402, 30.584861755500025 ], [ 77.615089416460123, 30.586145400999865 ], [ 77.611785888736094, 30.587020873908354 ], [ 77.603439330894176, 30.584587097156387 ], [ 77.600883483767163, 30.583671569793754 ], [ 77.596435546727307, 30.582441330082933 ], [ 77.594345092904916, 30.58188056952272 ], [ 77.586853027238178, 30.581113815654412 ], [ 77.579444885403859, 30.58211708042451 ], [ 77.577308654741103, 30.582248687660019 ], [ 77.571792602819599, 30.582796096885339 ], [ 77.568161010962797, 30.58306312583051 ], [ 77.564147949184203, 30.583494186167627 ], [ 77.561767578221179, 30.583703994399833 ], [ 77.558792114180136, 30.58409309416966 ], [ 77.556663513365493, 30.584344863868441 ], [ 77.55343627917614, 30.584777832117243 ], [ 77.548225402742375, 30.586322784176236 ], [ 77.543556213147937, 30.587902069202716 ], [ 77.540702819931539, 30.589447021711486 ], [ 77.536766052137295, 30.591632842789405 ], [ 77.532783508402076, 30.593795776121752 ], [ 77.527221679640192, 30.596569061328914 ], [ 77.521965026815934, 30.597782135230499 ], [ 77.519767761415366, 30.598108291451553 ], [ 77.511039734101288, 30.598505020170222 ], [ 77.503425598059565, 30.599277496424552 ], [ 77.501266479651136, 30.599946976024849 ], [ 77.498062133657029, 30.600749969423287 ], [ 77.4950942994641, 30.601833343551469 ], [ 77.49208068843096, 30.603103637716522 ], [ 77.487403869438069, 30.606117248749598 ], [ 77.485549926967067, 30.607328415189084 ], [ 77.481849670074638, 30.609540939386441 ], [ 77.478424072425199, 30.612546921021075 ], [ 77.476051330411039, 30.614452362268619 ], [ 77.473739624033954, 30.618108749333032 ], [ 77.472557067725987, 30.620319366517972 ], [ 77.47116088871158, 30.622783660863625 ], [ 77.470085143981805, 30.625055313236142 ], [ 77.467201233171593, 30.628234863572754 ], [ 77.461044311781436, 30.631824493063565 ], [ 77.453422546341244, 30.633226394913628 ], [ 77.450790405229824, 30.633743286095577 ], [ 77.448234558102783, 30.63427162204966 ], [ 77.445083618347383, 30.634874344076351 ], [ 77.441841125361123, 30.636211394915641 ], [ 77.4367523193024, 30.640092849908342 ], [ 77.43213653549688, 30.644069671706962 ], [ 77.428421020257218, 30.648859023764565 ], [ 77.42427825915486, 30.651987075774159 ], [ 77.421485901125948, 30.656122207477878 ], [ 77.420074462865031, 30.657752990381802 ], [ 77.415649414020493, 30.660552978258636 ], [ 77.413284301854262, 30.664455413534991 ], [ 77.411743164269552, 30.666601181058116 ], [ 77.407989502037736, 30.669036865272076 ], [ 77.406295776484257, 30.672788620041686 ], [ 77.40484619168079, 30.674222946497874 ], [ 77.403411865224456, 30.676628113118131 ], [ 77.400741577120897, 30.678453445457276 ], [ 77.399765014570747, 30.681123733560714 ], [ 77.398094177212599, 30.684139251606204 ], [ 77.397285461428098, 30.687248229894891 ], [ 77.396171569706055, 30.690551757618788 ], [ 77.395080566179402, 30.693552017316986 ], [ 77.393402099422886, 30.696111679368009 ], [ 77.392044067400604, 30.697792053136848 ], [ 77.386734008787087, 30.70008087131858 ], [ 77.384361267222488, 30.700176239023786 ], [ 77.381088256642514, 30.700471878100828 ], [ 77.378402710191637, 30.700563430432307 ], [ 77.375633239908353, 30.700563430432307 ], [ 77.371986389254616, 30.699707031244831 ], [ 77.368774413862113, 30.699089050421239 ], [ 77.369049072205755, 30.696769714196119 ], [ 77.370071411146498, 30.693565368651832 ], [ 77.371910095270295, 30.68945503260538 ], [ 77.375396728556822, 30.68644714350874 ], [ 77.379531860260826, 30.681121826098689 ], [ 77.383781432941376, 30.678161620854642 ], [ 77.386741638185455, 30.674306869430982 ], [ 77.388999938773509, 30.672788620041668 ], [ 77.392967224161566, 30.670679092498361 ], [ 77.395080566179317, 30.668405532663915 ], [ 77.3979110716501, 30.667291641391632 ], [ 77.399436950438016, 30.66445541353497 ], [ 77.401779174858518, 30.662820815707033 ], [ 77.403411865224427, 30.66038322448065 ], [ 77.406303405432993, 30.659015655597983 ], [ 77.407173156854768, 30.656120300015854 ], [ 77.409271240075597, 30.653648376721364 ], [ 77.41174316426951, 30.646972656237921 ], [ 77.415199279512706, 30.64291000359448 ], [ 77.416801452734617, 30.639453887901727 ], [ 77.420074462864974, 30.634683608665839 ], [ 77.422241211121445, 30.633283615177053 ], [ 77.423469543370302, 30.631116866920692 ], [ 77.425399780275185, 30.625795364434644 ], [ 77.426391601622242, 30.622783660863579 ], [ 77.424385070732868, 30.61848640433065 ], [ 77.422012329168268, 30.614450454806551 ], [ 77.420074462864918, 30.613023757748728 ], [ 77.41810607896771, 30.612476348523394 ], [ 77.414756774853032, 30.611438751235479 ], [ 77.411743164269396, 30.610677718854003 ], [ 77.408401489103483, 30.611104965166376 ], [ 77.406311035280993, 30.611547470275646 ], [ 77.4034118652243, 30.611980438074763 ], [ 77.401420593131903, 30.612459182714151 ], [ 77.397743224884394, 30.614448547344519 ], [ 77.395751953241614, 30.615121841419231 ], [ 77.393791198742832, 30.615737915230486 ], [ 77.389350891101486, 30.617055893248139 ], [ 77.386741638185299, 30.61802673341213 ], [ 77.382385253926685, 30.618806839064906 ], [ 77.378402710191423, 30.619750976559228 ], [ 77.375343322767606, 30.619728088363981 ], [ 77.370071411146284, 30.62157440188604 ], [ 77.366188049141059, 30.618904113782602 ], [ 77.365715026887656, 30.614450454806494 ], [ 77.368186950631966, 30.612565994292275 ], [ 77.37007141114627, 30.610864639340445 ], [ 77.372886657820146, 30.608932495423222 ], [ 77.375244140587938, 30.606115341287381 ], [ 77.37841033914016, 30.604034423875934 ], [ 77.382278442348564, 30.601655960374938 ], [ 77.38684844976342, 30.597782135230371 ], [ 77.391586303494151, 30.594291687019918 ], [ 77.396331787073009, 30.590702057079515 ], [ 77.398063659618643, 30.589448929173368 ], [ 77.39961242660182, 30.585647583089056 ], [ 77.403289794849229, 30.581113815654252 ], [ 77.397727966087402, 30.578464508284039 ], [ 77.395080566179089, 30.577791213759731 ], [ 77.391952514619021, 30.575902938771087 ], [ 77.388305663965269, 30.574342727465513 ], [ 77.386070251572534, 30.573451995760223 ], [ 77.378166198390119, 30.573024749447839 ], [ 77.370071411146156, 30.574665069661805 ], [ 77.367279052667627, 30.575569152701878 ], [ 77.365226745837347, 30.576269149895953 ], [ 77.361740112101046, 30.577344894625689 ], [ 77.35860443114251, 30.577981949170269 ], [ 77.351852417123965, 30.57956314075938 ], [ 77.344375610254019, 30.581811904936554 ], [ 77.338973998859302, 30.58335304252121 ], [ 77.336730957068099, 30.583927154865901 ], [ 77.328392029074195, 30.586757659886842 ], [ 77.326438903973937, 30.587488174225012 ], [ 77.321556091223201, 30.589447021711269 ], [ 77.319046020486738, 30.590467452740281 ], [ 77.314529418860971, 30.592247009588103 ], [ 77.311729430983902, 30.592987060786651 ], [ 77.307441711311171, 30.593730926459706 ], [ 77.303398132388409, 30.594360351605754 ], [ 77.295059203944803, 30.596714019449298 ], [ 77.29283905034896, 30.597780227768261 ], [ 77.288833618418337, 30.599882125913119 ], [ 77.286720275950884, 30.60108566250458 ], [ 77.283988952659811, 30.603382110534358 ], [ 77.279846191557326, 30.607570648476795 ], [ 77.278388976905731, 30.609088897416509 ], [ 77.275665283013112, 30.611730575837935 ], [ 77.270057678310266, 30.616664886465767 ], [ 77.266319274875244, 30.619045257428677 ], [ 77.261085510246133, 30.622146606318907 ], [ 77.253387451271152, 30.627313613823869 ], [ 77.251274108803699, 30.62900543236487 ], [ 77.248809814457815, 30.6311168669205 ], [ 77.246871948154478, 30.632930755386781 ], [ 77.245048522827545, 30.634241104455661 ], [ 77.24168395991596, 30.636077880667678 ], [ 77.238945007226334, 30.637218475508906 ], [ 77.235786438072537, 30.638526916216428 ], [ 77.232482910348352, 30.63945198043951 ], [ 77.228378295788389, 30.640529632631345 ], [ 77.226524352867784, 30.641309737834444 ], [ 77.223182678151431, 30.642589569309539 ], [ 77.220046997192895, 30.644083023041606 ], [ 77.217948913522321, 30.645689010737765 ], [ 77.21569824188299, 30.647785186496609 ], [ 77.213569641068332, 30.649642944341142 ], [ 77.211715698147714, 30.651117324801881 ], [ 77.209060668840905, 30.653461456234663 ], [ 77.205856323296445, 30.656120300015626 ], [ 77.203384399102518, 30.657863616883642 ], [ 77.199058532437547, 30.66013336179406 ], [ 77.193428039539398, 30.662841796889726 ], [ 77.19036865256524, 30.664453506522328 ], [ 77.188087463332138, 30.66583251927786 ], [ 77.182998657273316, 30.669078827187988 ], [ 77.179489135791314, 30.671670913395449 ], [ 77.177825927831591, 30.672788620041427 ], [ 77.173439025979235, 30.676189422932623 ], [ 77.170043945024162, 30.678647994892241 ], [ 77.167968749998536, 30.679052352559669 ], [ 77.161079406808099, 30.680496215876399 ], [ 77.152572631598773, 30.680318832699975 ], [ 77.14413452142513, 30.680221557532668 ], [ 77.138412475295993, 30.681121826098405 ], [ 77.136695861996913, 30.682443618590487 ], [ 77.132286071499507, 30.685539245544266 ], [ 77.13148498511336, 30.689455032605093 ], [ 77.13354492179181, 30.692607879372762 ], [ 77.136856078914505, 30.697948455579638 ], [ 77.141952514371809, 30.700868606369443 ], [ 77.145034789991016, 30.701982498091418 ], [ 77.147598266516567, 30.703557968193902 ], [ 77.152107238744023, 30.70612335218128 ], [ 77.153366089036297, 30.708341598314984 ], [ 77.154411316172343, 30.713418960500793 ], [ 77.153373717985076, 30.71571922300501 ], [ 77.149635314999713, 30.71905708324671 ], [ 77.147529601930714, 30.72279167175742 ], [ 77.145034789991115, 30.724746704319646 ], [ 77.141212463173346, 30.727304458908581 ], [ 77.136695861997154, 30.732078552169199 ], [ 77.132217407363498, 30.734975814763747 ], [ 77.127838134459822, 30.739459991333533 ], [ 77.122917175166549, 30.742343902593205 ], [ 77.12003326390672, 30.745325088570485 ], [ 77.117935180685805, 30.745695114169799 ], [ 77.113327026278739, 30.747793197390539 ], [ 77.1111602784718, 30.748331070205108 ], [ 77.107513427817977, 30.743642807339612 ], [ 77.105140686253336, 30.739459991333515 ], [ 77.103363036867364, 30.736791610692094 ], [ 77.101470946954464, 30.733009338328692 ], [ 77.100158691322832, 30.731126785276395 ], [ 77.097610473594187, 30.728536605631664 ], [ 77.095024108873289, 30.72678565981488 ], [ 77.092231750394603, 30.72558212277373 ], [ 77.085166931040135, 30.724319458007116 ], [ 77.078361511232401, 30.724714279263775 ], [ 77.075965881022739, 30.725183487042717 ], [ 77.073043823220416, 30.725807190252411 ], [ 77.070022582788695, 30.726371764837346 ], [ 77.066711425666114, 30.727811813229977 ], [ 77.062927245840442, 30.729887008705067 ], [ 77.060905456603834, 30.731126785276338 ], [ 77.056838989485669, 30.734611511550465 ], [ 77.05270385733202, 30.738809585454064 ], [ 77.052040100117708, 30.740766525478225 ], [ 77.051307677867896, 30.745750426971068 ], [ 77.051841735758401, 30.749301910369102 ], [ 77.053352355749496, 30.751298904397824 ], [ 77.055564880396631, 30.753911972237802 ], [ 77.057479858055174, 30.756128310909599 ], [ 77.061691284193273, 30.760017394851065 ], [ 77.063949584781398, 30.762205123840772 ], [ 77.065841674694198, 30.764463424428644 ], [ 77.070022582788937, 30.770603180009314 ], [ 77.07183074976858, 30.772796630935456 ], [ 77.073822021411445, 30.777330398819874 ], [ 77.075691223128999, 30.781131744454495 ], [ 77.075843811097769, 30.78364753712717 ], [ 77.077590942440352, 30.789464950511526 ], [ 77.073570251712823, 30.793010711523433 ], [ 77.070022582789065, 30.794290542548943 ], [ 77.067977905357196, 30.795749664212792 ], [ 77.064018249367436, 30.797798157018214 ], [ 77.061683654795033, 30.798690796185507 ], [ 77.059677123905644, 30.7998104098439 ], [ 77.056861877231711, 30.80130958551231 ], [ 77.05335235574978, 30.803461074522197 ], [ 77.051460265836909, 30.80424308808659 ], [ 77.047996520745556, 30.80613327053732 ], [ 77.045013427755734, 30.807826996090633 ], [ 77.040809631016018, 30.806131363075302 ], [ 77.036682128710424, 30.804180145437073 ], [ 77.03391265842707, 30.800571441326063 ], [ 77.031623840245217, 30.797800064030586 ], [ 77.030212402433875, 30.795932769775185 ], [ 77.028350830114761, 30.793781280315706 ], [ 77.026283264037843, 30.791528701664184 ], [ 77.023620605332553, 30.789463043499129 ], [ 77.020019531069423, 30.787290572856634 ], [ 77.017929077246862, 30.787382125637894 ], [ 77.013938903663458, 30.78719711306303 ], [ 77.010238647220518, 30.788026810030509 ], [ 77.003341674631614, 30.791385650555856 ], [ 76.994812011676672, 30.797601700120889 ], [ 76.990264892457049, 30.801383972484189 ], [ 76.986679076990725, 30.804639816355579 ], [ 76.985137939405973, 30.806131363075231 ], [ 76.982681274458514, 30.810466766150615 ], [ 76.980674743569125, 30.814464569132241 ], [ 76.980781555147303, 30.816905975282651 ], [ 76.980850219733185, 30.820295333851476 ], [ 76.980972290108269, 30.822801590113382 ], [ 76.98228454573993, 30.827194213901915 ], [ 76.983863830766552, 30.831132888708396 ], [ 76.983474731446393, 30.834333419778353 ], [ 76.983711242797924, 30.83650016758504 ], [ 76.983100890922984, 30.839468002227441 ], [ 76.978340148996892, 30.841918945238287 ], [ 76.974815368717955, 30.844274520543944 ], [ 76.969696044615745, 30.847803115746547 ], [ 76.96502685547074, 30.851163864183597 ], [ 76.961669921957466, 30.854038238582799 ], [ 76.959251404002259, 30.856136321803564 ], [ 76.956169128383024, 30.858968734736202 ], [ 76.952072143221457, 30.863206863543649 ], [ 76.947959899712814, 30.867429733554303 ], [ 76.944221496277734, 30.872024536176585 ], [ 76.939613342320342, 30.878194808901256 ], [ 76.936668395872999, 30.882831573439798 ], [ 76.934265136714586, 30.887071609259671 ], [ 76.933052062812919, 30.889472961405517 ], [ 76.929412841557593, 30.898897170989173 ], [ 76.928329467879038, 30.902757644349268 ], [ 76.92745971645725, 30.905261993598852 ], [ 76.926765441649266, 30.907712936609702 ], [ 76.92656707728996, 30.912714004361447 ], [ 76.926475524958391, 30.916332244883229 ], [ 76.928565978781009, 30.923044204447287 ], [ 76.929748535088947, 30.929731368803587 ], [ 76.929779052682775, 30.932584762919159 ], [ 76.93019866914716, 30.937610625878577 ], [ 76.930076598772132, 30.941223144464011 ], [ 76.930091857569082, 30.947811126640595 ], [ 76.930221557792265, 30.958030700674026 ], [ 76.930404662905048, 30.962400436716901 ], [ 76.930580139069079, 30.96447944621675 ], [ 76.930885315006634, 30.967041015729787 ], [ 76.93104553192407, 30.970098495691452 ], [ 76.931427001845918, 30.972812652273873 ], [ 76.93186187710721, 30.977619171489579 ], [ 76.932334899810243, 30.981147765792908 ], [ 76.931701660189745, 30.984508514229965 ], [ 76.93108367936604, 30.986721038877018 ], [ 76.929809570276902, 30.990962982158898 ], [ 76.928329467879706, 30.993463516034669 ], [ 76.925910949924415, 30.997814178806326 ], [ 76.923332214152396, 31.001155853522462 ], [ 76.919990539436043, 31.004566192374845 ], [ 76.917366027722991, 31.006149292325436 ], [ 76.913719177069169, 31.008207321092041 ], [ 76.911659240840308, 31.009239196443517 ], [ 76.907333374175394, 31.01015853873017 ], [ 76.903327941795084, 31.011205672878528 ], [ 76.900375366398862, 31.011531829998951 ], [ 76.897232055592227, 31.012245178527817 ], [ 76.894996642749661, 31.012550354015538 ], [ 76.892868041935046, 31.012355804130625 ], [ 76.889343261656194, 31.011791229545668 ], [ 76.886650085357189, 31.011579513851537 ], [ 76.883720398156299, 31.011547088795741 ], [ 76.88166046147785, 31.011146545153039 ], [ 76.87831878676144, 31.01111984248336 ], [ 76.875282287532869, 31.01144218467967 ], [ 76.873069763335337, 31.011398315751091 ], [ 76.869987487716173, 31.011657714848219 ], [ 76.867904662842378, 31.012401580521196 ], [ 76.861923217616052, 31.014751434339995 ], [ 76.860122680484423, 31.016017913581031 ], [ 76.857086181705569, 31.018253326423327 ], [ 76.853317260676704, 31.021409988564603 ], [ 76.851722717302891, 31.02281761190153 ], [ 76.849288940550778, 31.027116775446856 ], [ 76.847503662216084, 31.031150817958547 ], [ 76.847389221239581, 31.033555984578818 ], [ 76.847076415903743, 31.037391662281557 ], [ 76.846977233724047, 31.039485931477678 ], [ 76.847618102743013, 31.04211425766486 ], [ 76.847961425672722, 31.044841766481444 ], [ 76.848953247019836, 31.047819137534695 ], [ 76.850723266557679, 31.050420761052216 ], [ 76.853317260676974, 31.052656173444916 ], [ 76.856109619155689, 31.053361893025034 ], [ 76.859695434622054, 31.054197311479278 ], [ 76.863059997533796, 31.054748535178931 ], [ 76.867889404045869, 31.056154251053762 ], [ 76.869987487716585, 31.058671951638221 ], [ 76.871086120641706, 31.063386917173482 ], [ 76.871360778985448, 31.065862655391999 ], [ 76.871818542442028, 31.072822570629921 ], [ 76.873382568222183, 31.077756881707437 ], [ 76.876579284817893, 31.081155776687037 ], [ 76.878822326609225, 31.081657409521782 ], [ 76.884437560710538, 31.081155776687044 ], [ 76.886650085357758, 31.080898284602235 ], [ 76.894996642750215, 31.079128265064551 ], [ 76.899635314751109, 31.076515197674187 ], [ 76.904739379606951, 31.07282257062996 ], [ 76.908027648983875, 31.06918716429896 ], [ 76.911819457758298, 31.064489364572943 ], [ 76.915802001943291, 31.060298919618084 ], [ 76.920333862366007, 31.056152343591808 ], [ 76.924232482718594, 31.052061081266341 ], [ 76.928688049156918, 31.047821044996795 ], [ 76.932617187552907, 31.043779373086586 ], [ 76.936561584295987, 31.039485931477767 ], [ 76.940536499082555, 31.035020828179199 ], [ 76.943367004553366, 31.03115081795865 ], [ 76.944999694919304, 31.028593063369723 ], [ 76.947471618663641, 31.025289535196048 ], [ 76.948753357151247, 31.02281761190164 ], [ 76.950386047517171, 31.019872665454479 ], [ 76.953330993514911, 31.014215469437332 ], [ 76.956275939962254, 31.009086608924498 ], [ 76.957817077547006, 31.006149292325485 ], [ 76.958869934081463, 31.003353118922973 ], [ 76.961669921958475, 30.997449875143488 ], [ 76.965904235842288, 30.993719100657518 ], [ 76.970001220554124, 30.990770339735953 ], [ 76.972305297982544, 30.991786956740313 ], [ 76.974761962929946, 30.993051528968934 ], [ 76.97834014899793, 30.99425506600998 ], [ 76.980827331539103, 30.995323180891699 ], [ 76.985290527375909, 30.996431350677231 ], [ 76.987480163827783, 30.997009277496257 ], [ 76.992378234925823, 30.997816085818808 ], [ 76.995986938137818, 30.998796463292955 ], [ 77.000770568708944, 31.000385284730214 ], [ 77.003341674632949, 31.001634597712357 ], [ 77.006095886119411, 31.003395080839287 ], [ 77.010063171507568, 31.006149292325542 ], [ 77.011672973678273, 31.007614135925831 ], [ 77.015144348168107, 31.011018753291481 ], [ 77.017776489279598, 31.014482498382581 ], [ 77.016387939663517, 31.01919937137983 ], [ 77.015350341476292, 31.022819519363701 ], [ 77.011672973678387, 31.025112152019776 ], [ 77.007781982274651, 31.027256011631223 ], [ 77.006072997924235, 31.028421401680127 ], [ 77.002479553059473, 31.031152725420718 ], [ 76.998405456542983, 31.034549712938318 ], [ 76.994247436193973, 31.04025077788404 ], [ 76.991752624254374, 31.044561385751855 ], [ 76.990394592232093, 31.047819137534848 ], [ 76.989486694267868, 31.050632476746578 ], [ 76.988540649311474, 31.054286956798578 ], [ 76.987808227511266, 31.057283401572757 ], [ 76.986106872559333, 31.064489364573017 ], [ 76.984451293998092, 31.070600509572301 ], [ 76.983879089565065, 31.072822570630041 ], [ 76.982933044159026, 31.07741355922759 ], [ 76.982032776042928, 31.081155776687147 ], [ 76.982154846417941, 31.08567428622435 ], [ 76.982383727921416, 31.089490890206186 ], [ 76.983451843252809, 31.092704773060625 ], [ 76.986869811953596, 31.097631454289999 ], [ 76.991645812676609, 31.101186752162388 ], [ 76.995986938138529, 31.105178832757904 ], [ 76.996231078888485, 31.107378006070068 ], [ 76.993812560933236, 31.115686416919431 ], [ 76.990554809599686, 31.118368148446049 ], [ 76.986679076992857, 31.122268676709982 ], [ 76.978332519600343, 31.121679306018088 ], [ 76.975486755332611, 31.117340087568898 ], [ 76.973052978580455, 31.114494323751135 ], [ 76.971946716256838, 31.112548828049363 ], [ 76.970001220554991, 31.111011505388714 ], [ 76.965072631863151, 31.109565734609969 ], [ 76.96166992195927, 31.108760833749599 ], [ 76.957550048602471, 31.110372543382105 ], [ 76.953338622914089, 31.112070083859539 ], [ 76.95187377931363, 31.114492416738702 ], [ 76.950668334810388, 31.117156982456109 ], [ 76.949699401658677, 31.119195938401077 ], [ 76.948196411066164, 31.122827530257737 ], [ 76.947212219117546, 31.125036239980673 ], [ 76.94403839116687, 31.131160736314857 ], [ 76.940612793067686, 31.135108947981795 ], [ 76.935348510844733, 31.139493942371871 ], [ 76.928329467880829, 31.137945174939077 ], [ 76.925605773988025, 31.13388443020731 ], [ 76.923339844001447, 31.131160736314829 ], [ 76.921722411982685, 31.129436493167724 ], [ 76.919990539437009, 31.128133773946878 ], [ 76.916702270509617, 31.126119613659256 ], [ 76.914009094210641, 31.125177383177245 ], [ 76.909934997694009, 31.124555587429551 ], [ 76.906173706063669, 31.125677108549969 ], [ 76.903327941796022, 31.126260757755116 ], [ 76.900222778431143, 31.128053665038458 ], [ 76.894989013801876, 31.131299972498994 ], [ 76.890388488793249, 31.13488578796505 ], [ 76.886650085358241, 31.137989043867709 ], [ 76.884994506796858, 31.139495849833832 ], [ 76.88136291493997, 31.142536163536583 ], [ 76.875404357909019, 31.147829055890952 ], [ 76.872268676950441, 31.150112152136153 ], [ 76.869987487717395, 31.152038574566713 ], [ 76.867019653524395, 31.153190612831143 ], [ 76.8616561886721, 31.156068801704677 ], [ 76.852630615268339, 31.156162261947944 ], [ 76.846908569139146, 31.154233932505146 ], [ 76.844985961632545, 31.153663635084492 ], [ 76.842735290442945, 31.153919219707198 ], [ 76.838752746257882, 31.154058456341062 ], [ 76.835449218983328, 31.154968261767248 ], [ 76.833488464034915, 31.156162261947937 ], [ 76.830406188865368, 31.158254623681945 ], [ 76.828308105644382, 31.159799575741026 ], [ 76.826293945356625, 31.162477493243003 ], [ 76.825096130251836, 31.164495468004958 ], [ 76.823463439885828, 31.167978286816979 ], [ 76.820938110352472, 31.173793792739318 ], [ 76.819976806599172, 31.17598152172901 ], [ 76.818122863678568, 31.18116378758112 ], [ 76.817184448120656, 31.183958053521618 ], [ 76.816551208500144, 31.186065673602826 ], [ 76.815284728809445, 31.189498901100229 ], [ 76.814529418813891, 31.192378997885477 ], [ 76.812255859429001, 31.198438644108066 ], [ 76.811645507554076, 31.200424194263995 ], [ 76.810745239438006, 31.205265045098233 ], [ 76.810195922750637, 31.207614898917058 ], [ 76.810249328539726, 31.21310043324463 ], [ 76.810104369969437, 31.216041565217349 ], [ 76.811645507554246, 31.218011856126815 ], [ 76.816062927000573, 31.21842002871837 ], [ 76.819976806599584, 31.218595504882359 ], [ 76.823600769058203, 31.219215393167968 ], [ 76.82567596453346, 31.220199585116525 ], [ 76.82831573459373, 31.220964431522734 ], [ 76.829002380453076, 31.223522186111754 ], [ 76.829704284659613, 31.231168747208873 ], [ 76.830284118491193, 31.239503860727996 ], [ 76.83074951134617, 31.241941451954379 ], [ 76.83119201645539, 31.244960784923808 ], [ 76.831817627127293, 31.247838974247038 ], [ 76.832977294790268, 31.251506805184228 ], [ 76.833816528168626, 31.253337859909507 ], [ 76.834922790492172, 31.256172180304162 ], [ 76.836647033639423, 31.258911132993529 ], [ 76.838989257610407, 31.262161254928401 ], [ 76.841712951503126, 31.26450538636119 ], [ 76.844978332684846, 31.266809463789418 ], [ 76.849304199349874, 31.268518448139638 ], [ 76.853317260678963, 31.269842147644052 ], [ 76.861656188673138, 31.270566940045793 ], [ 76.864189148054578, 31.270303726474246 ], [ 76.867263793825686, 31.270118713449779 ], [ 76.869987487718447, 31.269809722588352 ], [ 76.874282836789689, 31.268802642894148 ], [ 76.878318786763657, 31.267606735251448 ], [ 76.88075256351587, 31.266939163113172 ], [ 76.886619567765564, 31.264505386361222 ], [ 76.894989013802984, 31.262804031409463 ], [ 76.896903991461556, 31.26450729382324 ], [ 76.899055480921234, 31.268779754698912 ], [ 76.90071105948256, 31.272840499880367 ], [ 76.900955200232531, 31.275209426520721 ], [ 76.901977539173359, 31.28117370593738 ], [ 76.901100158802919, 31.283405304305273 ], [ 76.900100708057494, 31.286281585716893 ], [ 76.898605346863349, 31.289506911994412 ], [ 76.89498901380324, 31.291923522937235 ], [ 76.892120361340275, 31.292373657444863 ], [ 76.889732360529138, 31.292591094625823 ], [ 76.886650085359591, 31.293157577572071 ], [ 76.883834838685644, 31.29232788105427 ], [ 76.878318786763856, 31.290302276893772 ], [ 76.874725341449476, 31.289506911994398 ], [ 76.869026183965318, 31.288545608690857 ], [ 76.865791320827014, 31.28950881945639 ], [ 76.861656188673322, 31.290662765632618 ], [ 76.858146667191306, 31.294336318955846 ], [ 76.855094909615588, 31.29961967489934 ], [ 76.854286193831044, 31.307151794570338 ], [ 76.856651305997275, 31.311168670373529 ], [ 76.858421325535218, 31.314510345539354 ], [ 76.859069823952666, 31.317092895785638 ], [ 76.86033630364345, 31.322843551596389 ], [ 76.85927581771054, 31.325222015097289 ], [ 76.858215332227232, 31.327737808219648 ], [ 76.856529235622503, 31.331176758103094 ], [ 76.855216979990885, 31.333076476964507 ], [ 76.85331726067956, 31.334611892612834 ], [ 76.849983215361675, 31.339511871622129 ], [ 76.849182128975627, 31.343719482386295 ], [ 76.848144531237992, 31.347846985141256 ], [ 76.850517272802662, 31.350643158094076 ], [ 76.853309631281377, 31.352542876955503 ], [ 76.858306885008645, 31.351186752395396 ], [ 76.863090515130139, 31.349283218609866 ], [ 76.865165710155793, 31.347845077679253 ], [ 76.867332458412307, 31.34519195538504 ], [ 76.869987487719115, 31.343782424586106 ], [ 76.875061034981101, 31.342769622505877 ], [ 76.878318786764325, 31.34214591974585 ], [ 76.881301879754233, 31.342494964611848 ], [ 76.883285522448318, 31.342880249008054 ], [ 76.886650085360031, 31.343208312691122 ], [ 76.896522521990136, 31.346309661581358 ], [ 76.902565002403875, 31.34860801662348 ], [ 76.904975890960742, 31.349493026842012 ], [ 76.908714294395836, 31.350791931138755 ], [ 76.911659240843107, 31.351699829102937 ], [ 76.916267394800613, 31.351575851265974 ], [ 76.919998168837253, 31.351511001604067 ], [ 76.922767639120494, 31.350624084373223 ], [ 76.926330566391542, 31.34784698514131 ], [ 76.928329467882492, 31.346551894869311 ], [ 76.931930542145594, 31.343116759909883 ], [ 76.93350982672257, 31.339513778634593 ], [ 76.934814452955834, 31.337663650638106 ], [ 76.936660766478013, 31.334360122464503 ], [ 76.93885040248017, 31.331178665115566 ], [ 76.942436217946465, 31.328622817988556 ], [ 76.944999694921577, 31.32676696760603 ], [ 76.947952270317785, 31.325799941916372 ], [ 76.953651428251547, 31.322530746260583 ], [ 76.959327697990005, 31.320505142100096 ], [ 76.961669921960834, 31.31855201699987 ], [ 76.964660644349195, 31.317504882851583 ], [ 76.967124938695079, 31.314510345539432 ], [ 76.970001220556469, 31.313051223875487 ], [ 76.972137451219197, 31.312372207864346 ], [ 76.974372863746282, 31.312707900965567 ], [ 76.970649719105765, 31.321842193687427 ], [ 76.967391967772244, 31.324674606170372 ], [ 76.959480285640936, 31.326843261888847 ], [ 76.951087951857915, 31.334037780566639 ], [ 76.938560485921073, 31.336164474368758 ], [ 76.936782836984833, 31.339567184272372 ], [ 76.936203002703763, 31.352521896520742 ], [ 76.927230835089276, 31.362653732247242 ], [ 76.920600890995914, 31.36623573323897 ], [ 76.910163879331279, 31.366407394478852 ], [ 76.892868042069793, 31.360776901131359 ], [ 76.88592529264055, 31.36290168747156 ], [ 76.877906799380767, 31.357976913254504 ], [ 76.875274658269277, 31.358697891181819 ], [ 76.872871398661303, 31.364208221616337 ], [ 76.876785278260499, 31.374708175480148 ], [ 76.869041442894911, 31.385417938025753 ], [ 76.87454986541816, 31.38876724258995 ], [ 76.879470825161178, 31.389839172395668 ], [ 76.884346008063972, 31.400096893421242 ], [ 76.880760193047408, 31.411281585682136 ], [ 76.876564025706188, 31.414978027200707 ], [ 76.869903564468771, 31.417932510508308 ], [ 76.861656188806279, 31.414890289343546 ], [ 76.857002258008535, 31.418199539003883 ], [ 76.850708007896102, 31.428579330404418 ], [ 76.846252441457906, 31.440793991004476 ], [ 76.842887878096548, 31.445764541612117 ], [ 76.837371826174888, 31.44858360276028 ], [ 76.823043823106488, 31.450920104794601 ], [ 76.803306579694507, 31.456401825097366 ], [ 76.79496765125073, 31.454456329395661 ], [ 76.791931152471733, 31.45089721659928 ], [ 76.78259277328236, 31.435235977166915 ], [ 76.778518676765671, 31.430973053151792 ], [ 76.773063659581766, 31.428096771290573 ], [ 76.761627197171606, 31.425155639767524 ], [ 76.753295898575843, 31.425256728959468 ], [ 76.744964599530633, 31.426071167130072 ], [ 76.736076354849132, 31.430633545146254 ], [ 76.731201171946438, 31.4340877533769 ], [ 76.727355956933309, 31.438577651883048 ], [ 76.723907470638906, 31.443466186569974 ], [ 76.718360900673872, 31.454591751105493 ], [ 76.715034484754483, 31.46452140799823 ], [ 76.71162414545249, 31.482995987091901 ], [ 76.703292846407351, 31.505105972516755 ], [ 76.698204040348585, 31.514528274638412 ], [ 76.694953918413518, 31.51878738417911 ], [ 76.686622619368094, 31.517234802272071 ], [ 76.682899475179539, 31.514528274638412 ], [ 76.676780700781336, 31.506193161119278 ], [ 76.677436828597067, 31.497859955062246 ], [ 76.680442810231824, 31.491676330552998 ], [ 76.684471130357636, 31.479042053038935 ], [ 76.686477661246769, 31.46452140799823 ], [ 76.688575744467414, 31.437566757264801 ], [ 76.687728881690546, 31.430082320996906 ], [ 76.682167053378222, 31.427307128777304 ], [ 76.678283691372883, 31.426631927690256 ], [ 76.668624877898978, 31.431184768845899 ], [ 76.662940978762137, 31.439521789377444 ], [ 76.656387329102998, 31.456188201941195 ], [ 76.648475646971718, 31.464523315460237 ], [ 76.626434326131431, 31.479349136438351 ], [ 76.618286132648691, 31.487873077456367 ], [ 76.611610412614482, 31.498340606714056 ], [ 76.603271484170847, 31.508352279527617 ], [ 76.594940185575226, 31.509235382284146 ], [ 76.586608886529675, 31.49614524832592 ], [ 76.570404052794643, 31.48118972757441 ], [ 76.566940307703121, 31.472856521517368 ], [ 76.564682006665038, 31.456186294479195 ], [ 76.560554504359217, 31.447854995884075 ], [ 76.55326843244994, 31.444520950116782 ], [ 76.544929504455865, 31.447351455587345 ], [ 76.532302856339484, 31.460229873851347 ], [ 76.52825927741668, 31.463298797685869 ], [ 76.519927978371399, 31.467109680180965 ], [ 76.511589050377339, 31.46854400618756 ], [ 76.507797241153185, 31.468317031696543 ], [ 76.503257751331944, 31.466062545582925 ], [ 76.50187683111433, 31.464521407998269 ], [ 76.494926452286549, 31.463420868060865 ], [ 76.493049621620258, 31.464521407998269 ], [ 76.490257263141714, 31.468189239385158 ], [ 76.486587524292574, 31.469682693566806 ], [ 76.484001159571818, 31.472856521517404 ], [ 76.482330322213613, 31.476932525495755 ], [ 76.478248596298656, 31.479679107583571 ], [ 76.474029540762217, 31.485305786006947 ], [ 76.469917297253474, 31.487245559772298 ], [ 76.464706420819638, 31.492645263704745 ], [ 76.461585998208292, 31.494211196946761 ], [ 76.453254699612799, 31.50162506116683 ], [ 76.420913696280252, 31.539527893259326 ], [ 76.409896850334761, 31.554515838616993 ], [ 76.396049499368431, 31.582347869720859 ], [ 76.386894226191799, 31.598188400241341 ], [ 76.379470825110985, 31.607437133661033 ], [ 76.367065429549427, 31.62002944925888 ], [ 76.353759765422367, 31.639535903704171 ], [ 76.349121093871389, 31.647871017223231 ], [ 76.348251342449771, 31.651224136261845 ], [ 76.344467163073944, 31.656204223729965 ], [ 76.343200683383301, 31.662845611695701 ], [ 76.34192657474388, 31.664539337249021 ], [ 76.342475890981703, 31.666957855204181 ], [ 76.344894408936938, 31.667730331458518 ], [ 76.346252441408879, 31.665897369271232 ], [ 76.349319457781462, 31.664539337249007 ], [ 76.351081847920781, 31.662395477187964 ], [ 76.353225707982048, 31.662611007806209 ], [ 76.356361388940527, 31.659339904688306 ], [ 76.387672424383624, 31.640644073489558 ], [ 76.411575317092769, 31.616514205840684 ], [ 76.41762542690492, 31.612249374363522 ], [ 76.419914245536333, 31.609291076581492 ], [ 76.422691345218126, 31.608980178707643 ], [ 76.42824554413184, 31.604255676311919 ], [ 76.431327819751203, 31.611452102451732 ], [ 76.430847167649915, 31.622869491589892 ], [ 76.431663512833154, 31.631204605108923 ], [ 76.436149597315165, 31.639963150016413 ], [ 76.444908142223269, 31.644346236944486 ], [ 76.453239440818876, 31.64571762075116 ], [ 76.461585998211362, 31.645912170636151 ], [ 76.47824859630191, 31.64476013192202 ], [ 76.497703552421456, 31.647871017222997 ], [ 76.501701354953724, 31.64943122852857 ], [ 76.503257751335425, 31.650794982936912 ], [ 76.505844116056352, 31.653623580945453 ], [ 76.506988525372165, 31.656206130742127 ], [ 76.501380920219773, 31.664539337248765 ], [ 76.484428405438564, 31.679054260353148 ], [ 76.477409362474788, 31.688699722491421 ], [ 76.468605041176559, 31.704896926826645 ], [ 76.465469360218165, 31.714544296427018 ], [ 76.462028503322443, 31.731657028124783 ], [ 76.45092773444442, 31.772882461662185 ], [ 76.452850341951162, 31.781215667719316 ], [ 76.461585998214275, 31.784902572827097 ], [ 76.473403930546169, 31.784704208467733 ], [ 76.480850219822401, 31.783819198698779 ], [ 76.487129211587614, 31.781759262020554 ], [ 76.497444152877208, 31.775405883733313 ], [ 76.511589050382796, 31.759855270353427 ], [ 76.515220642239711, 31.760923385684823 ], [ 76.519760131611335, 31.764715194908582 ], [ 76.518211364628726, 31.796169281008716 ], [ 76.518905639436923, 31.806219100814413 ], [ 76.519927978377751, 31.809307098369857 ], [ 76.524688720753687, 31.814554214333537 ], [ 76.528259277423132, 31.816217422293168 ], [ 76.538696289087724, 31.816658019940402 ], [ 76.544929504462388, 31.815975189005218 ], [ 76.5527114868204, 31.822889327852554 ], [ 76.554199218616262, 31.831222534359352 ], [ 76.552085876598539, 31.839555740416387 ], [ 76.552841186594264, 31.847888946473418 ], [ 76.560409545796034, 31.856224059992545 ], [ 76.574256896763018, 31.860237121770968 ], [ 76.59493255618267, 31.868772506661738 ], [ 76.603271484176702, 31.871049880970602 ], [ 76.611610412620394, 31.870540618737412 ], [ 76.619941711215887, 31.866588592596123 ], [ 76.628273010261097, 31.858274459810218 ], [ 76.634979247889007, 31.854597091562965 ], [ 76.643188476559303, 31.854469299251548 ], [ 76.651374816584593, 31.856224059992439 ], [ 76.661613464339666, 31.859586715891485 ], [ 76.669944763384876, 31.863603591694673 ], [ 76.680397033846518, 31.872894287030583 ], [ 76.682838439997127, 31.87666892999545 ], [ 76.687622070118678, 31.8812274930876 ], [ 76.684051513449376, 31.889560699594327 ], [ 76.678283691379406, 31.893711090095035 ], [ 76.66994476338526, 31.890550613479331 ], [ 76.661613464340121, 31.890584945547371 ], [ 76.653282165294883, 31.897325515692817 ], [ 76.64424133309457, 31.906229019170524 ], [ 76.629051208452722, 31.914564132689584 ], [ 76.619941711216711, 31.917140960549848 ], [ 76.606216430624812, 31.917501449738413 ], [ 76.599678039312849, 31.919307708806254 ], [ 76.593978881828747, 31.922897338746754 ], [ 76.58660125713854, 31.933847427567876 ], [ 76.578269958542975, 31.932914733946362 ], [ 76.56993103009917, 31.925022125086919 ], [ 76.563842773294795, 31.922897338746804 ], [ 76.561004638425516, 31.922304153580487 ], [ 76.553260803059928, 31.923963546616108 ], [ 76.544715881308278, 31.93101882955942 ], [ 76.526176452551809, 31.939565658772722 ], [ 76.52263641347615, 31.942274093418622 ], [ 76.511581420988165, 31.955089569033152 ], [ 76.503250121942912, 31.95248794551566 ], [ 76.498519897610393, 31.944297790566843 ], [ 76.494125365909724, 31.940355300836341 ], [ 76.488899231128684, 31.937248230009676 ], [ 76.478248596307822, 31.933555602965559 ], [ 76.469917297262612, 31.933097839509099 ], [ 76.461624145659414, 31.939615249637782 ], [ 76.45886230477474, 31.945182800335779 ], [ 76.456069946296338, 31.956232070886934 ], [ 76.453239440825669, 31.961444854782517 ], [ 76.44490814223019, 31.962516784588264 ], [ 76.440414428799627, 31.960729598791659 ], [ 76.435943603564354, 31.95623207088699 ], [ 76.436576843184795, 31.952898025569294 ], [ 76.444152831784308, 31.931228637791751 ], [ 76.44783020003176, 31.925817489536833 ], [ 76.46034240717087, 31.896656036542431 ], [ 76.468551635840782, 31.881225586075594 ], [ 76.471466064244552, 31.872892379568857 ], [ 76.469917297261134, 31.863206863425962 ], [ 76.461585998215853, 31.860282898161753 ], [ 76.458145141769492, 31.861124038552433 ], [ 76.452133178499921, 31.863447189251904 ], [ 76.442512512018553, 31.872892379568928 ], [ 76.43657684318309, 31.877525329633073 ], [ 76.42824554413798, 31.88132286079329 ], [ 76.419906616144004, 31.880691528185167 ], [ 76.416336059474517, 31.876461029225752 ], [ 76.406135559161029, 31.85622215253083 ], [ 76.411170959430606, 31.847888946473685 ], [ 76.415908813610969, 31.843889236479697 ], [ 76.423782348300179, 31.835096359054479 ], [ 76.429534912022731, 31.824180603200737 ], [ 76.428215026542759, 31.814552307321392 ], [ 76.424003600854235, 31.810459137084148 ], [ 76.419914245540781, 31.808092117456116 ], [ 76.411567688148367, 31.808219909767438 ], [ 76.361564635980088, 31.825271606277944 ], [ 76.352897643853524, 31.830890655752583 ], [ 76.349052428840537, 31.835378646796826 ], [ 76.342620849556539, 31.845613479627009 ], [ 76.328231811301606, 31.872192382824835 ], [ 76.321403503298939, 31.882743835465298 ], [ 76.292541503855404, 31.912214279321223 ], [ 76.285507202095076, 31.921855926535493 ], [ 76.282051086402532, 31.931228637792248 ], [ 76.281135559040194, 31.942483902101195 ], [ 76.279479980479138, 31.949165344071396 ], [ 76.275573730278722, 31.953592300377764 ], [ 76.269882202193344, 31.95819854732256 ], [ 76.257003783929392, 31.976688385213208 ], [ 76.251861572081708, 31.981233596970519 ], [ 76.247398376245243, 31.989566803027586 ], [ 76.245147705055899, 31.997901916546741 ], [ 76.243415832510919, 32.014568328660921 ], [ 76.244483947842525, 32.023303985373069 ], [ 76.249160766385813, 32.026954650950628 ], [ 76.253211975156617, 32.028766631954888 ], [ 76.261543273751982, 32.027503967188231 ], [ 76.267593383563778, 32.022907257103967 ], [ 76.270790100159218, 32.015476226624976 ], [ 76.270828247150959, 31.998849868965053 ], [ 76.27313995352786, 31.992826461822901 ], [ 76.276840209970445, 31.988197326682865 ], [ 76.287414550806446, 31.981235503982788 ], [ 76.290695190335128, 31.97704315201549 ], [ 76.292762756411861, 31.972898483451296 ], [ 76.293144225883665, 31.962818145602117 ], [ 76.294883727827681, 31.960365295578928 ], [ 76.296867370521625, 31.958215713581353 ], [ 76.302856445146091, 31.955863952750171 ], [ 76.31155395486654, 31.957693100013334 ], [ 76.31988525391175, 31.962196350304019 ], [ 76.322616577202865, 31.964567184406476 ], [ 76.324234008772194, 31.972898483451178 ], [ 76.321777343825019, 31.98123550398266 ], [ 76.323158264042775, 31.986295699909473 ], [ 76.324371337944527, 31.989568710489376 ], [ 76.333045959469814, 31.99790382400839 ], [ 76.336235046217595, 32.006237030065414 ], [ 76.335678100581703, 32.01456832866053 ], [ 76.333824157661226, 32.022907257103704 ], [ 76.3282241819078, 32.041786193864858 ], [ 76.325981140116809, 32.047904968262522 ], [ 76.324691772230878, 32.051433563465238 ], [ 76.322814941564758, 32.056243896705709 ], [ 76.32188415495564, 32.058235168348396 ], [ 76.319885253914535, 32.061759948627 ], [ 76.318733215200425, 32.06342315658663 ], [ 76.314666748082487, 32.067687988063874 ], [ 76.311553954869737, 32.070415496880479 ], [ 76.30815887436448, 32.072910308819942 ], [ 76.305030822804497, 32.07471847534979 ], [ 76.303222656274542, 32.075698852374337 ], [ 76.299530029230212, 32.077556610218892 ], [ 76.293861389340023, 32.080215454 ], [ 76.29143524153676, 32.081241607864719 ], [ 76.287933349453454, 32.082622528082304 ], [ 76.283660888577728, 32.084129333598767 ], [ 76.275527953892166, 32.086891174483519 ], [ 76.271270751813276, 32.088188171318265 ], [ 76.26914977994744, 32.088848114058109 ], [ 76.266708373796959, 32.089576721383885 ], [ 76.261543273753972, 32.091163635359159 ], [ 76.256431579499917, 32.092792510801097 ], [ 76.250144958336577, 32.094841003606568 ], [ 76.246726989635988, 32.096065521381043 ], [ 76.243942260555883, 32.09698486321804 ], [ 76.24153137199923, 32.097908019979037 ], [ 76.238334655403662, 32.099708557110546 ], [ 76.233558654680905, 32.103263854982949 ], [ 76.230697631616607, 32.10624694842226 ], [ 76.230354309136686, 32.108398437432164 ], [ 76.230346679738389, 32.112438201880366 ], [ 76.230087280191626, 32.114578247017306 ], [ 76.231613158979641, 32.11798477184503 ], [ 76.233573913478452, 32.12291336053643 ], [ 76.234779357981694, 32.124671936201338 ], [ 76.236541748121169, 32.127651214716607 ], [ 76.23784637435439, 32.129936218423921 ], [ 76.240653991629927, 32.135459899743644 ], [ 76.242637634324055, 32.139583587574577 ], [ 76.24505615227956, 32.147914886619276 ], [ 76.244789123334542, 32.156250000138428 ], [ 76.242210388012396, 32.161922454952503 ], [ 76.240638732834071, 32.164581298733481 ], [ 76.238601684351124, 32.166641235411788 ], [ 76.236541748122505, 32.16831207276978 ], [ 76.233955383401806, 32.170337676930309 ], [ 76.228858947495155, 32.173576354992434 ], [ 76.223175048808187, 32.176216125502208 ], [ 76.219871521084173, 32.177692413425063 ], [ 76.217224121176031, 32.178604125863615 ], [ 76.211540222039474, 32.18068313581319 ], [ 76.209426879572106, 32.181251525771856 ], [ 76.204483032083758, 32.182537078733738 ], [ 76.201278686539339, 32.183174133278349 ], [ 76.197235107167131, 32.18361663838764 ], [ 76.194862365602631, 32.183937072672279 ], [ 76.192375183061586, 32.183742523236972 ], [ 76.188766479400101, 32.18349075308862 ], [ 76.184906005590236, 32.18288421613785 ], [ 76.178291320743696, 32.18134689347734 ], [ 76.169860839968777, 32.179389953453139 ], [ 76.167762756298288, 32.179149627627233 ], [ 76.164093017449403, 32.178684234772348 ], [ 76.161529540924022, 32.178405761504628 ], [ 76.158821105828309, 32.178543090676499 ], [ 76.155670166073037, 32.178764343231101 ], [ 76.151260376025562, 32.179321288867321 ], [ 76.144706725917018, 32.181098937803526 ], [ 76.13954925527257, 32.184280395602279 ], [ 76.136749267395828, 32.187389373890902 ], [ 76.134765625151658, 32.189586639291399 ], [ 76.133743286211157, 32.195140838654609 ], [ 76.13352203365659, 32.197921752810558 ], [ 76.13387298598478, 32.200576782117096 ], [ 76.133972167714845, 32.203701019202676 ], [ 76.134254455457111, 32.206253051855271 ], [ 76.134147643879132, 32.20862960834377 ], [ 76.133880614934, 32.211944579940571 ], [ 76.133773803355936, 32.214584350450309 ], [ 76.131622314346274, 32.218017577947649 ], [ 76.128135681060016, 32.222919463969411 ], [ 76.12262725808759, 32.225685119778277 ], [ 76.119857787804577, 32.226943969620805 ], [ 76.116851806619579, 32.228248596303693 ], [ 76.112182617025425, 32.230590820274422 ], [ 76.105590820374545, 32.233669280969465 ], [ 76.103179931817905, 32.235107421900111 ], [ 76.100265502964604, 32.236671447680031 ], [ 76.096405029154965, 32.239589691007865 ], [ 76.094848632773576, 32.24114990231346 ], [ 76.091438293471654, 32.244510650750556 ], [ 76.08809661875577, 32.249504089553582 ], [ 76.086517333729375, 32.253650665130202 ], [ 76.08544921884787, 32.256256103571829 ], [ 76.084510803290087, 32.258262634461026 ], [ 76.083068847435499, 32.261142730796692 ], [ 76.081649780225987, 32.264591217091002 ], [ 76.080116272039845, 32.266521453995836 ], [ 76.078186035135104, 32.269195556573713 ], [ 76.076240539433513, 32.270980834908329 ], [ 76.074317931927155, 32.272930145084473 ], [ 76.071762084800355, 32.274837493794138 ], [ 76.069847106692364, 32.276329040513815 ], [ 76.065292358074714, 32.276710510435635 ], [ 76.061508178699157, 32.276950836261577 ], [ 76.058502197064442, 32.275932311795231 ], [ 76.055511474676393, 32.275264740106671 ], [ 76.053176879654387, 32.274589538569948 ], [ 76.044845581059462, 32.272975921475428 ], [ 76.036506652616467, 32.272136688097234 ], [ 76.030883789117141, 32.27021408059084 ], [ 76.028175354021499, 32.269046783529532 ], [ 76.025177001785295, 32.267585754403612 ], [ 76.019836425578305, 32.263626098863924 ], [ 76.016044616804066, 32.260047912796324 ], [ 76.011497497584642, 32.25512695305364 ], [ 76.009185790758181, 32.256381988421829 ], [ 76.005363464390427, 32.258453368973058 ], [ 76.003166198540427, 32.260253906104552 ], [ 76.001213073440482, 32.262638091991526 ], [ 75.999923706004338, 32.26459121709177 ], [ 75.998695373306077, 32.268455505375918 ], [ 75.997642516771833, 32.272922515686837 ], [ 75.997512817448253, 32.275600433188735 ], [ 75.997695923010824, 32.278392791667152 ], [ 75.997581481584774, 32.281261444130024 ], [ 75.996826171589461, 32.283252716222322 ], [ 75.994834899947179, 32.290126800615539 ], [ 75.991737365531719, 32.294834137202066 ], [ 75.990066528173855, 32.2979278562442 ], [ 75.988601684573666, 32.300025939914676 ], [ 75.986503600903461, 32.303340911961179 ], [ 75.984016418362728, 32.306262969763438 ], [ 75.981643676798527, 32.309734344702612 ], [ 75.978164672910935, 32.314670562792514 ], [ 75.974594116242145, 32.319362640582163 ], [ 75.969825744468636, 32.324069976719031 ], [ 75.966163635018546, 32.327598571921705 ], [ 75.962989807068396, 32.331264495846618 ], [ 75.961494445874493, 32.332733154370956 ], [ 75.958396911459019, 32.336505889873926 ], [ 75.956466674554392, 32.339599609365763 ], [ 75.955123901329159, 32.341564178338807 ], [ 75.953163146830846, 32.344928741250314 ], [ 75.951400756691882, 32.347930908410554 ], [ 75.949348449861972, 32.35245132451054 ], [ 75.947547912730869, 32.356266021929763 ], [ 75.946792602735513, 32.358230590902785 ], [ 75.944824218838818, 32.362182617044098 ], [ 75.943252563660678, 32.364601135448879 ], [ 75.940635681346564, 32.368743896551187 ], [ 75.937950133996949, 32.372932434043996 ], [ 75.936492919795413, 32.37678146353133 ], [ 75.934852600031462, 32.381267547563191 ], [ 75.934471130109827, 32.383289337249273 ], [ 75.933921813872345, 32.38703918455689 ], [ 75.933372497634863, 32.389602661082279 ], [ 75.932960510119514, 32.393123626886556 ], [ 75.93244171147586, 32.397933960127013 ], [ 75.930282592618184, 32.400062560941606 ], [ 75.928153991803867, 32.401371002098934 ], [ 75.925567627083467, 32.403682708925551 ], [ 75.921913147031972, 32.406269073646321 ], [ 75.919815063361654, 32.407611846871667 ], [ 75.916442871052283, 32.411235809330037 ], [ 75.913482665808644, 32.414600372241473 ], [ 75.911483764767794, 32.417083740308165 ], [ 75.908882141250672, 32.420337677167119 ], [ 75.906677246002403, 32.422939300684746 ], [ 75.905204773003888, 32.424991607514947 ], [ 75.903152465724347, 32.427436828589407 ], [ 75.900382995441745, 32.431274414203912 ], [ 75.89482116668097, 32.437896728448827 ], [ 75.893394470073034, 32.439605712799057 ], [ 75.890136718740223, 32.44326782224956 ], [ 75.88650512688416, 32.447940826318323 ], [ 75.883293151942027, 32.453086853090028 ], [ 75.881240844662571, 32.456272125363128 ], [ 75.880271911511102, 32.458404541101714 ], [ 75.878143310696956, 32.461677551231972 ], [ 75.875701904097284, 32.464603423958252 ], [ 75.874855041320956, 32.469654083024736 ], [ 75.873359680127322, 32.472942352401475 ], [ 75.875679015902691, 32.475414276145557 ], [ 75.87814331069788, 32.476749419972492 ], [ 75.88204193105004, 32.4812736509964 ], [ 75.884284973290718, 32.483470916846535 ], [ 75.886474609292748, 32.486827850359553 ], [ 75.887077331319588, 32.489009857412817 ], [ 75.887153625304521, 32.497947692958668 ], [ 75.886474609293558, 32.499931335652597 ], [ 75.884063720737558, 32.506278991553771 ], [ 75.881668090978195, 32.509803771832409 ], [ 75.880683899029862, 32.512073516742845 ], [ 75.87940216054271, 32.514614105072916 ], [ 75.878143310700423, 32.517810821668462 ], [ 75.87633514372132, 32.522945404117685 ], [ 75.87599945064008, 32.525089263729136 ], [ 75.875175476058899, 32.528316497918389 ], [ 75.874824523731135, 32.53128051763688 ], [ 75.87503814688742, 32.534393310399906 ], [ 75.875099182075118, 32.536575317453178 ], [ 75.875297546434552, 32.539615631155947 ], [ 75.875793456883343, 32.541969299449185 ], [ 75.877082824769502, 32.546886444267798 ], [ 75.878143310702427, 32.549766540603343 ], [ 75.880325317306202, 32.556282043270073 ], [ 75.88181304910195, 32.560947418389901 ], [ 75.883277893152012, 32.564617156789097 ], [ 75.883880615178882, 32.567218780756384 ], [ 75.885940551857303, 32.572414398393036 ], [ 75.886474609298148, 32.574409484959745 ], [ 75.887504577637529, 32.580257415937801 ], [ 75.888488769586175, 32.583297729640641 ], [ 75.889022827027219, 32.58707427961793 ], [ 75.890449523635283, 32.58961486794793 ], [ 75.891075134307158, 32.593353271382767 ], [ 75.89481353774184, 32.596885681059753 ], [ 75.895744323451709, 32.598884582550475 ], [ 75.894813537742195, 32.602745056360291 ], [ 75.89308166474693, 32.599681854462311 ], [ 75.889236450184185, 32.600715637275854 ], [ 75.886474609299725, 32.599971771153236 ], [ 75.882141113236983, 32.597953796391245 ], [ 75.879882812649157, 32.596214294447272 ], [ 75.874168395919298, 32.59359359720893 ], [ 75.869812011661239, 32.591545104853154 ], [ 75.866348266570398, 32.58961486794832 ], [ 75.863334655537528, 32.587760925477525 ], [ 75.861480712617151, 32.586765289206518 ], [ 75.85833740226056, 32.584423065235789 ], [ 75.85313415522576, 32.579952240000935 ], [ 75.849174499686313, 32.57691192629823 ], [ 75.844802856631333, 32.573757171619022 ], [ 75.842155456723404, 32.572948455834585 ], [ 75.837776183820523, 32.571643829151803 ], [ 75.834602355870288, 32.571086883515754 ], [ 75.830200195221821, 32.570884704682058 ], [ 75.828140258543769, 32.570579528744688 ], [ 75.824195861801215, 32.568557739058669 ], [ 75.821823120236914, 32.566638946476282 ], [ 75.819801330550987, 32.56509780889165 ], [ 75.818557739055734, 32.563365936346109 ], [ 75.816139221100698, 32.559944152721606 ], [ 75.811470031506701, 32.555130005006788 ], [ 75.807266235217327, 32.552143097093136 ], [ 75.803131103514019, 32.549957275565582 ], [ 75.798797607451334, 32.547950744676399 ], [ 75.794799804470202, 32.545978546304994 ], [ 75.790962219305797, 32.543453216771844 ], [ 75.786460876477605, 32.541381835771141 ], [ 75.780242919901028, 32.539611816233553 ], [ 75.778129577433958, 32.53905487059739 ], [ 75.769798278840199, 32.538986206011714 ], [ 75.767517090057311, 32.539611816233787 ], [ 75.761459350398525, 32.541255950922306 ], [ 75.758857726881402, 32.542213439751478 ], [ 75.756477355919017, 32.542964935272629 ], [ 75.753120422406624, 32.544414520076195 ], [ 75.750350952124009, 32.5451736449957 ], [ 75.746101379444482, 32.546638488596088 ], [ 75.743942260586962, 32.547103881900739 ], [ 75.736457824769985, 32.54757308967983 ], [ 75.729057311885967, 32.547008514645434 ], [ 75.7268829346812, 32.546710968106431 ], [ 75.722450256439103, 32.545288085972793 ], [ 75.719787597734552, 32.544822692668333 ], [ 75.715202331523827, 32.54419708244631 ], [ 75.711448669292878, 32.543800354177485 ], [ 75.703117370699474, 32.544071197597276 ], [ 75.699981689292102, 32.544811248795888 ], [ 75.696769714350097, 32.545955658111637 ], [ 75.694778442258169, 32.546527862544679 ], [ 75.691612243706757, 32.547946929754453 ], [ 75.686447143665021, 32.549831390268878 ], [ 75.681846618657787, 32.551689148113539 ], [ 75.678115844622468, 32.553852081445989 ], [ 75.674064636302532, 32.556285858198045 ], [ 75.671287536621662, 32.557792663714672 ], [ 75.669784546029689, 32.559226989721296 ], [ 75.666564941239713, 32.561405181850631 ], [ 75.66262054449804, 32.565795898626959 ], [ 75.661437988190656, 32.567733764480565 ], [ 75.658554077381524, 32.570068359502656 ], [ 75.653106689598161, 32.574935913006726 ], [ 75.646255493401796, 32.57443237315983 ], [ 75.643753051614851, 32.573974609253725 ], [ 75.640640258852386, 32.572948455838755 ], [ 75.636436462563466, 32.570735931191805 ], [ 75.632415771387457, 32.568923950187639 ], [ 75.628097534122048, 32.566551208623252 ], [ 75.626083373834845, 32.566631317082013 ], [ 75.620620727703866, 32.565464020020819 ], [ 75.616928100660829, 32.567455291663613 ], [ 75.614624023683092, 32.569755554167905 ], [ 75.612251281669913, 32.573772430420775 ], [ 75.611122131152086, 32.581592559770449 ], [ 75.609481811389003, 32.589618682877834 ], [ 75.607360839974248, 32.597949981472972 ], [ 75.605300903296708, 32.600154876721554 ], [ 75.603096008498625, 32.602813720952284 ], [ 75.601112365805392, 32.604301452747976 ], [ 75.598747253190595, 32.606285094992295 ], [ 75.594764709456811, 32.608058929454224 ], [ 75.592567444056996, 32.608486175766672 ], [ 75.58916473415438, 32.609024047682041 ], [ 75.586433410414585, 32.6095962525647 ], [ 75.583442688027276, 32.609272003356146 ], [ 75.58087158210418, 32.609066009598429 ], [ 75.578094482423438, 32.608783721856433 ], [ 75.569755554432362, 32.608898162833192 ], [ 75.565017700253676, 32.609878539857789 ], [ 75.561424255390406, 32.610652923574257 ], [ 75.558815002475328, 32.612014770520659 ], [ 75.554855346937075, 32.614620208962336 ], [ 75.553092956348834, 32.615756988430014 ], [ 75.548828124873225, 32.618694305478869 ], [ 75.544754028358568, 32.621372222980902 ], [ 75.542190551834096, 32.6229553224819 ], [ 75.536415100368117, 32.625247955138171 ], [ 75.53339385993776, 32.625972747989707 ], [ 75.528083801326488, 32.627258300951738 ], [ 75.525024414353538, 32.628231048577845 ], [ 75.521102905357793, 32.629932403529843 ], [ 75.518203735302464, 32.631286621077734 ], [ 75.513870239241086, 32.633743286025194 ], [ 75.511413574294878, 32.635852813568505 ], [ 75.509307861227015, 32.637512207053888 ], [ 75.507263183796155, 32.639621734597284 ], [ 75.505256652907931, 32.64179611225218 ], [ 75.503082275254101, 32.644405365168225 ], [ 75.500732421885942, 32.645610809221793 ], [ 75.496223449660789, 32.647953033642423 ], [ 75.494186401178567, 32.648521423151465 ], [ 75.486412048222306, 32.646450042600534 ], [ 75.484390258986608, 32.645938873355092 ], [ 75.481071472017291, 32.644962310805063 ], [ 75.478073120231841, 32.644279479870008 ], [ 75.469741821190183, 32.643348693710848 ], [ 75.465278625355481, 32.643489837806882 ], [ 75.461410522598499, 32.643661499047006 ], [ 75.457717895555788, 32.643310546719128 ], [ 75.453071594158615, 32.642726898413429 ], [ 75.450653076204446, 32.64204025255431 ], [ 75.445487976163506, 32.640377044594871 ], [ 75.443016052420262, 32.639621734599515 ], [ 75.438827514928875, 32.63719940172048 ], [ 75.436401367126535, 32.635845184172766 ], [ 75.433044433614867, 32.634643554593751 ], [ 75.428070068534723, 32.632904052649913 ], [ 75.422050476319413, 32.633605956856563 ], [ 75.419731140095351, 32.633968353057519 ], [ 75.416717529513335, 32.634307861512859 ], [ 75.414451599078347, 32.634338379106723 ], [ 75.411399841504149, 32.634769439893553 ], [ 75.407073974841595, 32.635612487746428 ], [ 75.403060913065019, 32.636543273906021 ], [ 75.399902343912501, 32.634445190685369 ], [ 75.396026611307306, 32.631286621082118 ], [ 75.397071838442557, 32.628940582187248 ], [ 75.398399352870072, 32.626632690284609 ], [ 75.399421691809835, 32.622955322486881 ], [ 75.401817322018061, 32.621707916517053 ], [ 75.406005859508696, 32.620018005437899 ], [ 75.40796661400644, 32.619514465590747 ], [ 75.411399841501989, 32.617885589699014 ], [ 75.413299560362475, 32.616516113354336 ], [ 75.41457366945076, 32.614616394043061 ], [ 75.418121337922912, 32.613002776948299 ], [ 75.423210143978793, 32.609760284411564 ], [ 75.426406860572513, 32.606281280523504 ], [ 75.428070068531269, 32.605136871207769 ], [ 75.432373046998464, 32.602252960397514 ], [ 75.436401367122016, 32.598995208614326 ], [ 75.442123413247955, 32.595340729011774 ], [ 75.444732666162665, 32.59390258808105 ], [ 75.447616577420987, 32.592491149819992 ], [ 75.453079223550674, 32.589492798033284 ], [ 75.458114624267466, 32.586326599031246 ], [ 75.461410522591478, 32.584346771261302 ], [ 75.463157653933095, 32.583034515179911 ], [ 75.464973449860565, 32.581283569363052 ], [ 75.466621399022301, 32.578155517803062 ], [ 75.469474792686484, 32.572952270318133 ], [ 75.466011047596169, 32.568351745759557 ], [ 75.461608886948426, 32.564617156799201 ], [ 75.457138061715227, 32.564613342325018 ], [ 75.453079223547732, 32.564716338979196 ], [ 75.447090148926151, 32.566963195694527 ], [ 75.444732666159481, 32.567531585653263 ], [ 75.440818786562446, 32.569023132373061 ], [ 75.434585571191079, 32.571132659916628 ], [ 75.427513122441809, 32.573501587006959 ], [ 75.42185974135127, 32.575073242185624 ], [ 75.419731140088018, 32.575428008988126 ], [ 75.411399841496888, 32.577629089312978 ], [ 75.4086532594104, 32.578536987277275 ], [ 75.403907775834142, 32.580448150461436 ], [ 75.397613525275716, 32.584163665701119 ], [ 75.394729614467266, 32.585906982569362 ], [ 75.387344360382826, 32.589618682885131 ], [ 75.385284423705713, 32.590728759683088 ], [ 75.381179809597896, 32.592739105046881 ], [ 75.378059387438, 32.593940735075748 ], [ 75.369728088397821, 32.597717285053491 ], [ 75.364646911740664, 32.601203918340175 ], [ 75.359451294107032, 32.604343414222804 ], [ 75.355911255033675, 32.606285095000651 ], [ 75.353050231971082, 32.60889053344242 ], [ 75.348419189371612, 32.610919952527155 ], [ 75.34287261985979, 32.612770080523902 ], [ 75.336387634340753, 32.613960266230457 ], [ 75.33434295691022, 32.614616394046372 ], [ 75.330368042126395, 32.616928100423564 ], [ 75.328056335301056, 32.617633819554193 ], [ 75.324859619157266, 32.619762420818489 ], [ 75.321273803693416, 32.621402740583058 ], [ 75.319320679044097, 32.622554779297261 ], [ 75.318069458151356, 32.624595642254725 ], [ 75.316856384250997, 32.62842178354672 ], [ 75.31450653088352, 32.631282806611267 ], [ 75.316970825228267, 32.634037017647763 ], [ 75.319717407314741, 32.635379791322663 ], [ 75.324104309164539, 32.635669708462984 ], [ 75.328056335303685, 32.635917663687152 ], [ 75.332191467454763, 32.63542556771268 ], [ 75.336387634343708, 32.634883880873197 ], [ 75.339485168757889, 32.63438415550042 ], [ 75.342658996706575, 32.633350372237096 ], [ 75.344718933383717, 32.632907867577323 ], [ 75.352989196786723, 32.631351470745798 ], [ 75.361396789811849, 32.633789062421442 ], [ 75.364433288589424, 32.636577606425419 ], [ 75.366119384743868, 32.639621734602549 ], [ 75.363594055212317, 32.641819000452756 ], [ 75.361396789813355, 32.644798278968153 ], [ 75.359405517722436, 32.647953033647624 ], [ 75.35559082030565, 32.650485992579391 ], [ 75.353050231977136, 32.652652740386301 ], [ 75.350921631163914, 32.65415191650451 ], [ 75.348709106518399, 32.656288147167203 ], [ 75.34471893338727, 32.658214569148271 ], [ 75.340293884545588, 32.66019821184242 ], [ 75.334869384959248, 32.663112640246368 ], [ 75.333038330235198, 32.664627075161455 ], [ 75.328056335308133, 32.666904449470579 ], [ 75.324256897137971, 32.669166564982746 ], [ 75.320587158291559, 32.672080993836403 ], [ 75.314002990593536, 32.675586700394412 ], [ 75.311378479332134, 32.677139282301681 ], [ 75.308311462511938, 32.678222656430037 ], [ 75.304542541485873, 32.679794311608667 ], [ 75.302307129094658, 32.680549621604229 ], [ 75.299819946555161, 32.681289672802897 ], [ 75.295425415307349, 32.682006835806405 ], [ 75.288444519340516, 32.683361053354645 ], [ 75.286376953265133, 32.683952331508657 ], [ 75.282745361410832, 32.684928894058878 ], [ 75.27804565422592, 32.686389923185089 ], [ 75.275466919355068, 32.687046051001026 ], [ 75.269149780602461, 32.689624786323641 ], [ 75.262756347865306, 32.691009521465553 ], [ 75.258857727066086, 32.692138671984544 ], [ 75.255943298664363, 32.692531585779371 ], [ 75.253036499211404, 32.693405151225896 ], [ 75.249626159911784, 32.694545746067334 ], [ 75.245315552047302, 32.69734954841887 ], [ 75.238685607959411, 32.700271606671066 ], [ 75.236373901584344, 32.702438354478005 ], [ 75.234123230396648, 32.704040527250278 ], [ 75.232719421535506, 32.706291198889488 ], [ 75.22991943366091, 32.708179473878303 ], [ 75.228034973148311, 32.71048355085707 ], [ 75.225654602187362, 32.712242126522142 ], [ 75.223899841448173, 32.714630126883627 ], [ 75.221504211690373, 32.716434478939284 ], [ 75.219703674560535, 32.718681335654509 ], [ 75.217468262169788, 32.720729828010491 ], [ 75.2158889771448, 32.722961425928794 ], [ 75.213241577238932, 32.724838257044816 ], [ 75.21136474612473, 32.726551055869592 ], [ 75.208709716820479, 32.728637695217742 ], [ 75.206260681273903, 32.731296539448572 ], [ 75.204261780234361, 32.732524871697507 ], [ 75.199653625831758, 32.736255645734104 ], [ 75.196807861566938, 32.739627838044235 ], [ 75.194694519101546, 32.741539001677964 ], [ 75.191337585591597, 32.744602203576292 ], [ 75.188728332678224, 32.747966766487977 ], [ 75.186363220514437, 32.750282287789148 ], [ 75.182998657606035, 32.752933502172006 ], [ 75.179718017630947, 32.756294250609301 ], [ 75.178024292079101, 32.757575988647268 ], [ 75.174026489550869, 32.760635376071214 ], [ 75.169685364093667, 32.765319824013012 ], [ 75.16611480742813, 32.769390106055191 ], [ 75.1640472413537, 32.77296447764865 ], [ 75.163146972789022, 32.774753570457662 ], [ 75.161354065058347, 32.779582977419288 ], [ 75.159217834848974, 32.789630889763252 ], [ 75.159172058458822, 32.791812896816545 ], [ 75.159767151087522, 32.796379089307173 ], [ 75.159957886048801, 32.799365997220839 ], [ 75.161354065062412, 32.80151367175624 ], [ 75.163009644072488, 32.804649353164208 ], [ 75.164985656916969, 32.806297302326932 ], [ 75.167282104495712, 32.80871200580755 ], [ 75.169685364101852, 32.810009002642147 ], [ 75.173362732346391, 32.810966491920723 ], [ 75.178024292088921, 32.811874389884629 ], [ 75.182823181452633, 32.811107635566337 ], [ 75.186363220525195, 32.810405731359708 ], [ 75.189483642684024, 32.809421539411041 ], [ 75.194602966331786, 32.806396484504738 ], [ 75.200904846286747, 32.804183959857369 ], [ 75.20303344754906, 32.802524566821617 ], [ 75.206558227824814, 32.801494598482257 ], [ 75.211250305610236, 32.798080444255838 ], [ 75.219696045175866, 32.799575805899138 ], [ 75.222267151098507, 32.803730010873984 ], [ 75.223197937257709, 32.806301116797776 ], [ 75.222976684703838, 32.809581756776169 ], [ 75.222785949743937, 32.814636230317028 ], [ 75.222854614330359, 32.81779479992035 ], [ 75.222763061549514, 32.819904327463703 ], [ 75.222839355534347, 32.822971343836166 ], [ 75.224746704243074, 32.826251983814437 ], [ 75.228225708129429, 32.831493377841554 ], [ 75.228607178052101, 32.838287353776089 ], [ 75.228721619028875, 32.840332031207829 ], [ 75.225059509581897, 32.844997405878338 ], [ 75.223411560420885, 32.847972869919303 ], [ 75.221382141338154, 32.849658966074408 ], [ 75.219696045184804, 32.851741790948083 ], [ 75.216835022122908, 32.85344696037447 ], [ 75.213180542074156, 32.856307983439137 ], [ 75.211364746147396, 32.857700347979197 ], [ 75.209083557366, 32.858585357748275 ], [ 75.206184387311893, 32.85945892319485 ], [ 75.20302581816091, 32.861103057883362 ], [ 75.2011642458437, 32.862773895241659 ], [ 75.199783325627536, 32.864639282484752 ], [ 75.197319030834592, 32.867267608672201 ], [ 75.194183349879822, 32.873485565249844 ], [ 75.192420959743288, 32.881305694599561 ], [ 75.190223694345363, 32.885780334308997 ], [ 75.188514709547604, 32.889644623042962 ], [ 75.186355591141535, 32.892486572386638 ], [ 75.183784485220329, 32.895408630638656 ], [ 75.181930542301785, 32.897975921638597 ], [ 75.179740905852185, 32.899692535387402 ], [ 75.178024292105235, 32.901237487896239 ], [ 75.1751861576886, 32.903472900289053 ], [ 75.172470093197234, 32.906311035158339 ], [ 75.169685364120127, 32.909046172923908 ], [ 75.166725158879075, 32.911678314035427 ], [ 75.16441345250459, 32.91464233420367 ], [ 75.163192749205948, 32.916481018327396 ], [ 75.161354065084524, 32.919868469434391 ], [ 75.159400939986185, 32.921020507698969 ], [ 75.156471252788506, 32.922977447723355 ], [ 75.154350280924803, 32.92430877707605 ], [ 75.151512146507912, 32.92448806771467 ], [ 75.145240784146864, 32.923530578885874 ], [ 75.139038086371286, 32.920288085900133 ], [ 75.136344910074513, 32.918125152567939 ], [ 75.133453369418888, 32.917541503812672 ], [ 75.127174377659344, 32.915489196982904 ], [ 75.123016357764598, 32.917976379524212 ], [ 75.119682312450749, 32.921756744425892 ], [ 75.114486694819817, 32.926120758083094 ], [ 75.111351013415145, 32.928180694761636 ], [ 75.108726501704908, 32.928695678931454 ], [ 75.105651855936955, 32.928672790736336 ], [ 75.103012085429825, 32.929039001411731 ], [ 75.10086059597235, 32.929157257312525 ], [ 75.096633911491523, 32.929355621222484 ], [ 75.093429565500813, 32.930068969751602 ], [ 75.091339111680824, 32.931316375721586 ], [ 75.086341858409099, 32.934486389198085 ], [ 75.082733154751651, 32.936038971105603 ], [ 75.080535888903924, 32.937114715835506 ], [ 75.078010559373581, 32.938293457219515 ], [ 75.069671631388189, 32.936576843471457 ], [ 75.066925049302739, 32.934055328412832 ], [ 75.064178467217118, 32.931312561249221 ], [ 75.063041687300696, 32.929611206297508 ], [ 75.06134033235017, 32.927158355824638 ], [ 75.05967712439174, 32.924640655689956 ], [ 75.058258057183153, 32.92297744773041 ], [ 75.055625916074064, 32.920352936017821 ], [ 75.053009033312307, 32.918354034527162 ], [ 75.051208496632, 32.916442871343307 ], [ 75.049644470853266, 32.914646148686337 ], [ 75.047790527484338, 32.911518097126432 ], [ 75.046340942681724, 32.907985687449461 ], [ 75.045745850053407, 32.905231475963205 ], [ 75.046989441096613, 32.900299072347615 ], [ 75.047340393423823, 32.89797592164809 ], [ 75.050354004453126, 32.895320892341182 ], [ 75.053009033306708, 32.89273452762022 ], [ 75.054718018104523, 32.891345978004161 ], [ 75.056030273734422, 32.889640808128156 ], [ 75.059135437544967, 32.887435913328964 ], [ 75.06134033234126, 32.885814666835699 ], [ 75.063911438262011, 32.883876800532235 ], [ 75.066184997643887, 32.881305694608201 ], [ 75.068054199808756, 32.879688263039007 ], [ 75.069671631375769, 32.878376006957552 ], [ 75.072517395190189, 32.875820159830376 ], [ 75.074867249006147, 32.872970581088303 ], [ 75.07647705117472, 32.871444702300394 ], [ 75.081069946779365, 32.867698669466719 ], [ 75.084266662921422, 32.864639282492469 ], [ 75.09053802528085, 32.860504150338528 ], [ 75.095817566294627, 32.857440948440008 ], [ 75.097473144854007, 32.856307983446676 ], [ 75.101066589714705, 32.854358673270177 ], [ 75.106674194861014, 32.85162734997882 ], [ 75.109169006797828, 32.850154876530304 ], [ 75.111351013399243, 32.848926544281234 ], [ 75.117424011400075, 32.845718383812468 ], [ 75.123023987148144, 32.842983246046693 ], [ 75.128097534404716, 32.839717864864852 ], [ 75.133239746247071, 32.836528778117064 ], [ 75.137969971023963, 32.832912445056841 ], [ 75.139419555825882, 32.831302642886129 ], [ 75.141685486259419, 32.828304290649754 ], [ 75.144638061651762, 32.822967529366636 ], [ 75.145431519086912, 32.815380096444429 ], [ 75.144691467438932, 32.813438415666688 ], [ 75.141830444825857, 32.809158325392794 ], [ 75.138442993271823, 32.806301116802977 ], [ 75.13635253945111, 32.805248260718386 ], [ 75.130325317389975, 32.803993225350609 ], [ 75.128013611014964, 32.803695678811692 ], [ 75.126029968322925, 32.804321289033957 ], [ 75.119682312427926, 32.806503296087676 ], [ 75.114738464495048, 32.809692382835458 ], [ 75.109825134605714, 32.813110351536366 ], [ 75.108131409054167, 32.814636230324282 ], [ 75.105567932531699, 32.817188262976991 ], [ 75.103012085407585, 32.819404602098587 ], [ 75.10107421910638, 32.821029663066227 ], [ 75.098876953258682, 32.822967529369741 ], [ 75.096778870040339, 32.82506561304038 ], [ 75.094680786372166, 32.826503753521465 ], [ 75.091873169099856, 32.828495025614075 ], [ 75.086341858387883, 32.832355499424317 ], [ 75.082153320899764, 32.83545303339087 ], [ 75.078010559352506, 32.838069915705624 ], [ 75.075744629368671, 32.839637756409836 ], [ 75.072479248191044, 32.842441558761386 ], [ 75.069671631368507, 32.844120025518144 ], [ 75.067428589130444, 32.845726013214502 ], [ 75.064163208402377, 32.847969055455529 ], [ 75.061340332333643, 32.85036468521551 ], [ 75.05831909190583, 32.853279113619543 ], [ 75.054809570428418, 32.856300354051392 ], [ 75.053009033299176, 32.858062744190796 ], [ 75.049613953247842, 32.861255645862613 ], [ 75.044609070128473, 32.86463928249546 ], [ 75.04003143332109, 32.868335724014443 ], [ 75.034736633511145, 32.871379852192 ], [ 75.032058716012443, 32.872974396015628 ], [ 75.030120850161452, 32.875099182356024 ], [ 75.027999878298331, 32.876586914151851 ], [ 75.025741577713404, 32.879051208497721 ], [ 75.023254394725967, 32.881305694611576 ], [ 75.021797180526136, 32.883438110350298 ], [ 75.019668579264774, 32.885181427218527 ], [ 75.017539978453144, 32.887512206866958 ], [ 75.015075684110641, 32.889640808131425 ], [ 75.013328552770716, 32.891639709622424 ], [ 75.011329651282452, 32.892913818262009 ], [ 75.008705139573081, 32.895347595463903 ], [ 75.005104065314939, 32.897975921651529 ], [ 75.00299835224871, 32.899421691980692 ], [ 74.997604370709595, 32.903354644851262 ], [ 74.993377685780658, 32.906311035171697 ], [ 74.989555359417992, 32.909538268911717 ], [ 74.983673096380073, 32.914646148691816 ], [ 74.981178283994723, 32.917831420965058 ], [ 74.977066040492488, 32.922977447737161 ], [ 74.976043701553493, 32.924922942989383 ], [ 74.974540710963538, 32.927856445563933 ], [ 74.972640991655609, 32.931312561256831 ], [ 74.971908569856865, 32.933559417972099 ], [ 74.969657898221797, 32.938682556099025 ], [ 74.968627930334108, 32.940673828191514 ], [ 74.966743469823243, 32.945068359442402 ], [ 74.96512603825694, 32.947982788295967 ], [ 74.963737488193686, 32.95039749132718 ], [ 74.959991455366293, 32.954990386937489 ], [ 74.958312988612235, 32.956314086891759 ], [ 74.955177307658445, 32.958511352742256 ], [ 74.952987671209968, 32.960151672506761 ], [ 74.949851990255993, 32.961517333927745 ], [ 74.943855286241714, 32.963855743424702 ], [ 74.937423706516782, 32.964649200413007 ], [ 74.934501648268849, 32.964649200413284 ], [ 74.926948547874488, 32.963615417600408 ], [ 74.922393799262466, 32.961910247724944 ], [ 74.919654846576222, 32.959510803041411 ], [ 74.917892456438906, 32.958068847636525 ], [ 74.915969848933671, 32.952629089250017 ], [ 74.914566040521564, 32.947982788300756 ], [ 74.913452149250233, 32.94583892823978 ], [ 74.911308289191453, 32.943126678669849 ], [ 74.908836365451322, 32.945507049633065 ], [ 74.904617310371336, 32.947982788301736 ], [ 74.90297699016017, 32.950275421407703 ], [ 74.902145386183378, 32.957141876402652 ], [ 74.90275573805944, 32.964649200416403 ], [ 74.905105591426945, 32.970848083722338 ], [ 74.90537262037239, 32.972980499460995 ], [ 74.905220032404472, 32.97522354125212 ], [ 74.905715942853391, 32.978576660290742 ], [ 74.905593872479315, 32.981315612980175 ], [ 74.905296326390982, 32.9836349487557 ], [ 74.905303955790416, 32.987323760875888 ], [ 74.904533386550554, 32.991203307957043 ], [ 74.902976990173173, 32.998592376969754 ], [ 74.900810242371676, 33.006320953538456 ], [ 74.900177002303181, 33.009113312016964 ], [ 74.8994903568952, 33.011161804372904 ], [ 74.898902893667113, 33.014652252133821 ], [ 74.897834778338662, 33.019790649507229 ], [ 74.896171570382762, 33.024509429966777 ], [ 74.894645691598058, 33.027641296451016 ], [ 74.892204285002535, 33.031318664698581 ], [ 74.889198303822781, 33.034210204907474 ], [ 74.885658264754042, 33.039657592692997 ], [ 74.881660461779731, 33.044303894092437 ], [ 74.879470825782008, 33.047988891738427 ], [ 74.877967835193857, 33.05552673334617 ], [ 74.877967835194497, 33.057796478256648 ], [ 74.878494263237897, 33.064140319683474 ], [ 74.879707337139664, 33.071258544826605 ], [ 74.879653931351669, 33.074661254730295 ], [ 74.877914429412172, 33.081325530891583 ], [ 74.873207092834306, 33.086090088191746 ], [ 74.870361328572159, 33.089660644411616 ], [ 74.867195130025721, 33.092102051012098 ], [ 74.865173340343077, 33.093524932696475 ], [ 74.861305237591665, 33.097263336131796 ], [ 74.856079102370657, 33.10110092174682 ], [ 74.851409912784916, 33.104770660596301 ], [ 74.849540711070929, 33.106327056978117 ], [ 74.8465347294417, 33.10822296136557 ], [ 74.844635010583644, 33.109489441056461 ], [ 74.841423035197025, 33.111450195555456 ], [ 74.837097168540453, 33.114662170498846 ], [ 74.832061768280425, 33.118755340736676 ], [ 74.827507019671557, 33.122993469095164 ], [ 74.820930481831027, 33.131332397539275 ], [ 74.819625855151486, 33.13486862169087 ], [ 74.817604065919383, 33.137638091974331 ], [ 74.816276551044155, 33.139663696135031 ], [ 74.81505584774736, 33.143421173290996 ], [ 74.8136062629478, 33.147994995180248 ], [ 74.813461304380411, 33.156330108699478 ], [ 74.814933777378059, 33.161022186489014 ], [ 74.816635132777705, 33.164669037142424 ], [ 74.818046570587015, 33.166244506795081 ], [ 74.819625855161505, 33.167526245282446 ], [ 74.823348999793325, 33.168388366855602 ], [ 74.827964783591071, 33.169528961246719 ], [ 74.830825806649955, 33.167533874679549 ], [ 74.832496643554762, 33.164665222216506 ], [ 74.834396362862137, 33.162765502905138 ], [ 74.83630371156795, 33.160915374908377 ], [ 74.83875274756177, 33.158786773643804 ], [ 74.840667725216193, 33.156330108696231 ], [ 74.844635010596946, 33.15442275998619 ], [ 74.846755982009526, 33.154209136829706 ], [ 74.850517273633386, 33.153881073146209 ], [ 74.852966309178186, 33.153625488523204 ], [ 74.855087281040724, 33.154209136828747 ], [ 74.858947754844962, 33.156330108694135 ], [ 74.856536865843907, 33.161098480468482 ], [ 74.855445862320067, 33.164669037137863 ], [ 74.852966309182563, 33.168525696023892 ], [ 74.850326538677749, 33.170352935825392 ], [ 74.848426819370431, 33.17300033573386 ], [ 74.845886231044929, 33.174251556628001 ], [ 74.841537476192698, 33.176097870150628 ], [ 74.839508057561176, 33.176204681279252 ], [ 74.836303711573109, 33.17806243912429 ], [ 74.833641052872764, 33.178684234872314 ], [ 74.831825256948235, 33.18133163478069 ], [ 74.829391480200812, 33.182762145863578 ], [ 74.82795715419735, 33.185054778969459 ], [ 74.825920105718652, 33.187625884893585 ], [ 74.825042725350357, 33.189666748300802 ], [ 74.823181153035662, 33.193218231249375 ], [ 74.822311402065836, 33.195312499995943 ], [ 74.821098328616756, 33.198001861820501 ], [ 74.819625855173115, 33.20525741568612 ], [ 74.815933228134284, 33.201698303339775 ], [ 74.811294556591008, 33.200088501169724 ], [ 74.810409546823053, 33.198005676296233 ], [ 74.806930542939924, 33.194030761959958 ], [ 74.802963257558289, 33.191493988104703 ], [ 74.800842286145382, 33.189666748303779 ], [ 74.79788208090558, 33.186412811445074 ], [ 74.794624329577402, 33.184211731120961 ], [ 74.793090820943831, 33.182865142971693 ], [ 74.7905273444226, 33.181335449260182 ], [ 74.791221619676321, 33.172996521266441 ], [ 74.792610169289176, 33.170986175452938 ], [ 74.795417786557678, 33.165454864734286 ], [ 74.796302796324156, 33.162929534751292 ], [ 74.797584534358563, 33.159282684547101 ], [ 74.798217773976972, 33.156330108701354 ], [ 74.799003602013244, 33.152374267635871 ], [ 74.799781800201274, 33.147994995181939 ], [ 74.799530030051784, 33.143096924084169 ], [ 74.799377442082232, 33.139663696137099 ], [ 74.798309326751664, 33.135978698941045 ], [ 74.797096253300424, 33.131328582618067 ], [ 74.794631958958519, 33.129695892252492 ], [ 74.791458130562873, 33.126163482575777 ], [ 74.787864685703255, 33.121414184523061 ], [ 74.786285401128353, 33.118835449201043 ], [ 74.785079957076121, 33.115863800084192 ], [ 74.780807495755468, 33.106327056986352 ], [ 74.77986908019858, 33.104412078878418 ], [ 74.776390076315408, 33.099552154773285 ], [ 74.774673462569382, 33.097991943467896 ], [ 74.771873475146492, 33.095737457354581 ], [ 74.769622803511012, 33.094520568978908 ], [ 74.766014099855838, 33.093265533611159 ], [ 74.761283875532143, 33.092014312717929 ], [ 74.758972168709747, 33.091976165726074 ], [ 74.755317688664618, 33.092021942117142 ], [ 74.75295257650302, 33.091983795125309 ], [ 74.750320435396787, 33.092285156139049 ], [ 74.747520447525361, 33.092563629407167 ], [ 74.744621277474465, 33.092910766811535 ], [ 74.740707398333043, 33.093559265229437 ], [ 74.736282349497529, 33.094360351616075 ], [ 74.732948304186422, 33.094665527554028 ], [ 74.730934143902772, 33.095005035559844 ], [ 74.727943421520678, 33.095317840896108 ], [ 74.725509644323921, 33.095554351798242 ], [ 74.721275330449146, 33.096332549989626 ], [ 74.71831512521112, 33.096694946190915 ], [ 74.712593079544106, 33.097991943476153 ], [ 74.704887391187469, 33.099937439178987 ], [ 74.702949524888382, 33.100692749174712 ], [ 74.698760987404654, 33.102138519504415 ], [ 74.694610596463548, 33.103706359759457 ], [ 74.69262695422367, 33.104343414304267 ], [ 74.686912537506089, 33.106327056999071 ], [ 74.679725647792964, 33.108112335334759 ], [ 74.673034668977309, 33.109752655100166 ], [ 74.6696014414877, 33.110759735244521 ], [ 74.666458130688341, 33.111515045240445 ], [ 74.663002015453458, 33.112926483052249 ], [ 74.660247803973547, 33.113636017107211 ], [ 74.657867432566576, 33.114658355598621 ], [ 74.652938843886986, 33.116840362652702 ], [ 74.648559571443769, 33.118621826064 ], [ 74.64459991546444, 33.121574401910287 ], [ 74.641181946772235, 33.122993469120551 ], [ 74.637207032445104, 33.123939514077534 ], [ 74.635124207576411, 33.124130249038764 ], [ 74.626922608773313, 33.122993469122811 ], [ 74.623130799557018, 33.119457244971848 ], [ 74.618820191697765, 33.115436554245214 ], [ 74.618942261621868, 33.113204956326861 ], [ 74.619300843344973, 33.106624603548376 ], [ 74.621589661518598, 33.099987030056525 ], [ 74.622665406245034, 33.097991943489582 ], [ 74.621131898061819, 33.096458435303489 ], [ 74.619598389878632, 33.095020294373072 ], [ 74.61645507952835, 33.092796325853683 ], [ 74.612174988813507, 33.089660644446241 ], [ 74.60580444473112, 33.086784363035648 ], [ 74.602920533477757, 33.08521652233204 ], [ 74.60000610463095, 33.084243774706493 ], [ 74.595542908804504, 33.082275390810139 ], [ 74.586570740762625, 33.081634521792601 ], [ 74.580291749014194, 33.08369064354801 ], [ 74.577919007456046, 33.084632873580745 ], [ 74.573249818323717, 33.085994720527815 ], [ 74.569587708883049, 33.087024688867636 ], [ 74.567451478226019, 33.0875167848423 ], [ 74.559623719499058, 33.089656829980733 ], [ 74.552917481889622, 33.091262817678214 ], [ 74.547790528853852, 33.094783783033698 ], [ 74.54457855347097, 33.097225189184762 ], [ 74.538551331871886, 33.100292206008056 ], [ 74.536247254899905, 33.101181030251773 ], [ 74.532569886663126, 33.102645874302468 ], [ 74.526626588446675, 33.105041504063436 ], [ 74.519584657308997, 33.108879089679313 ], [ 74.514526368859194, 33.111289978236954 ], [ 74.511238099492545, 33.113197326947187 ], [ 74.505363465860881, 33.112201690677239 ], [ 74.5029068009203, 33.11166000383848 ], [ 74.500274659815219, 33.108955383217641 ], [ 74.49727630758639, 33.106323242106832 ], [ 74.49457550189598, 33.104370117456746 ], [ 74.490333558625309, 33.102230072320481 ], [ 74.486244203323238, 33.100627899099386 ], [ 74.483787538383012, 33.100440979063087 ], [ 74.480285645860263, 33.100364685079377 ], [ 74.477905274904259, 33.100200653238318 ], [ 74.47527313380094, 33.100624084627199 ], [ 74.472595216307141, 33.101013183498296 ], [ 74.469573975884842, 33.101512908871548 ], [ 74.464370728866115, 33.103187561154741 ], [ 74.45972442793159, 33.10481262212322 ], [ 74.456634522924347, 33.106323242114868 ], [ 74.45386505309969, 33.107284545868687 ], [ 74.450737001100279, 33.108486175448498 ], [ 74.447776795865948, 33.10952758811068 ], [ 74.444564820933806, 33.110889435057715 ], [ 74.441894532839129, 33.111980438135269 ], [ 74.436233521917302, 33.115242004393899 ], [ 74.433570863221661, 33.117317199869731 ], [ 74.431831361283798, 33.118591308509636 ], [ 74.427894593954491, 33.123668670696361 ], [ 74.425582887587595, 33.129013061828054 ], [ 74.424934388723798, 33.131324768205261 ], [ 74.425163270677487, 33.134056091496241 ], [ 74.425682069771185, 33.137447357527087 ], [ 74.425888063079753, 33.139659881724413 ], [ 74.427894593965306, 33.145023346126486 ], [ 74.428817750724377, 33.147075653406127 ], [ 74.433288575946989, 33.150943756163862 ], [ 74.436233521935947, 33.152435302883028 ], [ 74.43865966973209, 33.153903961406883 ], [ 74.444564820956998, 33.157627106043712 ], [ 74.447052003492473, 33.162178039737064 ], [ 74.448349000774087, 33.164661407803443 ], [ 74.448394777166769, 33.169166565106742 ], [ 74.448501588296708, 33.172996521322844 ], [ 74.446739198613628, 33.175163269129989 ], [ 74.444564820966391, 33.176513672203939 ], [ 74.440742494160972, 33.176815033218155 ], [ 74.436233521948381, 33.177173614495878 ], [ 74.432250978226122, 33.177352905584847 ], [ 74.427894593981833, 33.177574157690785 ], [ 74.425079347317677, 33.178516388173328 ], [ 74.419631960001425, 33.181400298984691 ], [ 74.414978029221217, 33.185081482157116 ], [ 74.411224367004479, 33.189830780211196 ], [ 74.406448365849712, 33.193218231319101 ], [ 74.402893067990789, 33.195976257280599 ], [ 74.40012359816626, 33.195232391608307 ], [ 74.397979738112042, 33.194576263343265 ], [ 74.394561769422666, 33.193725586092881 ], [ 74.391700746367434, 33.192527770988782 ], [ 74.38622284100623, 33.190334320063904 ], [ 74.381874086158803, 33.185672760318596 ], [ 74.379638673771566, 33.181327819933315 ], [ 74.379226686703333, 33.174335480089006 ], [ 74.378913881367367, 33.171966552998946 ], [ 74.378494264450524, 33.164054870867957 ], [ 74.377883913026238, 33.161659240658587 ], [ 74.376960756265959, 33.157257080009636 ], [ 74.373672487347548, 33.152210235867869 ], [ 74.369400026034981, 33.148143768301118 ], [ 74.364303590594076, 33.144908905164108 ], [ 74.361221315434875, 33.143463134835798 ], [ 74.35874939169878, 33.142127991009367 ], [ 74.352203371010688, 33.139659881741053 ], [ 74.346046449642159, 33.138164520548393 ], [ 74.342895509898241, 33.138000488258008 ], [ 74.337913515435986, 33.137962341266977 ], [ 74.334831239828446, 33.138278961527696 ], [ 74.327873232079199, 33.139850616707847 ], [ 74.319541933066702, 33.141780853614875 ], [ 74.314796449956546, 33.143245697216415 ], [ 74.31121063450486, 33.144523620780866 ], [ 74.308685304981921, 33.145465850813849 ], [ 74.30397796841504, 33.147991180797987 ], [ 74.301902772948438, 33.148963928424564 ], [ 74.297569276903431, 33.151016235705704 ], [ 74.294540407536303, 33.153232574827889 ], [ 74.292640688233362, 33.154426575009118 ], [ 74.290847780508543, 33.156330108795196 ], [ 74.288314821588202, 33.158432006940814 ], [ 74.286201479130654, 33.160888671888777 ], [ 74.284179689903354, 33.162635803231744 ], [ 74.282752992852451, 33.164661407842381 ], [ 74.280715944829055, 33.167507171660887 ], [ 74.277870180576372, 33.173080444296318 ], [ 74.27487945775394, 33.178340912045513 ], [ 74.273406984763028, 33.181331634883797 ], [ 74.272994997252127, 33.186206817786477 ], [ 74.272727968759781, 33.189662933479447 ], [ 74.274070741982072, 33.193462372101465 ], [ 74.275260927684684, 33.195388794082113 ], [ 74.276634218499808, 33.197994232523399 ], [ 74.277870180593325, 33.200740814611081 ], [ 74.279335024190232, 33.204864501992134 ], [ 74.281173708307406, 33.20633316051611 ], [ 74.282814028067179, 33.209724426546586 ], [ 74.286201479161306, 33.211418152099164 ], [ 74.287330629676944, 33.213539123515069 ], [ 74.288169863053724, 33.216632843006764 ], [ 74.286201479167971, 33.222347259737838 ], [ 74.281242372901204, 33.219627380320901 ], [ 74.277870180604452, 33.21883010885977 ], [ 74.275779726339678, 33.216754913385039 ], [ 74.27195739998605, 33.214660644639551 ], [ 74.269538881590364, 33.213279724422684 ], [ 74.2662429832762, 33.209625244371317 ], [ 74.261817934448118, 33.206333160521346 ], [ 74.259796144766014, 33.19940567033936 ], [ 74.259925844537193, 33.196720123438787 ], [ 74.260368349639691, 33.188831329502953 ], [ 74.259330751902851, 33.183200836155414 ], [ 74.256439211253422, 33.177757263295021 ], [ 74.252075197612285, 33.173789978357775 ], [ 74.246574404059515, 33.170940399167613 ], [ 74.244537356034371, 33.170364380260828 ], [ 74.241767885762869, 33.170230865564065 ], [ 74.239212038646642, 33.169979095416501 ], [ 74.236198427626348, 33.169845581169497 ], [ 74.233482363144233, 33.170276641957081 ], [ 74.229812624761337, 33.171047210750487 ], [ 74.226600649383272, 33.171741486009076 ], [ 74.223731996933807, 33.172996521378124 ], [ 74.220588686591412, 33.174057006862228 ], [ 74.217018129938793, 33.175506592116513 ], [ 74.214591982596559, 33.176391601886088 ], [ 74.211196902107488, 33.178001404057753 ], [ 74.208831789502952, 33.178962707811721 ], [ 74.204635622631969, 33.181278229114078 ], [ 74.202850344306057, 33.182258606139101 ], [ 74.197593691507095, 33.184402466201902 ], [ 74.194519045751377, 33.186149597545253 ], [ 74.191955568788671, 33.187095642502491 ], [ 74.187919619284855, 33.189662933503627 ], [ 74.186187746748089, 33.190853119210459 ], [ 74.184089663087974, 33.191761017175246 ], [ 74.180984499738429, 33.192794799989819 ], [ 74.177856447744759, 33.194725036895768 ], [ 74.173988345003934, 33.194133758743021 ], [ 74.169517519789565, 33.193397522020156 ], [ 74.167152407633793, 33.192028045676139 ], [ 74.161186220781474, 33.189125061146861 ], [ 74.155860903844882, 33.186649322480278 ], [ 74.152847292825385, 33.185302734781416 ], [ 74.150314333904944, 33.183864593851531 ], [ 74.147842410171037, 33.181327819996497 ], [ 74.149795534809911, 33.178272247496061 ], [ 74.150177004727993, 33.175662994579845 ], [ 74.151092532084277, 33.172992706475988 ], [ 74.152847292815295, 33.171157837275643 ], [ 74.15643310826205, 33.168243408420992 ], [ 74.159072878756618, 33.164661407877922 ], [ 74.161186220763014, 33.162975311272625 ], [ 74.165023806357269, 33.160163879521569 ], [ 74.169525149161288, 33.155189514437943 ], [ 74.173400881747412, 33.151878357314132 ], [ 74.176956179600566, 33.147994995307812 ], [ 74.179763796411848, 33.146080017198877 ], [ 74.182579043071442, 33.144382477170097 ], [ 74.18775177248699, 33.141220093090659 ], [ 74.190193179074811, 33.139659881784283 ], [ 74.194519045718494, 33.137577056909336 ], [ 74.198059084777043, 33.136123657180718 ], [ 74.202865603070506, 33.133934021177176 ], [ 74.204872133950431, 33.13333892854822 ], [ 74.209304812172235, 33.131324768259212 ], [ 74.21119690207604, 33.130558013940629 ], [ 74.217323305844417, 33.129116058533853 ], [ 74.219528200633079, 33.128234863688355 ], [ 74.224014284644952, 33.127479553241912 ], [ 74.227859499640587, 33.126426697155978 ], [ 74.230865480812369, 33.125995636368316 ], [ 74.234054567995372, 33.12512969986976 ], [ 74.237464907282316, 33.124256134422467 ], [ 74.240341189130589, 33.122989654730887 ], [ 74.241828920918223, 33.120285034558798 ], [ 74.242652895493734, 33.116542816199541 ], [ 74.243324282102421, 33.114654541210641 ], [ 74.24356842284665, 33.107280731444312 ], [ 74.24453735599252, 33.104522705033638 ], [ 74.24667358619385, 33.100128174231891 ], [ 74.247207644080731, 33.097988128644957 ], [ 74.249717714804646, 33.094837188888874 ], [ 74.253082277699022, 33.089656830047957 ], [ 74.257431032538776, 33.085880279619637 ], [ 74.262504579777016, 33.081317901601892 ], [ 74.266639711462346, 33.078418731993786 ], [ 74.269538881506236, 33.076877593958606 ], [ 74.272422792753773, 33.075874328738095 ], [ 74.276306154292968, 33.074546814308505 ], [ 74.280242922070528, 33.072986603001837 ], [ 74.284660341498139, 33.071441650491934 ], [ 74.290313722567618, 33.068756103589955 ], [ 74.294548036882702, 33.065933227516645 ], [ 74.297660829631255, 33.061538696265039 ], [ 74.300384523510232, 33.056320190432118 ], [ 74.300163270954883, 33.05360412593803 ], [ 74.300155641554738, 33.050704956331032 ], [ 74.29989624245701, 33.047985076912838 ], [ 74.29982757786955, 33.044937133811516 ], [ 74.299827577868243, 33.042697906494787 ], [ 74.299758913280783, 33.03964996339338 ], [ 74.300994874922225, 33.037769317802791 ], [ 74.302879335427107, 33.033878326398678 ], [ 74.304130556314632, 33.031314849872892 ], [ 74.306915285381606, 33.027015686326749 ], [ 74.309120180169913, 33.022979736352148 ], [ 74.31121063442933, 33.014717102342203 ], [ 74.307022096949765, 33.010505676205256 ], [ 74.302879335412527, 33.008903503434063 ], [ 74.301017763549737, 33.008171081634309 ], [ 74.295852663076431, 33.007625579872261 ], [ 74.293663027082488, 33.007198334010091 ], [ 74.287216188576792, 33.007320404386689 ], [ 74.285156251906557, 33.007366180777794 ], [ 74.27967834699912, 33.008125305249095 ], [ 74.275245668774161, 33.008937835958847 ], [ 74.272720339251293, 33.009494781595627 ], [ 74.269538881465579, 33.01024246219356 ], [ 74.2661209127793, 33.01123428354142 ], [ 74.263916017989601, 33.011936187748425 ], [ 74.261199953506846, 33.012760162330636 ], [ 74.255950930103438, 33.01464843777034 ], [ 74.253738405465953, 33.015510559344563 ], [ 74.251022340983482, 33.016498565768231 ], [ 74.247703554477056, 33.01781845124885 ], [ 74.24453735593859, 33.018959045641388 ], [ 74.235260011977914, 33.022048950211833 ], [ 74.231010439315938, 33.022979736372463 ], [ 74.228561403777832, 33.023681640579674 ], [ 74.21952820056552, 33.024436951027241 ], [ 74.212196352297426, 33.02397918712321 ], [ 74.203552248403852, 33.023670196713816 ], [ 74.193702700462822, 33.023803710964479 ], [ 74.187187197375607, 33.023983002054393 ], [ 74.184440615300517, 33.024726867728212 ], [ 74.180664064891261, 33.025791168586323 ], [ 74.177856447629651, 33.027202606398482 ], [ 74.175529482467539, 33.028987884733851 ], [ 74.173400881664278, 33.031314849908497 ], [ 74.171951296419508, 33.033744812186676 ], [ 74.16951751968196, 33.038444519375602 ], [ 74.168701174504179, 33.040466308612416 ], [ 74.169517519686792, 33.045471191737896 ], [ 74.169769289835571, 33.047733307249914 ], [ 74.172508242516201, 33.053333282553481 ], [ 74.174926760462313, 33.056320190466536 ], [ 74.176101686917818, 33.058071136732835 ], [ 74.177856447652346, 33.060459137093801 ], [ 74.179550173649403, 33.06295394903286 ], [ 74.179679873424547, 33.066474914837165 ], [ 74.177719118939351, 33.072982788106366 ], [ 74.17406463890724, 33.077526092852558 ], [ 74.17053985864753, 33.08131790162799 ], [ 74.16836548100359, 33.082473755266932 ], [ 74.163993837969883, 33.08412170443107 ], [ 74.161186220708046, 33.084693908864963 ], [ 74.152854922153765, 33.086704254231243 ], [ 74.15065002736587, 33.087448120354615 ], [ 74.145057681039347, 33.090198516918747 ], [ 74.142974856176437, 33.091194153190415 ], [ 74.13938141133049, 33.092849731752885 ], [ 74.13617706580294, 33.094474792721385 ], [ 74.133453371924318, 33.095260620311514 ], [ 74.128570559648949, 33.097267151202459 ], [ 74.126525881778122, 33.097984314206457 ], [ 74.120719912296252, 33.099193573185886 ], [ 74.117599490150909, 33.099903106791785 ], [ 74.113769534404241, 33.10057449340578 ], [ 74.107528689664704, 33.102664947679962 ], [ 74.102767947316224, 33.106323242208163 ], [ 74.096763613927635, 33.108573913849405 ], [ 74.094505312903522, 33.111011505526363 ], [ 74.092002871579496, 33.112148284994902 ], [ 74.090682986558193, 33.114654541257408 ], [ 74.088020327868534, 33.116504669254894 ], [ 74.086174014357709, 33.118556976535423 ], [ 74.083061221611985, 33.119880676490659 ], [ 74.080223086760412, 33.122989654780497 ], [ 74.077842715811201, 33.124382019321416 ], [ 74.075256350655522, 33.125572205028639 ], [ 74.072921756096306, 33.126403809009403 ], [ 74.069503787416053, 33.128738403582972 ], [ 74.067245486392608, 33.131324768304623 ], [ 74.063400271852018, 33.13355636622439 ], [ 74.061164859023236, 33.13528060937238 ], [ 74.058647158903696, 33.13713455229383 ], [ 74.056320193744654, 33.139659881828024 ], [ 74.0528335604793, 33.142009735198627 ], [ 74.049064639473428, 33.144226074321523 ], [ 74.046112063645978, 33.146377563782195 ], [ 74.043800357283232, 33.147987365953725 ], [ 74.039192202904772, 33.151016235785569 ], [ 74.036163333543485, 33.153312683366913 ], [ 74.03448486679757, 33.154640197796041 ], [ 74.032752994263234, 33.156326294401438 ], [ 74.030456546248701, 33.158950806115293 ], [ 74.02621460299585, 33.164661407923411 ], [ 74.023719791074285, 33.168876648087142 ], [ 74.021034244192947, 33.172992706520994 ], [ 74.01950073601779, 33.175586700640785 ], [ 74.016944888908426, 33.178779602313455 ], [ 74.013969424887051, 33.18132400556879 ], [ 74.011154178231493, 33.1832542420252 ], [ 74.00713348752997, 33.185638427913929 ], [ 74.00282287968983, 33.187927246547076 ], [ 74.000892642797922, 33.189662933567909 ], [ 73.99792480817618, 33.19308853166816 ], [ 73.993659976728253, 33.197158813711994 ], [ 73.989685062419525, 33.201522827370702 ], [ 73.986160282164818, 33.204246521264828 ], [ 73.983406070697271, 33.206329346139619 ], [ 73.980064396003655, 33.208572387932158 ], [ 73.977821353777628, 33.209526062287907 ], [ 73.969284061482398, 33.214462280381525 ], [ 73.963859561929453, 33.21737289476296 ], [ 73.961151126852641, 33.21926879915128 ], [ 73.958808902897985, 33.220653534293916 ], [ 73.956069950228226, 33.222995758265981 ], [ 73.95423889551607, 33.224422455324579 ], [ 73.949134830696352, 33.22764968906656 ], [ 73.946762089148521, 33.229049683006032 ], [ 73.943664554754164, 33.230518341531834 ], [ 73.940536503215313, 33.231330871792117 ], [ 73.936882023187948, 33.232063293593903 ], [ 73.934814457125455, 33.232662201147178 ], [ 73.930038456435128, 33.233558655240614 ], [ 73.927810673006832, 33.234363556102082 ], [ 73.924133304785542, 33.235992431995278 ], [ 73.92037964303131, 33.238758087356246 ], [ 73.913429264254191, 33.241958618429472 ], [ 73.911140446089675, 33.2436027531189 ], [ 73.907745365608577, 33.244602203865838 ], [ 73.903305058000726, 33.247505188399018 ], [ 73.896522526438162, 33.250049591206697 ], [ 73.89447784857272, 33.25181961074545 ], [ 73.892417911911323, 33.254276276143536 ], [ 73.891670231321484, 33.256332397898205 ], [ 73.889335636768791, 33.25952911404535 ], [ 73.887695317019492, 33.263114929512433 ], [ 73.886627201697735, 33.265155792470459 ], [ 73.883522037913153, 33.272998810017306 ], [ 73.881820683427165, 33.277019501195262 ], [ 73.879737858572696, 33.281337738462817 ], [ 73.877799992285532, 33.283565521458044 ], [ 73.874221806246098, 33.286090850993133 ], [ 73.870063786380697, 33.289665222588546 ], [ 73.863685612485284, 33.292221069718664 ], [ 73.861137394777757, 33.29454422041961 ], [ 73.85857391827227, 33.295440674062526 ], [ 73.855789189215415, 33.298004150589513 ], [ 73.853996281496904, 33.299201965695161 ], [ 73.852798466404053, 33.30205535936183 ], [ 73.850593571625964, 33.306335449637245 ], [ 73.848846440300662, 33.310291290703788 ], [ 73.847740177990048, 33.314670563158401 ], [ 73.846778874246368, 33.316982269536041 ], [ 73.846252446212404, 33.321216583420053 ], [ 73.845352177656224, 33.32389068644823 ], [ 73.844459538498057, 33.326171875232056 ], [ 73.842361454848771, 33.331336975276351 ], [ 73.840126042477308, 33.335338592733834 ], [ 73.837783818529019, 33.339672088798373 ], [ 73.836128239533053, 33.341827392733286 ], [ 73.833541874835987, 33.345420837599356 ], [ 73.831932072680516, 33.348007202320979 ], [ 73.830375676313693, 33.350585937644311 ], [ 73.827796941014739, 33.353752136647586 ], [ 73.826148991867569, 33.356342315843662 ], [ 73.823730473935896, 33.360610962246461 ], [ 73.820533757369731, 33.364673614891863 ], [ 73.819458012650344, 33.366455078303112 ], [ 73.817169194491214, 33.370723724705861 ], [ 73.815406804368337, 33.373008728414256 ], [ 73.816337590526061, 33.378219604847651 ], [ 73.816818242627065, 33.381343841933223 ], [ 73.81945801266771, 33.382553100909547 ], [ 73.823814396890612, 33.381343841929649 ], [ 73.827796941042806, 33.380054474041565 ], [ 73.830337529351851, 33.378795624197686 ], [ 73.832450871801612, 33.377662659203324 ], [ 73.836128239569305, 33.376144409362368 ], [ 73.839096074188745, 33.375980377519333 ], [ 73.844459538548236, 33.374210357978761 ], [ 73.84738159678227, 33.378425598589843 ], [ 73.847572331744757, 33.381343841917754 ], [ 73.847892766032075, 33.386249542414113 ], [ 73.847885136637274, 33.389678955437368 ], [ 73.848426823477013, 33.394042969094187 ], [ 73.848892216782232, 33.398010254032513 ], [ 73.849830632336079, 33.40097045927623 ], [ 73.852035527123107, 33.405590057555138 ], [ 73.855957036096854, 33.411529541312973 ], [ 73.859672551311647, 33.414680481066647 ], [ 73.861137394902514, 33.416202545379377 ], [ 73.865470890935839, 33.41867446912164 ], [ 73.869468693441888, 33.422393799283491 ], [ 73.867797856553281, 33.429676056269464 ], [ 73.868026738058191, 33.432788849032697 ], [ 73.869216923762409, 33.439430236998327 ], [ 73.87213898199866, 33.445346832561327 ], [ 73.873535161005378, 33.448013306189942 ], [ 73.875534062483737, 33.450283051099575 ], [ 73.879882817315675, 33.454265594832819 ], [ 73.882080082702117, 33.456352234179917 ], [ 73.883972172603109, 33.458515167511422 ], [ 73.886131291447256, 33.460414886821731 ], [ 73.888916020508432, 33.461906433540157 ], [ 73.894905095091701, 33.464248657508186 ], [ 73.898750309627644, 33.464687347691658 ], [ 73.902244572288055, 33.465244293326251 ], [ 73.906242375240552, 33.464683533213822 ], [ 73.911933903284719, 33.463897705621918 ], [ 73.917572025989941, 33.462783813897289 ], [ 73.923309330424004, 33.460853576989727 ], [ 73.927810673219525, 33.4587707521139 ], [ 73.931869510908641, 33.456352234156867 ], [ 73.934883121919867, 33.455093384312839 ], [ 73.939651493659227, 33.452835083273008 ], [ 73.944473270737376, 33.450096130581251 ], [ 73.947860721819367, 33.448013306155744 ], [ 73.951156620121296, 33.446353912668904 ], [ 73.95281982851823, 33.444969177526517 ], [ 73.956169132608679, 33.443035126145709 ], [ 73.959129337380361, 33.439682007105588 ], [ 73.961151127051238, 33.437534332569122 ], [ 73.964614872117096, 33.434810638674904 ], [ 73.968177799360234, 33.430042267348867 ], [ 73.969482426032798, 33.428058624654263 ], [ 73.972442630806086, 33.425975799779231 ], [ 73.974197391532883, 33.423015594534242 ], [ 73.975959781659185, 33.42115783713853 ], [ 73.977813724564641, 33.417648315655846 ], [ 73.979675296870695, 33.416545868255483 ], [ 73.980621341819301, 33.414684295935992 ], [ 73.983856204934739, 33.412387848354406 ], [ 73.986152652947268, 33.409378052244215 ], [ 73.989112857722859, 33.409301758258692 ], [ 73.99449158088575, 33.406581878838104 ], [ 73.996170047637449, 33.413005829172953 ], [ 73.995643619600841, 33.415836334643984 ], [ 73.994491580897019, 33.419357299999241 ], [ 73.992721561372122, 33.42124557543832 ], [ 73.988929752176205, 33.425788879735549 ], [ 73.986167911763545, 33.431350708498506 ], [ 73.98210907362423, 33.435642242647376 ], [ 73.980384830491786, 33.439682007096557 ], [ 73.977813724588174, 33.443771362411034 ], [ 73.975662235594058, 33.445869446082526 ], [ 73.974800114028085, 33.448017120618488 ], [ 73.972290042860877, 33.450828552369458 ], [ 73.96948242605832, 33.456062316999791 ], [ 73.964622501538344, 33.459823608632284 ], [ 73.960716251817971, 33.464683533189429 ], [ 73.955764774517135, 33.467636108587683 ], [ 73.952819828541777, 33.470268249700432 ], [ 73.951087956008763, 33.47129058864197 ], [ 73.949432377010638, 33.473018646713932 ], [ 73.946166996302367, 33.474712372268897 ], [ 73.944473270761719, 33.476005554630042 ], [ 73.940856937728029, 33.477729797778863 ], [ 73.936141972228526, 33.48138809230764 ], [ 73.93041992614161, 33.483963013158224 ], [ 73.927810673246086, 33.486438751378103 ], [ 73.925781254626429, 33.487663269153479 ], [ 73.924011235103009, 33.489685058840585 ], [ 73.922149662799654, 33.492359161869068 ], [ 73.921379094016345, 33.49612045305016 ], [ 73.920646671773468, 33.498023987285841 ], [ 73.91947937472591, 33.503681183303925 ], [ 73.918952946239614, 33.505832672314192 ], [ 73.917823796185402, 33.51303482084105 ], [ 73.917495732058626, 33.516674042096646 ], [ 73.91723633251766, 33.520786285605531 ], [ 73.916969303576451, 33.523025512922445 ], [ 73.916786198467591, 33.525714874747059 ], [ 73.917488102672607, 33.529373169273413 ], [ 73.916526798931017, 33.534305572889615 ], [ 73.919479374759206, 33.537876129557766 ], [ 73.91857147680409, 33.540592194052486 ], [ 73.915863041726752, 33.539691925487858 ], [ 73.913093571461417, 33.537742614863291 ], [ 73.911140446376166, 33.538711548015939 ], [ 73.906150822530719, 33.536342621377663 ], [ 73.902801518439986, 33.536022186644907 ], [ 73.89889526826758, 33.535785675295173 ], [ 73.894470219455314, 33.535518646352081 ], [ 73.886131291523768, 33.536182404019989 ], [ 73.8832321214893, 33.536796570370676 ], [ 73.878890996061926, 33.538600921978727 ], [ 73.876480107524372, 33.539695739981042 ], [ 73.871910100146579, 33.542133331659535 ], [ 73.869468693567867, 33.544914245816884 ], [ 73.867836003215828, 33.546398163138974 ], [ 73.864410405148078, 33.551300049162762 ], [ 73.863037114342731, 33.554447174444597 ], [ 73.861129765651441, 33.55795288100348 ], [ 73.852790837728477, 33.563957214878847 ], [ 73.849479680183023, 33.564693451155193 ], [ 73.843627934777189, 33.565525055138053 ], [ 73.836128239772904, 33.566871643291364 ], [ 73.831558232846007, 33.568458557718799 ], [ 73.827796941248195, 33.570529938272095 ], [ 73.823738103114522, 33.57302856468818 ], [ 73.820823674735792, 33.574390411636067 ], [ 73.815559392559365, 33.577465057859648 ], [ 73.811119084958889, 33.581348419417765 ], [ 73.803230291088965, 33.581798553929758 ], [ 73.801124578037061, 33.581359863745625 ], [ 73.798118596873024, 33.577697754296516 ], [ 73.796081548401816, 33.573024750228662 ], [ 73.796661382225921, 33.570819854979561 ], [ 73.79784393852087, 33.568080902289338 ], [ 73.798393255199812, 33.564693451182038 ], [ 73.80042267381522, 33.56233215393874 ], [ 73.802787785957435, 33.558643341367372 ], [ 73.804534917732582, 33.556362152582956 ], [ 73.808166509106485, 33.553409576735184 ], [ 73.811119084923916, 33.549812317394469 ], [ 73.812606816705326, 33.54802322413493 ], [ 73.816467290480446, 33.545032501744501 ], [ 73.819458012840585, 33.541549682930629 ], [ 73.821144109429511, 33.539691925534662 ], [ 73.824752812608949, 33.536651611829782 ], [ 73.827789311809482, 33.533317566510249 ], [ 73.829811101477347, 33.531356812010451 ], [ 73.833602910218715, 33.528835296949502 ], [ 73.836128239729575, 33.52657699636007 ], [ 73.838127141202918, 33.525020599527785 ], [ 73.839721685011654, 33.523021698485586 ], [ 73.842254643471449, 33.520816803235611 ], [ 73.844459538700292, 33.518375397083908 ], [ 73.846504216564057, 33.516735077318465 ], [ 73.848159795110263, 33.514690399436063 ], [ 73.850311284100783, 33.512203216893703 ], [ 73.852790837669943, 33.508411407668405 ], [ 73.854301457647153, 33.506355285913223 ], [ 73.857109074896741, 33.502330780260202 ], [ 73.859512334032203, 33.498020172390973 ], [ 73.860809331298015, 33.489688873794613 ], [ 73.859619145593697, 33.482864380266527 ], [ 73.856781010740448, 33.47736358669345 ], [ 73.852790837632796, 33.472999573038251 ], [ 73.846206669979253, 33.471271515419879 ], [ 73.84288025408587, 33.471443176661637 ], [ 73.837432866344841, 33.473018646766889 ], [ 73.830802922307157, 33.47602844287956 ], [ 73.825447087798509, 33.479007721397821 ], [ 73.822509770775696, 33.481353760294319 ], [ 73.819458012777062, 33.483413696524686 ], [ 73.815574651255361, 33.485805511812288 ], [ 73.810928349898106, 33.48968505889605 ], [ 73.805854802681111, 33.492752075721086 ], [ 73.801208501324211, 33.496440887843981 ], [ 73.79956818157514, 33.498020172421867 ], [ 73.796562200417256, 33.500125885492544 ], [ 73.79444885796984, 33.502227783638638 ], [ 73.791915899060996, 33.503822327013822 ], [ 73.789390569551671, 33.506355285947073 ], [ 73.786117559002022, 33.508827209693152 ], [ 73.782089238912249, 33.510662079344783 ], [ 73.7777862604826, 33.513572693276743 ], [ 73.775444036533102, 33.514690399474532 ], [ 73.771255498628477, 33.516494751532505 ], [ 73.769447332115789, 33.518085479983228 ], [ 73.766601568324958, 33.520179748731508 ], [ 73.764701849033443, 33.523021698525824 ], [ 73.762916570716385, 33.524826050132894 ], [ 73.761108404205956, 33.527999878534352 ], [ 73.759849553927083, 33.530097961756098 ], [ 73.756980901495737, 33.535564422814453 ], [ 73.754127508310916, 33.54103851372092 ], [ 73.752777105251738, 33.543064117882366 ], [ 73.75051117528858, 33.545757294182664 ], [ 73.748794561557787, 33.548027039094272 ], [ 73.746604925128068, 33.550189972428079 ], [ 73.744445806741254, 33.552124023808709 ], [ 73.741889959639138, 33.55380630549088 ], [ 73.738288885411535, 33.556362152620117 ], [ 73.7361145077777, 33.557479858817793 ], [ 73.733428960903424, 33.559043884599511 ], [ 73.73151398326371, 33.560092926660793 ], [ 73.727767950467708, 33.562660217663023 ], [ 73.724815374651584, 33.564693451223889 ], [ 73.721313482602667, 33.566566467867581 ], [ 73.719436651505532, 33.567749023726932 ], [ 73.715965277050387, 33.569553375784778 ], [ 73.712600714172595, 33.571533203556804 ], [ 73.710647589091849, 33.572570801295669 ], [ 73.704826361290841, 33.57508087203577 ], [ 73.702774054031821, 33.576290131014716 ], [ 73.6998062198697, 33.578395844085627 ], [ 73.696670538495184, 33.581359863806213 ], [ 73.694435126126663, 33.583580017403591 ], [ 73.691337591744286, 33.586597442913217 ], [ 73.688438421719525, 33.589694977331206 ], [ 73.686103827172118, 33.591575622923045 ], [ 73.682060248291805, 33.593986511482427 ], [ 73.677764899266236, 33.596725464174845 ], [ 73.675758368398377, 33.598026275934998 ], [ 73.671905524028077, 33.600505829080234 ], [ 73.669425970912755, 33.602695465533749 ], [ 73.667236334934316, 33.604171753458125 ], [ 73.664932257531831, 33.60636520438586 ], [ 73.662902838919564, 33.608173370917186 ], [ 73.661094672410414, 33.610233307147276 ], [ 73.658020026222474, 33.611621857214999 ], [ 73.652992255406161, 33.61469650298946 ], [ 73.647132880618273, 33.617401123614819 ], [ 73.644432074951908, 33.61985778856414 ], [ 73.642860419342114, 33.621459961337493 ], [ 73.638893134450598, 33.625831604395856 ], [ 73.636085517209054, 33.629413605389736 ], [ 73.631919867957407, 33.63136291556885 ], [ 73.627754218704894, 33.632499695489017 ], [ 73.619422919743357, 33.629329682018316 ], [ 73.616371161748987, 33.628311157553952 ], [ 73.611091620783313, 33.626636505725038 ], [ 73.607803351890979, 33.62631225651856 ], [ 73.605781562675801, 33.626056671447564 ], [ 73.602752692877971, 33.625743866563468 ], [ 73.598686225806318, 33.627304077872068 ], [ 73.594413764980274, 33.62955093414071 ], [ 73.592781074634729, 33.631362915596007 ], [ 73.591979987811285, 33.633800507272888 ], [ 73.591049201665655, 33.636333466205386 ], [ 73.590065009732712, 33.639701843592341 ], [ 73.588951118476757, 33.642562866657748 ], [ 73.586746223260391, 33.648033142640166 ], [ 73.582305915674894, 33.652595520660014 ], [ 73.579116828970427, 33.657737732510476 ], [ 73.577224739088223, 33.664180756118888 ], [ 73.577751167127602, 33.666152954490158 ], [ 73.579292305152507, 33.671493530696466 ], [ 73.582405097888497, 33.676712036526744 ], [ 73.586082466099086, 33.679607391656916 ], [ 73.587951667798336, 33.681369782244673 ], [ 73.591018684141773, 33.684761047823883 ], [ 73.594413765062839, 33.687263489159669 ], [ 73.596565254052621, 33.689704895758467 ], [ 73.598396308763441, 33.693687439492543 ], [ 73.601470954506937, 33.698036194350813 ], [ 73.602752692983742, 33.700336456854245 ], [ 73.605316169489811, 33.706371307867954 ], [ 73.607025153827209, 33.710433960510599 ], [ 73.609947212053484, 33.714702606910215 ], [ 73.611091620910898, 33.717384338885971 ], [ 73.611846931355828, 33.723037720428735 ], [ 73.611335761678262, 33.731616974249384 ], [ 73.611091620936151, 33.735260010429045 ], [ 73.61038971674266, 33.739013672211946 ], [ 73.609870918117139, 33.748043060989879 ], [ 73.608680732427231, 33.750446320149209 ], [ 73.607727058536099, 33.753013611149846 ], [ 73.605072028813694, 33.756378174513145 ], [ 73.60274506366639, 33.757129669586305 ], [ 73.595787055968145, 33.757747650864722 ], [ 73.592636115798797, 33.758152008534488 ], [ 73.589851387198493, 33.757476806999712 ], [ 73.59128571318648, 33.755680084791024 ], [ 73.592826850745524, 33.749820709938497 ], [ 73.593986518828615, 33.738319397415637 ], [ 73.597496040259287, 33.729785919533789 ], [ 73.598213203247212, 33.724575043099215 ], [ 73.597920197886651, 33.72118265061242 ], [ 73.597457890549251, 33.724506379623683 ], [ 73.593948369859461, 33.733032228642209 ], [ 73.592788705607774, 33.744537352366727 ], [ 73.593048100379306, 33.745227817308539 ], [ 73.591255196765047, 33.750392912556634 ], [ 73.587875375729894, 33.754623417039227 ], [ 73.57942200634271, 33.756526948938358 ], [ 73.578590399363563, 33.757408141586353 ], [ 73.577178960251047, 33.758735658801726 ], [ 73.576232918008856, 33.759063726093665 ], [ 73.57472230303145, 33.759632110849303 ], [ 73.573310858918617, 33.760677339418429 ], [ 73.571113596021206, 33.762454988663514 ], [ 73.570571907607842, 33.762443546727546 ], [ 73.566398633311877, 33.76527786192834 ], [ 73.564720164955645, 33.767063146097044 ], [ 73.560478218147964, 33.773094179146298 ], [ 73.558341988301322, 33.779838566458508 ], [ 73.558738363133273, 33.783998571536294 ], [ 73.559127817099167, 33.788085939289751 ], [ 73.561279301369822, 33.798480984387858 ], [ 73.567649848601093, 33.819892887006802 ], [ 73.570487986233815, 33.824020383607447 ], [ 73.570640570217279, 33.824596403285838 ], [ 73.570861826269521, 33.826183325273526 ], [ 73.570503240639354, 33.82889556483422 ], [ 73.571212772438997, 33.832542420160848 ], [ 73.572364811785647, 33.834480288311816 ], [ 73.572731021896317, 33.835929870713443 ], [ 73.5724182244589, 33.837284089712533 ], [ 73.572814948820735, 33.842052460599675 ], [ 73.574081428430318, 33.844558718505162 ], [ 73.574577338650172, 33.845375061096341 ], [ 73.574974073005933, 33.846057891563675 ], [ 73.578720104157213, 33.847740177401363 ], [ 73.580123913806261, 33.853862761836901 ], [ 73.582435616975076, 33.858436583005009 ], [ 73.58350373440372, 33.858463289339042 ], [ 73.585639964714062, 33.860782622000599 ], [ 73.585517894535016, 33.865566252286577 ], [ 73.585545368466654, 33.866002966413326 ], [ 73.585641571694623, 33.867532184437259 ], [ 73.586029059163877, 33.873691564930446 ], [ 73.589866647162339, 33.880558012425716 ], [ 73.588965925884992, 33.884195820454636 ], [ 73.586128240509822, 33.895656588359898 ], [ 73.578994758413913, 33.907028199515324 ], [ 73.575157170877901, 33.908359529194549 ], [ 73.574615487464939, 33.908550266900257 ], [ 73.571960462621121, 33.9108314512942 ], [ 73.569885259910478, 33.91261673046322 ], [ 73.56865692902629, 33.913280484071336 ], [ 73.566513068798599, 33.91493988559094 ], [ 73.566215520758391, 33.915596009723956 ], [ 73.565376294304386, 33.915836332637561 ], [ 73.563629158430842, 33.917152402916869 ], [ 73.560722358741131, 33.919345858382393 ], [ 73.558685309749691, 33.920051577724429 ], [ 73.557685859389409, 33.920394899414902 ], [ 73.549575811252552, 33.927715306410406 ], [ 73.543518071513788, 33.939365389199153 ], [ 73.5370025702737, 33.9482727081813 ], [ 73.535652168760208, 33.952472688865718 ], [ 73.52813721717493, 33.970272067877005 ], [ 73.527801525416336, 33.972057342044728 ], [ 73.52208710736268, 33.981681827303284 ], [ 73.516448981309537, 33.996723178107693 ], [ 73.514907847546539, 34.002803801812398 ], [ 73.515038687048758, 34.007778646544814 ], [ 73.515083320412202, 34.009475709592749 ], [ 73.515617379358247, 34.014125822754281 ], [ 73.515312343380998, 34.016478252593529 ], [ 73.514915477047822, 34.019538875389138 ], [ 73.514266972852511, 34.022697449966842 ], [ 73.509582533957513, 34.032550811650843 ], [ 73.508308424438482, 34.038181307876648 ], [ 73.508645045985958, 34.042214310938441 ], [ 73.509101878162411, 34.047687535854081 ], [ 73.508884164229002, 34.049971552029454 ], [ 73.508262646273636, 34.056491851504731 ], [ 73.506263740560541, 34.060523989256595 ], [ 73.506507880933896, 34.061443325174992 ], [ 73.505859381739853, 34.065292359694716 ], [ 73.505523689981544, 34.067081451324519 ], [ 73.5039520374212, 34.072238921648697 ], [ 73.499977115149591, 34.075836186162135 ], [ 73.49866486706388, 34.076885222353098 ], [ 73.498085035382402, 34.078025819774417 ], [ 73.497451790584762, 34.08060455221154 ], [ 73.497016917514983, 34.083522793876114 ], [ 73.497238169015731, 34.084392544586848 ], [ 73.496345529451474, 34.089061739160449 ], [ 73.496558669497873, 34.092992949331354 ], [ 73.496688855697442, 34.095394132712954 ], [ 73.498626718837713, 34.10382461832441 ], [ 73.497905584721408, 34.105849410319593 ], [ 73.495590219502404, 34.11235046779278 ], [ 73.492744457413224, 34.116569515338973 ], [ 73.49330520152877, 34.121148977964992 ], [ 73.493339543952445, 34.1214294421669 ], [ 73.495285046567361, 34.130199432005945 ], [ 73.494709539574458, 34.132837473894078 ], [ 73.49405671524373, 34.135829928231743 ], [ 73.493461613714587, 34.136943819318148 ], [ 73.492065434451774, 34.13758087159178 ], [ 73.491233832473242, 34.137790675708573 ], [ 73.488975531989794, 34.140930178427261 ], [ 73.490101798315081, 34.145120460490929 ], [ 73.491950998764324, 34.152000424068127 ], [ 73.492126477070045, 34.152744292129341 ], [ 73.491777396641922, 34.156587247819196 ], [ 73.49126435131069, 34.162235265709739 ], [ 73.488784799789457, 34.17234039724147 ], [ 73.488960272649294, 34.175285335240353 ], [ 73.488464362443352, 34.182281492850528 ], [ 73.488113416287959, 34.184551240306249 ], [ 73.488583624314529, 34.186515936214946 ], [ 73.489311228832634, 34.189556126643652 ], [ 73.48896790215062, 34.191341400811496 ], [ 73.489016249450358, 34.193567829170618 ], [ 73.489189158666989, 34.201530453807365 ], [ 73.489276572993447, 34.201758061967446 ], [ 73.492424020206755, 34.209953309493656 ], [ 73.493042000620875, 34.216308592368364 ], [ 73.492698603612325, 34.217771144616833 ], [ 73.492408765823726, 34.219005582980671 ], [ 73.489501961141627, 34.222751614175387 ], [ 73.487899789778297, 34.223388671449115 ], [ 73.487144479791141, 34.223621364888395 ], [ 73.486602796379955, 34.224281306034051 ], [ 73.484954846821978, 34.224933622706217 ], [ 73.484336866419028, 34.225173950619741 ], [ 73.477874767853152, 34.230918888013015 ], [ 73.474533090559461, 34.241691590165161 ], [ 73.470001230196658, 34.247909548458658 ], [ 73.470159414290862, 34.253142445679714 ], [ 73.470329297502076, 34.258762355511308 ], [ 73.47038270017417, 34.260597230336082 ], [ 73.476783766176581, 34.272766112211592 ], [ 73.478424080818257, 34.276798249960216 ], [ 73.479301465996102, 34.279529571380408 ], [ 73.478890460420132, 34.283531001426844 ], [ 73.478767407516798, 34.284729007436951 ], [ 73.478546151021177, 34.286766051903726 ], [ 73.475898751111743, 34.29144287640294 ], [ 73.474807754814321, 34.292087553150665 ], [ 73.472610481921294, 34.29296493333797 ], [ 73.470993051159198, 34.292926795068226 ], [ 73.467750554709937, 34.292167662611362 ], [ 73.466186531613076, 34.289886477771248 ], [ 73.464080820548233, 34.284420012469205 ], [ 73.461647042195636, 34.278263096775774 ], [ 73.460845958563496, 34.277873992341213 ], [ 73.45808411838253, 34.276535037743351 ], [ 73.453781134429875, 34.274444580611075 ], [ 73.453826912180034, 34.277408600470523 ], [ 73.454031447353884, 34.279945371813035 ], [ 73.454376235527988, 34.284221650298477 ], [ 73.454643260224046, 34.285575868847502 ], [ 73.454318949444811, 34.288439019659592 ], [ 73.453865060927029, 34.292446138808359 ], [ 73.453544628566206, 34.293479920440355 ], [ 73.45324708052695, 34.294162755908268 ], [ 73.449844370635944, 34.301094058465395 ], [ 73.449462895681677, 34.301727293276109 ], [ 73.448059091498052, 34.30328750893036 ], [ 73.446945200428189, 34.303256985134574 ], [ 73.44441224122761, 34.305477141935086 ], [ 73.442802439956409, 34.314262390726164 ], [ 73.439193733419614, 34.323646543520269 ], [ 73.438056958481184, 34.325687410000249 ], [ 73.436973581658023, 34.325870512782508 ], [ 73.435882579910938, 34.32607650943762 ], [ 73.433876049274474, 34.328105923982044 ], [ 73.433082591017453, 34.328292849226116 ], [ 73.432235724641814, 34.328483576482547 ], [ 73.424118051605632, 34.335800171017645 ], [ 73.423500071206206, 34.337574003249337 ], [ 73.423706063311016, 34.339828491306186 ], [ 73.424276352928203, 34.341120686713168 ], [ 73.42623139805066, 34.345550539368759 ], [ 73.425933844561982, 34.346214297976232 ], [ 73.426155101063316, 34.347576141449366 ], [ 73.425381337548984, 34.348949702931364 ], [ 73.425018321125222, 34.349594119056533 ], [ 73.423103346875152, 34.349777221389921 ], [ 73.422843942554465, 34.349319459886757 ], [ 73.420578012144247, 34.348785400943648 ], [ 73.418525708758949, 34.348304755119699 ], [ 73.413551341296909, 34.350727081564393 ], [ 73.408378611654285, 34.350826267434542 ], [ 73.404998785631392, 34.353462220455853 ], [ 73.401420602878886, 34.354503631565606 ], [ 73.400306711812092, 34.355606080266547 ], [ 73.398284922237423, 34.362297059909508 ], [ 73.397262588013632, 34.365505220145209 ], [ 73.390808118933862, 34.370796202598491 ], [ 73.391281135282796, 34.373283389093658 ], [ 73.391853342492169, 34.374206542473686 ], [ 73.392367093930858, 34.374962574528347 ], [ 73.39386750261059, 34.377170562331159 ], [ 73.394393931624549, 34.377639776220207 ], [ 73.395835889530659, 34.378196719036808 ], [ 73.396278397078859, 34.378368374431631 ], [ 73.40036011997455, 34.3789100632969 ], [ 73.403564467701173, 34.38077545646567 ], [ 73.404663093922252, 34.380794523325122 ], [ 73.405746466194671, 34.380825047120865 ], [ 73.408683789677013, 34.382240293260956 ], [ 73.409217848165866, 34.382938383126522 ], [ 73.41068268466374, 34.387027735838373 ], [ 73.411773696715173, 34.396102908365791 ], [ 73.420143139640373, 34.413887022514835 ], [ 73.420318612950368, 34.41703415015548 ], [ 73.422683728792734, 34.427692412488547 ], [ 73.424545299935644, 34.433860780118792 ], [ 73.425338758650838, 34.438400270028993 ], [ 73.42489964389901, 34.441101909635378 ], [ 73.423637406283518, 34.448867794415179 ], [ 73.42333985296797, 34.456024170729457 ], [ 73.422454842878665, 34.459564210268525 ], [ 73.422210702520729, 34.466793060867388 ], [ 73.422417961377192, 34.467226702076474 ], [ 73.425270091198314, 34.473194126935027 ], [ 73.426094063701811, 34.473434444847186 ], [ 73.426651011511552, 34.473445896783112 ], [ 73.427177445526056, 34.474124904788134 ], [ 73.43435670083268, 34.487148282974928 ], [ 73.43746186226835, 34.500545496652329 ], [ 73.43681683203333, 34.503047449031236 ], [ 73.436454787443452, 34.504451751753948 ], [ 73.435318002507842, 34.507736208981719 ], [ 73.430442820918444, 34.515090936784993 ], [ 73.429893508037139, 34.517490389352574 ], [ 73.430478144861766, 34.520558459527521 ], [ 73.430770888217637, 34.522094723868747 ], [ 73.434906013794333, 34.528495789935427 ], [ 73.436019904863443, 34.528514861794783 ], [ 73.441246042186734, 34.534503939102493 ], [ 73.442817699801594, 34.561428070673799 ], [ 73.44771577029374, 34.570312500773291 ], [ 73.449317942106148, 34.570575713007152 ], [ 73.450920118471871, 34.572448736101713 ], [ 73.452926648663052, 34.573005673917912 ], [ 73.454566963746601, 34.573459623407452 ], [ 73.45605469441405, 34.573886868031082 ], [ 73.456588753336661, 34.574356080451267 ], [ 73.460411081464699, 34.574432377439798 ], [ 73.462730414542193, 34.573814396575997 ], [ 73.46925355069807, 34.570098879174466 ], [ 73.473136911419772, 34.570182805637373 ], [ 73.475791935810136, 34.570236208754231 ], [ 73.47791291171373, 34.570858001626121 ], [ 73.483146678954469, 34.571517942766405 ], [ 73.486923229341656, 34.572971342626786 ], [ 73.487579358016106, 34.573390955858393 ], [ 73.48799134676851, 34.573657990555496 ], [ 73.491104133106958, 34.57419967897232 ], [ 73.492568979888034, 34.575080866618265 ], [ 73.497146618457606, 34.576557160350802 ], [ 73.500694287420146, 34.576625822865367 ], [ 73.501541143795578, 34.575954439333351 ], [ 73.503730787214678, 34.575340271381542 ], [ 73.509277351890901, 34.572746279091795 ], [ 73.509849559098313, 34.572071073547647 ], [ 73.510681161076803, 34.57208252048337 ], [ 73.510940565845871, 34.571636200466415 ], [ 73.517501840283572, 34.571102141964886 ], [ 73.518341072185308, 34.570682528282248 ], [ 73.522972118423411, 34.570777892130771 ], [ 73.524703994448799, 34.57131576353661 ], [ 73.526786811633642, 34.571960450281473 ], [ 73.528137218152153, 34.571983334153146 ], [ 73.528656017692725, 34.572452548042151 ], [ 73.529167187309397, 34.572921751931268 ], [ 73.533836371819348, 34.573238377281932 ], [ 73.53408814211511, 34.57325363168016 ], [ 73.53463746545215, 34.573726657581553 ], [ 73.535461437506981, 34.57374191197929 ], [ 73.537521375823559, 34.576721191235407 ], [ 73.539428720153595, 34.577194217585301 ], [ 73.539909375973522, 34.577453612358305 ], [ 73.541229258696433, 34.577854158728904 ], [ 73.544700630676914, 34.581825253882208 ], [ 73.545257573487547, 34.581832883356107 ], [ 73.546836865982954, 34.583679200116009 ], [ 73.547378549396143, 34.584121707670185 ], [ 73.547698986759073, 34.584133149606281 ], [ 73.547790538148419, 34.584136962068271 ], [ 73.547927862732536, 34.584140774530162 ], [ 73.553497321747528, 34.589229587330344 ], [ 73.557319649881862, 34.589511876423018 ], [ 73.5584182861042, 34.588867189225681 ], [ 73.559524547250433, 34.58822632494001 ], [ 73.563087471063696, 34.587841032514085 ], [ 73.563377389629522, 34.587387083022733 ], [ 73.568336497705346, 34.585704802178036 ], [ 73.569595347835033, 34.585582731989504 ], [ 73.569839487757193, 34.585559848116446 ], [ 73.570976267701013, 34.585449219864387 ], [ 73.577934271498862, 34.584789273713476 ], [ 73.579299937415954, 34.58431625736079 ], [ 73.580116279996375, 34.583892821665913 ], [ 73.586380011711469, 34.584022516951514 ], [ 73.588287365732484, 34.584270474158053 ], [ 73.592857374385076, 34.585964206931166 ], [ 73.597518929424908, 34.586055758317926 ], [ 73.597892769456976, 34.585941313054207 ], [ 73.598884589892776, 34.585628505160543 ], [ 73.602447513708341, 34.585243223184357 ], [ 73.607986458919186, 34.58264541888289 ], [ 73.612617500163751, 34.582740782282237 ], [ 73.61590576936247, 34.582805632335337 ], [ 73.618370066504482, 34.582168575061146 ], [ 73.61889649596867, 34.581966405868656 ], [ 73.62061310259368, 34.579528805028993 ], [ 73.628562932271151, 34.570644379918754 ], [ 73.628967291099556, 34.5703201300892 ], [ 73.630783089039923, 34.568881989622355 ], [ 73.631866460866306, 34.568897244019965 ], [ 73.638175975462389, 34.563152312077349 ], [ 73.63944245006661, 34.562255860480313 ], [ 73.640167246258812, 34.56219482788601 ], [ 73.640335089639663, 34.562183375499735 ], [ 73.644073496313396, 34.562374113202146 ], [ 73.6489410480103, 34.56360244909812 ], [ 73.650260935735488, 34.564105989245569 ], [ 73.650825513471418, 34.564323423285266 ], [ 73.657615668912143, 34.574157713099574 ], [ 73.660827641587048, 34.585056307895535 ], [ 73.660271423864188, 34.588532704289221 ], [ 73.660141003671512, 34.589347840419556 ], [ 73.657508858154614, 34.595142363016521 ], [ 73.658161911781889, 34.599284645273336 ], [ 73.658699045780097, 34.602691655981275 ], [ 73.659194956450605, 34.604290004905103 ], [ 73.660156258094446, 34.60648346536761 ], [ 73.664802558747539, 34.611484529240371 ], [ 73.673919686749159, 34.621234897586397 ], [ 73.681556708569587, 34.630767821893464 ], [ 73.688285836865361, 34.638168337882128 ], [ 73.688842779677231, 34.638179780267784 ], [ 73.690261853268169, 34.639602655884111 ], [ 73.694602975959796, 34.64627456366118 ], [ 73.695213326891931, 34.647365570424164 ], [ 73.696205147333288, 34.650085450357579 ], [ 73.69489929199591, 34.652401496432134 ], [ 73.694183357742588, 34.653671267642729 ], [ 73.690261853289783, 34.655082701776166 ], [ 73.688674931320051, 34.655120850498236 ], [ 73.688102729110568, 34.655570982527784 ], [ 73.683181769295473, 34.656093599090546 ], [ 73.682357796790043, 34.656604769163707 ], [ 73.676521308531861, 34.658943178691509 ], [ 73.67568970655249, 34.659633638634212 ], [ 73.671600349168358, 34.660221100701932 ], [ 73.666900645406457, 34.66217803526812 ], [ 73.664352426800605, 34.665061951124883 ], [ 73.663490306026716, 34.667053226947097 ], [ 73.663734446400085, 34.6678619346144 ], [ 73.664483497123001, 34.670468884755415 ], [ 73.667419439973813, 34.680686956075071 ], [ 73.67028809595449, 34.685718538746073 ], [ 73.675704960988227, 34.686038966109152 ], [ 73.678031928551263, 34.687942508000305 ], [ 73.681282054936403, 34.691581728400912 ], [ 73.683013925970101, 34.695491790962215 ], [ 73.686309825109845, 34.705646513146348 ], [ 73.687995918396993, 34.708522794075932 ], [ 73.691528322976751, 34.712738034155016 ], [ 73.693229685659148, 34.713371278964004 ], [ 73.693977365724777, 34.713634491198867 ], [ 73.69450379519067, 34.714328768602641 ], [ 73.699111952119623, 34.715789797937511 ], [ 73.701530461071201, 34.716560362331919 ], [ 73.706542977284073, 34.721378323872976 ], [ 73.706916817317591, 34.72200393375897 ], [ 73.707763675159683, 34.724269864006509 ], [ 73.708999639511276, 34.72548675816369 ], [ 73.711769114630926, 34.731822969176392 ], [ 73.71193695801351, 34.732990267931882 ], [ 73.715606697629539, 34.738269803439429 ], [ 73.720352179154347, 34.747333528859151 ], [ 73.723320016452121, 34.75400543163726 ], [ 73.726440437280345, 34.758586882279147 ], [ 73.731369023449886, 34.767459876896133 ], [ 73.731925974846206, 34.76747131737914 ], [ 73.733520516292572, 34.768623356735169 ], [ 73.737846384579868, 34.769851687631878 ], [ 73.742515574558851, 34.775123598664308 ], [ 73.74328614394706, 34.775367734038724 ], [ 73.745384225538189, 34.777629851568683 ], [ 73.750045785593784, 34.783153532450491 ], [ 73.7541198840362, 34.785049434866252 ], [ 73.757331861431894, 34.786460877480799 ], [ 73.761932378707087, 34.786773681434525 ], [ 73.764625561830471, 34.788387294755339 ], [ 73.76515961077105, 34.789085384621025 ], [ 73.769203195416722, 34.790302278581557 ], [ 73.770286567245961, 34.791225431961401 ], [ 73.773765569156197, 34.792877194002585 ], [ 73.77734375692836, 34.792938231593908 ], [ 73.783134467448406, 34.790576937744056 ], [ 73.785057071181768, 34.790382388025094 ], [ 73.785903937560931, 34.789943692931885 ], [ 73.792686473074284, 34.790531154542442 ], [ 73.794242861251433, 34.791019435297287 ], [ 73.795692453637727, 34.79147720224347 ], [ 73.7977447574834, 34.792625424137277 ], [ 73.798263556575691, 34.792919155169265 ], [ 73.799453744642577, 34.793582918775641 ], [ 73.80101776729218, 34.793617244583828 ], [ 73.801597604427045, 34.793632508981915 ], [ 73.802200320434423, 34.793643951367578 ], [ 73.804130559091973, 34.793220520672136 ], [ 73.809883125445126, 34.791976934920605 ], [ 73.81098938659521, 34.791324618249121 ], [ 73.821113594885816, 34.791954040590966 ], [ 73.822731025655472, 34.792648317993915 ], [ 73.822990425426923, 34.793113709870909 ], [ 73.823257454672671, 34.793579096298203 ], [ 73.824874885442213, 34.794067382047182 ], [ 73.82649231621167, 34.794551850334088 ], [ 73.83045959887211, 34.798458099982447 ], [ 73.832351688811315, 34.799388883285886 ], [ 73.83345795496281, 34.799640658134535 ], [ 73.843734752252658, 34.811794286060163 ], [ 73.849670420703006, 34.813694004350936 ], [ 73.851623543923353, 34.813545228963768 ], [ 73.854072571674607, 34.813316342985758 ], [ 73.854362490241584, 34.812862393494484 ], [ 73.855735785637847, 34.812458039659916 ], [ 73.856315617771898, 34.81154250575338 ], [ 73.858291634174407, 34.809795380305601 ], [ 73.858840947513031, 34.809810634703723 ], [ 73.8596496656223, 34.809616089985546 ], [ 73.860221872832739, 34.808937071979699 ], [ 73.861618052101178, 34.808044437395097 ], [ 73.867378238832671, 34.807468417713054 ], [ 73.872993475612503, 34.812316892601451 ], [ 73.873214727113449, 34.813007352993075 ], [ 73.875366216825128, 34.814399720261811 ], [ 73.88053132157529, 34.814720157176296 ], [ 73.883575440860298, 34.813861848849662 ], [ 73.884704595883932, 34.813217162102298 ], [ 73.887702951975243, 34.813270564770207 ], [ 73.891235357008043, 34.81423187686967 ], [ 73.891761786025313, 34.814922331811339 ], [ 73.892814644059641, 34.816066741243795 ], [ 73.895805360227698, 34.816562651916122 ], [ 73.897399907126541, 34.817733767683109 ], [ 73.901214610802469, 34.817806242211098 ], [ 73.902320866954284, 34.817596433094316 ], [ 73.90879059002981, 34.812305450644132 ], [ 73.913192750314337, 34.810806277582486 ], [ 73.913475038957642, 34.81037521241376 ], [ 73.918113715142852, 34.810459133877707 ], [ 73.922691353287391, 34.812557220485665 ], [ 73.923225412228916, 34.813259122813406 ], [ 73.924301154584853, 34.813510892662137 ], [ 73.927787790976922, 34.816707610958197 ], [ 73.92957306513388, 34.82125854280433 ], [ 73.935615550523053, 34.829479219297546 ], [ 73.938850407066354, 34.830917359761237 ], [ 73.946289071717999, 34.83103179502055 ], [ 73.947654732641823, 34.831054689342253 ], [ 73.949432381870352, 34.831081395676208 ], [ 73.954978947032075, 34.8314132699767 ], [ 73.956596382803966, 34.832107547379884 ], [ 73.961349494258272, 34.836727146742248 ], [ 73.962005622936104, 34.836875913264223 ], [ 73.962211615038214, 34.836925503471782 ], [ 73.962455755411298, 34.836978916591001 ], [ 73.963287357394364, 34.836990358526933 ], [ 73.964347844903244, 34.837673188994032 ], [ 73.96617889725394, 34.84064483877647 ], [ 73.972541815020065, 34.859111788397016 ], [ 73.972747811673017, 34.859687808075392 ], [ 73.974334718649544, 34.861297608935089 ], [ 73.97615814152546, 34.861717222595203 ], [ 73.976516727159023, 34.861797331620394 ], [ 73.984046943203438, 34.861980439397641 ], [ 73.985549928712217, 34.861724852085523 ], [ 73.990943909444297, 34.8634223973215 ], [ 73.994239808580744, 34.863025667960443 ], [ 73.999382024915462, 34.864677430001208 ], [ 73.999641419237847, 34.865367889943137 ], [ 74.000198372501274, 34.86537551986693 ], [ 74.002868661309336, 34.867439270217176 ], [ 74.00630951495603, 34.868122105683007 ], [ 74.00701141682913, 34.868263242730663 ], [ 74.010490423746873, 34.868953707670869 ], [ 74.013313296987292, 34.87019729841721 ], [ 74.016967776761959, 34.871768951004604 ], [ 74.018325812762939, 34.87202453331534 ], [ 74.024078379580303, 34.871891021188603 ], [ 74.025733954072734, 34.871459966019131 ], [ 74.028923037423581, 34.87267303251874 ], [ 74.02952576343263, 34.872901918495018 ], [ 74.030311592221935, 34.873580931500236 ], [ 74.032096866381309, 34.879249576894352 ], [ 74.038665780793963, 34.888835903873208 ], [ 74.039466863981019, 34.888847355809197 ], [ 74.040023811794967, 34.888854980733001 ], [ 74.042175301510269, 34.890472411516527 ], [ 74.041839609748891, 34.892284392018887 ], [ 74.040272015552858, 34.895180128112855 ], [ 74.038093573591667, 34.899204252637894 ], [ 74.038682717257771, 34.903631447840297 ], [ 74.039657601256337, 34.910957333747625 ], [ 74.043853759902035, 34.91779327244631 ], [ 74.045211795902986, 34.917812348856579 ], [ 74.048439032975651, 34.919887541592686 ], [ 74.05122375749518, 34.919940944710689 ], [ 74.051559448808604, 34.919944761722832 ], [ 74.051712037791859, 34.919948574184836 ], [ 74.055267336703011, 34.921150209197521 ], [ 74.058975219599859, 34.924839020256009 ], [ 74.064704902097617, 34.925582883314668 ], [ 74.065551763480187, 34.92594528141462 ], [ 74.065803528777479, 34.926055909216004 ], [ 74.070571904634221, 34.930606841510404 ], [ 74.072463994129023, 34.932491301541909 ], [ 74.073982244040835, 34.93591308835358 ], [ 74.074226388474287, 34.937034605113425 ], [ 74.073352870708476, 34.940029834169096 ], [ 74.072723393909456, 34.942188261775044 ], [ 74.067588812954369, 34.950443269083308 ], [ 74.064277654426817, 34.960777281590268 ], [ 74.063598641430474, 34.965263363831639 ], [ 74.063789368686258, 34.966979980481085 ], [ 74.064004250177987, 34.96848925639739 ], [ 74.064270024511714, 34.97035598909806 ], [ 74.066497806225499, 34.979057311419417 ], [ 74.065926307412568, 34.982303865768429 ], [ 74.065505985339655, 34.984691620106382 ], [ 74.064941408052022, 34.985370633112161 ], [ 74.063323977279339, 34.985340124765713 ], [ 74.060264593591981, 34.987541199704737 ], [ 74.060485844644717, 34.989555359848652 ], [ 74.061019903586512, 34.990051270072676 ], [ 74.062339786318134, 34.99167633078072 ], [ 74.062359244284821, 34.991694701140602 ], [ 74.064727786483445, 34.993930818836454 ], [ 74.065238956103045, 34.994586947519267 ], [ 74.070449834506974, 34.994903567422007 ], [ 74.071556095210624, 34.994464872328756 ], [ 74.073486333873902, 34.994499208586753 ], [ 74.073852549433752, 34.994503021048651 ], [ 74.074279792137133, 34.994510650522841 ], [ 74.076736459818164, 34.994789127155521 ], [ 74.077560432328113, 34.995258331044596 ], [ 74.081527714548358, 35.000068662663288 ], [ 74.090843204755487, 35.002101894213617 ], [ 74.092185981809649, 35.003456113211776 ], [ 74.092987064997757, 35.004379276592033 ], [ 74.09430695272971, 35.005893704048887 ], [ 74.094779968629027, 35.006820679891298 ], [ 74.10316467599047, 35.010581970477894 ], [ 74.103965759177925, 35.010593412413812 ], [ 74.105552676156108, 35.012435911712259 ], [ 74.10820770601849, 35.015415185968813 ], [ 74.108406068199145, 35.018115999042315 ], [ 74.108108524707518, 35.018795017048042 ], [ 74.10712910888671, 35.019811933442746 ], [ 74.106414801944069, 35.020553589881331 ], [ 74.103668216144925, 35.021400456271039 ], [ 74.097702027755304, 35.030094148672205 ], [ 74.092956546225722, 35.031593321733517 ], [ 74.092689521530545, 35.032024386902215 ], [ 74.09139251812276, 35.032459259983142 ], [ 74.091026307563368, 35.032909392012314 ], [ 74.090271002571129, 35.033058168535071 ], [ 74.089935306257686, 35.033126831052947 ], [ 74.089355474121817, 35.033802036596732 ], [ 74.085182198601132, 35.035976417237997 ], [ 74.079963691927858, 35.036575319204871 ], [ 74.079139714418858, 35.037223818414041 ], [ 74.077468875977388, 35.037860870687226 ], [ 74.076362610844853, 35.03807067280237 ], [ 74.075775148213779, 35.038738255873206 ], [ 74.073570260382056, 35.040279389666651 ], [ 74.072471624152627, 35.040493011245402 ], [ 74.071098333753497, 35.040924076414619 ], [ 74.066322332980903, 35.044445039094349 ], [ 74.067634591238374, 35.046272274444043 ], [ 74.068804770358241, 35.048286946166449 ], [ 74.07228088691123, 35.054271699436192 ], [ 74.072540291234276, 35.055629725447247 ], [ 74.074157722010085, 35.059001921601599 ], [ 74.077873234830975, 35.062664031325241 ], [ 74.079223636359188, 35.064037326734152 ], [ 74.084091193085825, 35.074954988839934 ], [ 74.089981084048901, 35.083618167438665 ], [ 74.092079166096454, 35.086463929571586 ], [ 74.09246063605876, 35.091079711474208 ], [ 74.093215943368889, 35.092441559416436 ], [ 74.094322207206346, 35.092689517333945 ], [ 74.095115670470364, 35.093387607199595 ], [ 74.101623542284997, 35.095520020065976 ], [ 74.10350036782998, 35.096004483353013 ], [ 74.106292731825221, 35.096614834289184 ], [ 74.111419678315599, 35.097736354847022 ], [ 74.111686713011608, 35.098182674413927 ], [ 74.112770084843689, 35.098628999430133 ], [ 74.114440923736822, 35.099575041682741 ], [ 74.115753176544345, 35.100620265250242 ], [ 74.117362982393729, 35.100772859233807 ], [ 74.11890411662516, 35.100917818293432 ], [ 74.122619633994447, 35.100982663347551 ], [ 74.126930242898752, 35.101051330413647 ], [ 74.129928598996727, 35.101451877233707 ], [ 74.130409244819518, 35.101657868887543 ], [ 74.131988528835379, 35.102343788132629 ], [ 74.132209783420421, 35.102439885363147 ], [ 74.13432312441617, 35.103889467763949 ], [ 74.134696964452147, 35.105785370182218 ], [ 74.134193424759175, 35.108489985268335 ], [ 74.133682787367803, 35.109115557341944 ], [ 74.131820678995609, 35.111396789997038 ], [ 74.129020689896791, 35.114185336874343 ], [ 74.126228340636075, 35.116611485453845 ], [ 74.122734074319141, 35.118320463080352 ], [ 74.118820194772908, 35.119667057156853 ], [ 74.116783141236112, 35.120700838768734 ], [ 74.114875796431164, 35.122196198937729 ], [ 74.113052373557068, 35.123664858200847 ], [ 74.111648564361914, 35.125225068854327 ], [ 74.110641479522613, 35.126098636578071 ], [ 74.109779358743722, 35.12810134478601 ], [ 74.110755924790709, 35.132186895205088 ], [ 74.110795159918553, 35.132253863141692 ], [ 74.11309814676315, 35.136184696695025 ], [ 74.114128115926235, 35.136981967425633 ], [ 74.11528015527719, 35.139194489748704 ], [ 74.116912850451456, 35.142284396807113 ], [ 74.11698913744533, 35.144767760840558 ], [ 74.116081238470883, 35.146278385836446 ], [ 74.116062985942833, 35.146292768725473 ], [ 74.114173894130786, 35.147781371358519 ], [ 74.111579897314769, 35.14821243197796 ], [ 74.109992989888454, 35.148067472468689 ], [ 74.108306892046869, 35.147098535893555 ], [ 74.106910712323369, 35.145538335241376 ], [ 74.105232243955754, 35.144096377764484 ], [ 74.10392761562268, 35.143131253201574 ], [ 74.101997382407617, 35.141723631533935 ], [ 74.097793589292863, 35.141803740990092 ], [ 74.095703132171877, 35.141841889712062 ], [ 74.094573977146467, 35.142944338412377 ], [ 74.0931701679512, 35.144046782112795 ], [ 74.092323311569118, 35.144260408691324 ], [ 74.090972905043458, 35.145694731695258 ], [ 74.090705880348551, 35.146377562163053 ], [ 74.0901489275345, 35.146369937239243 ], [ 74.088218694322137, 35.147689819980144 ], [ 74.087554935720391, 35.148246762798486 ], [ 74.080368050910579, 35.150596614711468 ], [ 74.073791507031643, 35.150257110487061 ], [ 74.073280341962914, 35.150142665223896 ], [ 74.070533756163584, 35.149509430414923 ], [ 74.070266731917371, 35.149074552784413 ], [ 74.068923954864189, 35.148166653802981 ], [ 74.068122866677101, 35.148147581942844 ], [ 74.067283635219155, 35.148136140006869 ], [ 74.06701661052324, 35.147670743129943 ], [ 74.06430054352019, 35.146480555502848 ], [ 74.063209536765044, 35.14645767163055 ], [ 74.062660223425041, 35.146015164076189 ], [ 74.055297855758653, 35.145656582991712 ], [ 74.050956733058825, 35.143539429522903 ], [ 74.047149659302079, 35.143245698942195 ], [ 74.044967660791343, 35.142318723100665 ], [ 74.039039621119585, 35.14336013920969 ], [ 74.037315374560194, 35.14415741039133 ], [ 74.036132816416213, 35.144889831067196 ], [ 74.034660339703876, 35.145313261762119 ], [ 74.032508855441094, 35.145931242175081 ], [ 74.032249455670183, 35.146377562191915 ], [ 74.031974796500919, 35.146835329145141 ], [ 74.031135564593782, 35.147048950274005 ], [ 74.024032596706817, 35.152641298680471 ], [ 74.021888736919777, 35.154331208996311 ], [ 74.020751961971527, 35.15565872121126 ], [ 74.019622806496798, 35.156299590946141 ], [ 74.01515961361639, 35.158481599475259 ], [ 74.013519288973043, 35.159332272876867 ], [ 74.01268006206584, 35.159317018478845 ], [ 74.009048471169322, 35.161975865820992 ], [ 74.005630501851229, 35.166416164418891 ], [ 74.004592903220058, 35.170757297150502 ], [ 74.004714973407886, 35.172080997352396 ], [ 74.003158575234806, 35.176956178579779 ], [ 73.999748235390115, 35.180282596991049 ], [ 73.992050175966511, 35.180599216900447 ], [ 73.988288885405552, 35.178726198356777 ], [ 73.982254029947924, 35.178184509940415 ], [ 73.980628974252454, 35.177700041653303 ], [ 73.978775028030384, 35.175632478840711 ], [ 73.977691655750078, 35.17517471188831 ], [ 73.970603952258571, 35.173679356295011 ], [ 73.969795234147497, 35.172771457313374 ], [ 73.968742371112796, 35.171630859893199 ], [ 73.96667480831627, 35.171012879482575 ], [ 73.965484620248006, 35.170658111306793 ], [ 73.9649429368326, 35.170188907417639 ], [ 73.964820866646136, 35.170166013095169 ], [ 73.963584905832832, 35.169937137119291 ], [ 73.96000671760504, 35.17010116849174 ], [ 73.959167486148161, 35.170314789620654 ], [ 73.955802919499732, 35.17318344607893 ], [ 73.950050363147994, 35.182331087971811 ], [ 73.944740303893639, 35.187587739612084 ], [ 73.938987737088738, 35.192707061217007 ], [ 73.933143623895461, 35.198642725863245 ], [ 73.932327281311487, 35.198829650657245 ], [ 73.930603034755222, 35.20047378822747 ], [ 73.926185615073862, 35.202178952943257 ], [ 73.925598148464985, 35.202831269614357 ], [ 73.919296268771475, 35.206974030169498 ], [ 73.91723633045244, 35.208106992667418 ], [ 73.913116458812127, 35.208343508570465 ], [ 73.911201485000731, 35.208454136373014 ], [ 73.910377507492498, 35.208206178986167 ], [ 73.907875067072425, 35.209037780977667 ], [ 73.90074920924512, 35.20849228559895 ], [ 73.896347049584733, 35.209278108897635 ], [ 73.894287111264916, 35.209239960177825 ], [ 73.888145450026173, 35.209133149392692 ], [ 73.881362924056631, 35.206306454123393 ], [ 73.873680119041936, 35.206638338431738 ], [ 73.870597851487247, 35.206771850557629 ], [ 73.867042547585172, 35.206478119977248 ], [ 73.865165722045901, 35.206695558568967 ], [ 73.859214788067391, 35.210178372978945 ], [ 73.858451853604109, 35.211303711001655 ], [ 73.857887275867782, 35.211532591978695 ], [ 73.853866580550033, 35.216602323375263 ], [ 73.847358708765569, 35.224609377848381 ], [ 73.847335824443817, 35.225063327339413 ], [ 73.84676361723362, 35.225494382958026 ], [ 73.843582163816478, 35.226093296511529 ], [ 73.842376721352451, 35.226322172488914 ], [ 73.840522775137146, 35.227451327524747 ], [ 73.831527716878583, 35.231067654060823 ], [ 73.830719004219318, 35.231048582650601 ], [ 73.829574594799141, 35.231941227235005 ], [ 73.828773501614279, 35.231929774849561 ], [ 73.827934269708962, 35.231918332913665 ], [ 73.827102667728354, 35.232563020110597 ], [ 73.824867256556331, 35.233638767027365 ], [ 73.822662359179887, 35.233833317196122 ], [ 73.819602975501866, 35.235599514505125 ], [ 73.815452580070584, 35.236171721724524 ], [ 73.815170291427847, 35.236618041291734 ], [ 73.814872747937159, 35.237071990783043 ], [ 73.811843883504579, 35.237930299559615 ], [ 73.811546330013954, 35.238357542266392 ], [ 73.7991333078933, 35.240871425105297 ], [ 73.798309335386719, 35.241039273488617 ], [ 73.796913151119242, 35.241008759692761 ], [ 73.79637146725625, 35.241436002849312 ], [ 73.789100656002674, 35.241069792291881 ], [ 73.788215646352526, 35.241008759698836 ], [ 73.787857060268024, 35.240810397519333 ], [ 73.787391668845274, 35.24055481020833 ], [ 73.777496346539323, 35.239757534484227 ], [ 73.776977541996686, 35.238605495127459 ], [ 73.776443488505961, 35.23790359279969 ], [ 73.772903449005796, 35.236965185472975 ], [ 73.761955273659083, 35.227306363518686 ], [ 73.76140595032156, 35.227298739044699 ], [ 73.760345467365269, 35.226127627827786 ], [ 73.758728031597869, 35.225437167887058 ], [ 73.758178718260268, 35.225429537963386 ], [ 73.756843576135324, 35.224254609734359 ], [ 73.756034858475715, 35.22333145635438 ], [ 73.752807626415702, 35.222164152601131 ], [ 73.752273567925187, 35.22146987519745 ], [ 73.751457225341923, 35.220764155408013 ], [ 73.750221259082196, 35.22046279990213 ], [ 73.747642521674095, 35.219825748081384 ], [ 73.744697578256151, 35.217704772150555 ], [ 73.740905768912143, 35.217704772153361 ], [ 73.737846385234704, 35.217376709864411 ], [ 73.736816416075996, 35.216667178062664 ], [ 73.735466015002459, 35.215293887654092 ], [ 73.732452404519208, 35.214336393016858 ], [ 73.731918345579174, 35.213661192473644 ], [ 73.731689459604709, 35.213207247982716 ], [ 73.730003361771352, 35.21316909971268 ], [ 73.729171759792337, 35.214042662436611 ], [ 73.727508555832557, 35.2146759072481 ], [ 73.726417549082257, 35.214889528827143 ], [ 73.723861700552092, 35.217540741245372 ], [ 73.72248078523522, 35.217971806415001 ], [ 73.721916207499632, 35.217952729554973 ], [ 73.721046457250168, 35.219058990717429 ], [ 73.720466625117666, 35.219940183365139 ], [ 73.716339124016102, 35.22190094039302 ], [ 73.7151413064813, 35.224353785630569 ], [ 73.715709538843882, 35.228935153468576 ], [ 73.715812695012261, 35.229766848264092 ], [ 73.718307500963263, 35.237274170494473 ], [ 73.719306956340176, 35.248554230252864 ], [ 73.721862804883884, 35.255805970171785 ], [ 73.722061162064094, 35.257846831650461 ], [ 73.722595220554425, 35.258522037193565 ], [ 73.727043159044129, 35.274150849604567 ], [ 73.726387030373189, 35.277294155233449 ], [ 73.726335546627382, 35.277373972654523 ], [ 73.725250255430353, 35.279056550079183 ], [ 73.720260628557199, 35.284500121513936 ], [ 73.718421941294523, 35.286136629160438 ], [ 73.716987613311446, 35.288368223345735 ], [ 73.710784919513401, 35.301269531356333 ], [ 73.709358221005829, 35.304260257551761 ], [ 73.70733643141746, 35.308208468387122 ], [ 73.699836739216252, 35.319103241179 ], [ 73.699584969374925, 35.322559358800895 ], [ 73.699818384749136, 35.325550448178483 ], [ 73.700325019979005, 35.332042692455708 ], [ 73.700244692680471, 35.336199576537517 ], [ 73.699974063845701, 35.350204469561127 ], [ 73.700099393768838, 35.351371996578578 ], [ 73.700408946476827, 35.354255673721603 ], [ 73.700668341248061, 35.354946138663472 ], [ 73.709533694417388, 35.378524780857788 ], [ 73.71160126721243, 35.383068082779303 ], [ 73.714042675488628, 35.386955261017356 ], [ 73.715713503925599, 35.388977051084098 ], [ 73.719230664554985, 35.393623356781283 ], [ 73.719787602366395, 35.393630981255143 ], [ 73.724830637374012, 35.399967197265909 ], [ 73.725303658272793, 35.401786807691941 ], [ 73.728050239516463, 35.407150269666481 ], [ 73.734741219093038, 35.418159483160267 ], [ 73.735649113066501, 35.419666290693193 ], [ 73.738868720205048, 35.423793791843742 ], [ 73.739669808389024, 35.424041749680171 ], [ 73.741333012352314, 35.426177980010351 ], [ 73.742401129780717, 35.426193234407918 ], [ 73.745063794106215, 35.429153441803372 ], [ 73.745628361841796, 35.429161071277342 ], [ 73.746978768363803, 35.429878238002821 ], [ 73.754684452247147, 35.437881470453576 ], [ 73.756073007039504, 35.438140870225958 ], [ 73.75688935462162, 35.438159947085786 ], [ 73.757156379316555, 35.438625338513162 ], [ 73.758514410312401, 35.438877108361488 ], [ 73.758773815083543, 35.439342494788768 ], [ 73.761802679965768, 35.440795899650368 ], [ 73.762641911420417, 35.440807342035811 ], [ 73.763145456564033, 35.441482542579045 ], [ 73.764617922352556, 35.441787723330648 ], [ 73.769065861294365, 35.44401550681588 ], [ 73.772918708681686, 35.444316862769348 ], [ 73.773704537468319, 35.445014952185225 ], [ 73.774269115204135, 35.445030211583173 ], [ 73.774360666143977, 35.445034024045199 ], [ 73.774543768923209, 35.445037846507056 ], [ 73.783218394818405, 35.449039460004165 ], [ 73.784858715837103, 35.449073784797804 ], [ 73.785125739152576, 35.449512481354326 ], [ 73.785369879525391, 35.449943546972413 ], [ 73.791351326850233, 35.452320094762918 ], [ 73.795104987929577, 35.456008911270168 ], [ 73.795600898150866, 35.457828521246498 ], [ 73.795075308580152, 35.461656744028588 ], [ 73.794525151257744, 35.465663910321034 ], [ 73.791290295661568, 35.472808845845869 ], [ 73.791404729997083, 35.473499294396966 ], [ 73.791519170260386, 35.474388121968232 ], [ 73.790855416665394, 35.477973939702025 ], [ 73.791114811437126, 35.47888565069632 ], [ 73.78726196951952, 35.494201660670306 ], [ 73.787040723020866, 35.495002743863552 ], [ 73.78729249331856, 35.496124264423599 ], [ 73.78649902961898, 35.503768920792673 ], [ 73.786822886101447, 35.505972449782796 ], [ 73.787628184651211, 35.511451721330914 ], [ 73.787180962576315, 35.51385264781144 ], [ 73.786003119422091, 35.520175932527529 ], [ 73.784873969402, 35.521495820268264 ], [ 73.782646187705879, 35.521980288557906 ], [ 73.78098298374529, 35.52234268665957 ], [ 73.77822114291051, 35.522293095715121 ], [ 73.776054389455012, 35.522026061758034 ], [ 73.773521429795039, 35.523345949050217 ], [ 73.771881114706687, 35.523315425254509 ], [ 73.770744330211329, 35.523727414013081 ], [ 73.763610848098935, 35.524028779525196 ], [ 73.76108552336332, 35.525348667266996 ], [ 73.759963992925762, 35.525466924868994 ], [ 73.758865366591465, 35.525531770049895 ], [ 73.755561842543912, 35.526130678603792 ], [ 73.753875744712175, 35.526996616853978 ], [ 73.752738959767797, 35.527656558 ], [ 73.750267037700468, 35.528068546759606 ], [ 73.748611458664413, 35.528270726402624 ], [ 73.748069774802048, 35.528694152097223 ], [ 73.74611664272588, 35.529548647961555 ], [ 73.741683968657512, 35.529922488451469 ], [ 73.741424563887833, 35.530368808018693 ], [ 73.735832225554972, 35.532497403430405 ], [ 73.73501587797324, 35.532485961494658 ], [ 73.731063850180576, 35.536479950526797 ], [ 73.73035431839368, 35.541408534873447 ], [ 73.727699283553676, 35.545635222343165 ], [ 73.726028454672488, 35.547401429651408 ], [ 73.723770149632017, 35.54821777724483 ], [ 73.720748914229816, 35.549312591472628 ], [ 73.713615427570872, 35.548492431424748 ], [ 73.708419804038812, 35.546611788408789 ], [ 73.697753917361695, 35.545486445844766 ], [ 73.685630803381557, 35.546096801342493 ], [ 73.676834117320126, 35.546543121366511 ], [ 73.672660838026786, 35.547061925916751 ], [ 73.670127878820537, 35.548336035013925 ], [ 73.669326795637872, 35.54831695360383 ], [ 73.669029242148142, 35.54877090309509 ], [ 73.668731699108022, 35.549224852586441 ], [ 73.662918099731755, 35.551116942098275 ], [ 73.661491401673644, 35.55268860013846 ], [ 73.65622712563389, 35.554145817019212 ], [ 73.652534492166183, 35.557682034548058 ], [ 73.651161206775612, 35.558113099717808 ], [ 73.648315439683529, 35.560527796236002 ], [ 73.647750866948968, 35.560516354299949 ], [ 73.643524174542591, 35.563358303975711 ], [ 73.643226631502941, 35.564010620646656 ], [ 73.642662054871721, 35.564895627666893 ], [ 73.641548163148968, 35.565101622411547 ], [ 73.640449536926383, 35.565311436528653 ], [ 73.639862065320457, 35.565986632522389 ], [ 73.639312751985244, 35.566661833066391 ], [ 73.63849640440516, 35.566848758310407 ], [ 73.635421766337771, 35.567680360303115 ], [ 73.633056650061761, 35.567455296340995 ], [ 73.629653940155748, 35.567131046964455 ], [ 73.62882233817821, 35.567775723711904 ], [ 73.627990731199702, 35.567764281776263 ], [ 73.624710096478751, 35.566799167665316 ], [ 73.624725350876275, 35.566349030636182 ], [ 73.619430556032128, 35.560848233628576 ], [ 73.618865978297833, 35.560840609154695 ], [ 73.616416935555407, 35.55967331040128 ], [ 73.615608227898065, 35.558967596061542 ], [ 73.613426219401362, 35.558700561366017 ], [ 73.612060558485126, 35.558670042570419 ], [ 73.611511235597987, 35.558200838681358 ], [ 73.608779918764228, 35.557254791430402 ], [ 73.607688917016105, 35.557228085096469 ], [ 73.60656739147089, 35.556755068745943 ], [ 73.595390330195514, 35.555641177670381 ], [ 73.593055733166125, 35.554904939535078 ], [ 73.587608344350144, 35.554115298283477 ], [ 73.580978402396354, 35.552474973632179 ], [ 73.580070503427322, 35.552459719234562 ], [ 73.579055798670836, 35.552440642375153 ], [ 73.571067820726498, 35.550678252088012 ], [ 73.564773570537866, 35.55066681015753 ], [ 73.557815561754197, 35.551525118938727 ], [ 73.553298966239225, 35.554794311321636 ], [ 73.550140391716553, 35.55880737721435 ], [ 73.549583443457209, 35.558795925278432 ], [ 73.549041755046417, 35.559211736049164 ], [ 73.545661934472193, 35.561641697416192 ], [ 73.542617805205737, 35.562213894635768 ], [ 73.541213996022563, 35.563335420197419 ], [ 73.540061961684572, 35.56422805478239 ], [ 73.535049450501461, 35.565673824727156 ], [ 73.534332284236655, 35.56628036320329 ], [ 73.532012951160908, 35.566986082546038 ], [ 73.524299637393753, 35.566833499019026 ], [ 73.523757948981569, 35.566364290130096 ], [ 73.522399917541421, 35.566108702370343 ], [ 73.517929085213396, 35.56341171221289 ], [ 73.517417920597367, 35.562709804885252 ], [ 73.515380866161337, 35.561897279757829 ], [ 73.506622328844017, 35.561275486892789 ], [ 73.50214387160004, 35.56230926852907 ], [ 73.497924819130006, 35.565608979708905 ], [ 73.495140084636006, 35.566436769689403 ], [ 73.494155893679249, 35.567359923071102 ], [ 73.492019663835478, 35.569320680098002 ], [ 73.491180431935021, 35.569305425700428 ], [ 73.489227309417544, 35.569931031038323 ], [ 73.485588084078415, 35.572528840339231 ], [ 73.48171235283921, 35.573139196280735 ], [ 73.477424632847189, 35.572658540009712 ], [ 73.476120004975897, 35.572196961045599 ], [ 73.469116218005695, 35.571094512353241 ], [ 73.468330394223202, 35.570625308464514 ], [ 73.463142405187625, 35.569393159658709 ], [ 73.462341322007006, 35.5689201337577 ], [ 73.457160962447887, 35.568492890607018 ], [ 73.454383862877123, 35.567794800743954 ], [ 73.452606213213755, 35.567604063490279 ], [ 73.448562638594964, 35.567173007876448 ], [ 73.444702162205019, 35.567111965286855 ], [ 73.439201365286678, 35.567028043826433 ], [ 73.430908214401171, 35.566226960642545 ], [ 73.424987804708167, 35.565654757982898 ], [ 73.421981818770519, 35.565593714595941 ], [ 73.415733352186734, 35.563217167604719 ], [ 73.415130625734236, 35.563209537681409 ], [ 73.414619461120481, 35.563201903207613 ], [ 73.411941542413246, 35.561561588103551 ], [ 73.410896308860472, 35.55996704119282 ], [ 73.409805312116802, 35.560165408373841 ], [ 73.406791702102623, 35.559879307268943 ], [ 73.40484620906274, 35.560523984467579 ], [ 73.402832048957862, 35.562053686326031 ], [ 73.390274062900787, 35.577880860485543 ], [ 73.387420670901761, 35.581226350309294 ], [ 73.384590163223535, 35.583889004665494 ], [ 73.37907410737651, 35.589916230705761 ], [ 73.37876893941521, 35.59080124036582 ], [ 73.378211986607354, 35.590793610892185 ], [ 73.369644176587315, 35.60005569805589 ], [ 73.369087233779538, 35.6000366216457 ], [ 73.368522656047887, 35.600028991722397 ], [ 73.367973343165531, 35.600704197716389 ], [ 73.367393511037179, 35.601352691925719 ], [ 73.363159194176106, 35.602058406271411 ], [ 73.360198986835442, 35.602550504037431 ], [ 73.356025713202683, 35.604244226634677 ], [ 73.349113476560191, 35.60500717174974 ], [ 73.343261733949902, 35.606895449251496 ], [ 73.335258501648596, 35.60717773835735 ], [ 73.33282472332003, 35.607261659827095 ], [ 73.3292999432512, 35.60814666494084 ], [ 73.327758804490486, 35.608844754359268 ], [ 73.325294512366114, 35.609004973270778 ], [ 73.32205201593824, 35.609733586937914 ], [ 73.318893451425183, 35.610443118744492 ], [ 73.317214983082053, 35.61132049393197 ], [ 73.313934338383007, 35.611454006060043 ], [ 73.311683672835869, 35.612754821942573 ], [ 73.310035723287697, 35.612953189124291 ], [ 73.305862439025404, 35.613975528375342 ], [ 73.304168716284707, 35.614830014690035 ], [ 73.303062450146641, 35.615493778298742 ], [ 73.302223223249456, 35.61547851390138 ], [ 73.300041214767745, 35.615882872737991 ], [ 73.299995436573397, 35.615890502662118 ], [ 73.298881545961692, 35.616752623450353 ], [ 73.298042309514273, 35.616737369053098 ], [ 73.291893018425426, 35.61973571473002 ], [ 73.286918650987843, 35.620540620391729 ], [ 73.286346453784063, 35.620979310485239 ], [ 73.285224928248354, 35.621643069093814 ], [ 73.282760641126572, 35.621818542404036 ], [ 73.281044024065324, 35.62290191424573 ], [ 73.280464187387878, 35.62355041345532 ], [ 73.277160663369699, 35.623706819906054 ], [ 73.273796096762993, 35.625419614547944 ], [ 73.272697461292125, 35.625625604078891 ], [ 73.263084427000521, 35.632633205762737 ], [ 73.259353650295921, 35.636806490116449 ], [ 73.25601197801187, 35.638107296000577 ], [ 73.25459291444038, 35.63942337128055 ], [ 73.250625631536138, 35.642719264781221 ], [ 73.248931904100701, 35.643569949302062 ], [ 73.24835970152067, 35.644012456992158 ], [ 73.245071427284529, 35.645954137026472 ], [ 73.244232190840506, 35.646831512212977 ], [ 73.243095415907376, 35.647258755370764 ], [ 73.242828381217265, 35.647869111308665 ], [ 73.241889973459109, 35.64812851608341 ], [ 73.241012588295561, 35.649227142322495 ], [ 73.234764116807995, 35.654342651920892 ], [ 73.231040969577933, 35.657390593252408 ], [ 73.23056032331381, 35.657772068214008 ], [ 73.229103101474109, 35.659534453510815 ], [ 73.223167436976524, 35.665191651528701 ], [ 73.222274802414418, 35.66592025474322 ], [ 73.22031404543506, 35.666542052620024 ], [ 73.215492266996733, 35.670940400939628 ], [ 73.2135238800943, 35.671787267330991 ], [ 73.212432883355447, 35.671768185472139 ], [ 73.207984944937991, 35.672782900249899 ], [ 73.207298297024479, 35.673000333841351 ], [ 73.205444350833588, 35.674079893671085 ], [ 73.203323384950295, 35.674709321022569 ], [ 73.202735918350271, 35.675365450156242 ], [ 73.200523396079191, 35.676227575946371 ], [ 73.196754470656316, 35.678405762016837 ], [ 73.19618226845391, 35.678825380249897 ], [ 73.195884720417183, 35.679279329741469 ], [ 73.187797566238245, 35.682228090214714 ], [ 73.186393757066469, 35.683086398991307 ], [ 73.179008500210799, 35.689685821803337 ], [ 73.173965470725733, 35.692039491182719 ], [ 73.171722434724046, 35.692909237296234 ], [ 73.170944235359897, 35.69348144366522 ], [ 73.165191669095918, 35.697929382194481 ], [ 73.163269060389297, 35.698333741480894 ], [ 73.158447281508955, 35.702507015836908 ], [ 73.155891433011305, 35.704250339275198 ], [ 73.154205335202022, 35.705333711117149 ], [ 73.152244587776622, 35.70595550399419 ], [ 73.150299095199173, 35.706592566269599 ], [ 73.14462282047927, 35.710971837281171 ], [ 73.143486040549362, 35.711372379104418 ], [ 73.139259358643059, 35.714435579835744 ], [ 73.137878433344355, 35.714862822994128 ], [ 73.136215229405778, 35.715045930778111 ], [ 73.134948749828098, 35.719299319582817 ], [ 73.135185260275676, 35.720211031026778 ], [ 73.134819049723546, 35.720676422454865 ], [ 73.134315510038931, 35.721313479728032 ], [ 73.133758562236309, 35.721954344013689 ], [ 73.133987447782474, 35.730972291241677 ], [ 73.132782006971013, 35.734325416697047 ], [ 73.133411719194186, 35.738397013514124 ], [ 73.13423158818658, 35.743698121390892 ], [ 73.137207050413679, 35.763637542736042 ], [ 73.136819015863338, 35.766492174932417 ], [ 73.136169456366744, 35.771270752170388 ], [ 73.136436480609149, 35.771705629800643 ], [ 73.135612503573341, 35.775230404941723 ], [ 73.134941120075638, 35.781330105506932 ], [ 73.135416727588847, 35.783075229377616 ], [ 73.135437030742366, 35.783149725932638 ], [ 73.135696430077786, 35.789661410254197 ], [ 73.137962360484678, 35.796909337260175 ], [ 73.144775414722005, 35.806724550658565 ], [ 73.145622271112643, 35.815120700011732 ], [ 73.146575943294238, 35.825210572141593 ], [ 73.148094193187134, 35.829063419120672 ], [ 73.149177564848301, 35.829082488399237 ], [ 73.152977009227811, 35.832618713049591 ], [ 73.15384675991811, 35.832870482897576 ], [ 73.154380818402487, 35.833538058966013 ], [ 73.154151932442375, 35.837505341660865 ], [ 73.153019357513031, 35.838369678090984 ], [ 73.152992268641611, 35.838390351322346 ], [ 73.151329064702992, 35.838584901042758 ], [ 73.146301289169244, 35.839824679336466 ], [ 73.143516559701411, 35.841102601347814 ], [ 73.140014668974729, 35.842418671631343 ], [ 73.138183616661081, 35.843677526780638 ], [ 73.133720413857958, 35.84513855112619 ], [ 73.130569478841551, 35.847782133623703 ], [ 73.129188553993416, 35.848178867985325 ], [ 73.127624530919547, 35.848785406463406 ], [ 73.126144424762302, 35.850257873190237 ], [ 73.123191856920926, 35.852729794842624 ], [ 73.122673052388635, 35.853214263131434 ], [ 73.122108475110394, 35.853202821195985 ], [ 73.119567891013389, 35.85449600260533 ], [ 73.108352686176261, 35.864559172970878 ], [ 73.100387592674352, 35.87406540096265 ], [ 73.092567467762507, 35.877033233297638 ], [ 73.09082796184056, 35.878547670758316 ], [ 73.089149498508348, 35.879199987431996 ], [ 73.085563685869545, 35.879112248059855 ], [ 73.084724444429284, 35.879753112795655 ], [ 73.082222003604954, 35.880821230240912 ], [ 73.081382772162826, 35.880798346369517 ], [ 73.080261251632393, 35.880775452049001 ], [ 73.079116842233717, 35.882095339791 ], [ 73.077713032614895, 35.882057191522208 ], [ 73.075851461502282, 35.881134038144694 ], [ 73.074073817300061, 35.878959659095237 ], [ 73.072738665196354, 35.878566742200164 ], [ 73.067977929336891, 35.870399473830439 ], [ 73.067146327368604, 35.870159145918905 ], [ 73.066581749641657, 35.870136262047048 ], [ 73.066017172362692, 35.869560247369414 ], [ 73.065513632225148, 35.868633271527656 ], [ 73.064193749518793, 35.867942816587828 ], [ 73.063682574908228, 35.867431641516163 ], [ 73.063430805063618, 35.86673355210025 ], [ 73.062316914004825, 35.865684511071983 ], [ 73.061309839181988, 35.864685055700917 ], [ 73.06007387293846, 35.863464359277614 ], [ 73.055954001810008, 35.85957336358252 ], [ 73.055397054007159, 35.859565733659437 ], [ 73.054862995074345, 35.858871456256338 ], [ 73.052680986604258, 35.857902529684182 ], [ 73.052444481158517, 35.857463834591911 ], [ 73.049743673155234, 35.856281276892325 ], [ 73.048637412023112, 35.856033324057229 ], [ 73.048370382781243, 35.855571744642582 ], [ 73.048095723615504, 35.855106353215454 ], [ 73.038879419900766, 35.851306918920159 ], [ 73.038696312124145, 35.851150512923788 ], [ 73.038070701804017, 35.850608829505184 ], [ 73.033950830239263, 35.850318910942256 ], [ 73.028701798671861, 35.849952700389295 ], [ 73.026504536259296, 35.850360871689148 ], [ 73.025428793924974, 35.85047531695453 ], [ 73.024597191957625, 35.850223537106679 ], [ 73.017128017977981, 35.850799558670573 ], [ 73.016555811011003, 35.851219180032203 ], [ 73.015800496034728, 35.851203915635132 ], [ 73.01405337063791, 35.851165772367139 ], [ 73.01011659685922, 35.853115087462868 ], [ 73.009681724242427, 35.85354614263229 ], [ 73.009246846176026, 35.853981020713384 ], [ 73.00814058504686, 35.854255674437738 ], [ 73.006759665203617, 35.85460663060433 ], [ 73.005897544445091, 35.855701444831432 ], [ 73.00586702565198, 35.856620790750156 ], [ 73.00463868934726, 35.85951233108198 ], [ 73.001060511640404, 35.859199523645565 ], [ 72.999679586347327, 35.859375006505317 ], [ 72.999046351555023, 35.859264378255482 ], [ 72.998291036578735, 35.859138491056932 ], [ 72.997489953408135, 35.858890538221473 ], [ 72.99697878834904, 35.858421324332838 ], [ 72.995590233582078, 35.858619691515145 ], [ 72.994506861771328, 35.85770035059862 ], [ 72.987884544840213, 35.857093812135624 ], [ 72.988182092874737, 35.856639862643917 ], [ 72.987670923265384, 35.856170658755374 ], [ 72.987159753205759, 35.855495453212662 ], [ 72.986297627446433, 35.856163028833919 ], [ 72.985237149957754, 35.855243682917276 ], [ 72.981422446355722, 35.853790283060562 ], [ 72.981163051588354, 35.853328709095535 ], [ 72.974838278035477, 35.852081308088565 ], [ 72.972183252886808, 35.849735266455156 ], [ 72.965667751740142, 35.847343448824589 ], [ 72.964012167733131, 35.847076414580087 ], [ 72.963203454638048, 35.846393589113994 ], [ 72.962387107071052, 35.846378324717122 ], [ 72.960495017167759, 35.845214848427098 ], [ 72.960235622400603, 35.844749457000077 ], [ 72.958869961955429, 35.844490052229318 ], [ 72.957786579696133, 35.843574523774855 ], [ 72.951194786568408, 35.842967985312285 ], [ 72.950378444002482, 35.843177794429977 ], [ 72.946563745404433, 35.841732024047921 ], [ 72.939010650209894, 35.841922761768402 ], [ 72.929374722867649, 35.841403957240843 ], [ 72.92784121404884, 35.841888430531931 ], [ 72.927001977161083, 35.841903689932096 ], [ 72.925880456636051, 35.841930391269294 ], [ 72.920562773025495, 35.843040464904036 ], [ 72.91946413637298, 35.843109131974416 ], [ 72.916175867239161, 35.84345626568328 ], [ 72.915626548914403, 35.84390640316316 ], [ 72.913978599384166, 35.843639378469035 ], [ 72.912818935590209, 35.843856812511582 ], [ 72.910018946743605, 35.844684602045469 ], [ 72.909141566590165, 35.845783238734811 ], [ 72.90803530546431, 35.845985417929185 ], [ 72.905471832067875, 35.848617553490669 ], [ 72.904624965709743, 35.849491121215721 ], [ 72.904327417676228, 35.849933623771122 ], [ 72.904006985323292, 35.851070403730617 ], [ 72.904755686194292, 35.859186709602156 ], [ 72.904891995438135, 35.860664370636222 ], [ 72.904803046260298, 35.86122735699103 ], [ 72.902679468235235, 35.874668127348045 ], [ 72.902503995386724, 35.875534060597325 ], [ 72.901596101440958, 35.877521514408677 ], [ 72.899925257591534, 35.87771225666782 ], [ 72.897979765029802, 35.878124240429671 ], [ 72.897422816781713, 35.878562925523617 ], [ 72.896019007620552, 35.878532416729669 ], [ 72.892295865418703, 35.877464298846846 ], [ 72.890197778874423, 35.876861572837804 ], [ 72.888954193166171, 35.876533510998854 ], [ 72.885108971233166, 35.876007081985776 ], [ 72.880073570812911, 35.87565994829442 ], [ 72.874595668303172, 35.87528229080727 ], [ 72.87018587864884, 35.874778745668365 ], [ 72.869361901158967, 35.874301911856463 ], [ 72.868347196869493, 35.873798377159922 ], [ 72.864044217553413, 35.873699185854647 ], [ 72.857582119106425, 35.873550419346373 ], [ 72.851501495612212, 35.87430954181967 ], [ 72.847595240651259, 35.876003264605359 ], [ 72.846481350052983, 35.87597274581092 ], [ 72.845634483693516, 35.875953678952357 ], [ 72.845077545896984, 35.876625062484905 ], [ 72.842826870385068, 35.878147124422092 ], [ 72.841712979337302, 35.878116605627667 ], [ 72.839187649660644, 35.87894440016143 ], [ 72.838882476704114, 35.879398349653279 ], [ 72.834930454006255, 35.88245010890018 ], [ 72.831588776317304, 35.883262634037386 ], [ 72.830184962159521, 35.883224485769261 ], [ 72.829170257416777, 35.881423952205481 ], [ 72.828559906927737, 35.875534060758469 ], [ 72.825241113539491, 35.870685580423888 ], [ 72.82467654581707, 35.870674138488809 ], [ 72.824325590113432, 35.870277404130206 ], [ 72.823684725399346, 35.869720461313456 ], [ 72.822723413484312, 35.86888503794151 ], [ 72.815422088445501, 35.865993502000215 ], [ 72.814041168160486, 35.865955353282473 ], [ 72.812393218637155, 35.865924839489359 ], [ 72.811561611674904, 35.865463255525825 ], [ 72.810005218537256, 35.864955902918901 ], [ 72.809371973748611, 35.864749911266188 ], [ 72.803329498981071, 35.864608769232269 ], [ 72.799156451041569, 35.8634080992028 ], [ 72.798980741476853, 35.863357544020126 ], [ 72.798217806574371, 35.861324312017217 ], [ 72.797958402257379, 35.860664370872563 ], [ 72.79847731402765, 35.85928060990836 ], [ 72.799217256895446, 35.857307434112428 ], [ 72.798034699211257, 35.851642611181397 ], [ 72.797546413476738, 35.851123812085142 ], [ 72.795669587978267, 35.849121098881739 ], [ 72.795356780546157, 35.849048619352352 ], [ 72.79457858125312, 35.848865516572943 ], [ 72.794319181487197, 35.848400115146013 ], [ 72.792144802959129, 35.847457884909893 ], [ 72.783668544451274, 35.845672610762179 ], [ 72.78099826071147, 35.843143468539353 ], [ 72.780433687989841, 35.843132016604322 ], [ 72.779869110268294, 35.843112949745212 ], [ 72.777252229193664, 35.839897160042192 ], [ 72.776962311083693, 35.83988953011891 ], [ 72.776443511555783, 35.839881895645668 ], [ 72.77589419823039, 35.839412691757374 ], [ 72.775321991035639, 35.839626313336986 ], [ 72.771469144195862, 35.839527132031492 ], [ 72.770912200950448, 35.839965827125532 ], [ 72.770370517552507, 35.840415954155915 ], [ 72.766723662362779, 35.841011050703905 ], [ 72.766143830695924, 35.841655737452108 ], [ 72.765304598815689, 35.842323308523376 ], [ 72.763038668914533, 35.844276431079379 ], [ 72.762481721117084, 35.844264989144357 ], [ 72.761604340968006, 35.845127109933436 ], [ 72.760185277417733, 35.845554353093206 ], [ 72.758506809104688, 35.846195227382111 ], [ 72.755363498605789, 35.849037177062009 ], [ 72.754303010679052, 35.849018095653847 ], [ 72.749717743208706, 35.852256779696923 ], [ 72.745864900926037, 35.85282516946102 ], [ 72.742477450508289, 35.854564670441775 ], [ 72.737510712631263, 35.854675298705253 ], [ 72.732833898757391, 35.853210451916418 ], [ 72.730125461312241, 35.852893832018097 ], [ 72.728797948695558, 35.851970673640643 ], [ 72.723358189928021, 35.849803924525773 ], [ 72.71896365468173, 35.845989230826426 ], [ 72.715499912258295, 35.842983250242028 ], [ 72.714927704612663, 35.842555997087238 ], [ 72.713813814017712, 35.842021943144722 ], [ 72.713226352424542, 35.841739659499915 ], [ 72.710945158117454, 35.840652465204265 ], [ 72.707572972080442, 35.8372802740572 ], [ 72.707016023834512, 35.837268831672567 ], [ 72.705963170829463, 35.836330413896114 ], [ 72.703575172665694, 35.83403014710229 ], [ 72.702362093826693, 35.83324432385789 ], [ 72.70079044129578, 35.832359319202226 ], [ 72.696533240194299, 35.830951692544495 ], [ 72.695762665824688, 35.830028534165777 ], [ 72.694671669100657, 35.829086303927454 ], [ 72.691101110907013, 35.828765872019169 ], [ 72.689140353963722, 35.829399111834732 ], [ 72.687721290417585, 35.829818725070723 ], [ 72.686622653774151, 35.829795840751075 ], [ 72.686042817109552, 35.830467224283936 ], [ 72.685768157950704, 35.830913549301442 ], [ 72.683258087686042, 35.831489568537044 ], [ 72.677810699036073, 35.836540223535529 ], [ 72.67392734342171, 35.837787631306192 ], [ 72.671165502877514, 35.840118411363093 ], [ 72.669433626902673, 35.840644840389032 ], [ 72.6662826919369, 35.842323308776137 ], [ 72.665702849823077, 35.842967985974191 ], [ 72.663185150085837, 35.843364719890715 ], [ 72.660369906872859, 35.845077519535977 ], [ 72.652290382802704, 35.854461672349764 ], [ 72.645607033401916, 35.862232211387507 ], [ 72.639526404958985, 35.862991333864237 ], [ 72.638435403238574, 35.862289426539 ], [ 72.63788607991593, 35.861816410638582 ], [ 72.634033243097193, 35.861511227680467 ], [ 72.631210359965493, 35.863445283378567 ], [ 72.630363503617488, 35.864337922964751 ], [ 72.628944430075151, 35.864738469790233 ], [ 72.628677405840875, 35.865184789358004 ], [ 72.626724278375278, 35.865367892144818 ], [ 72.620010410159693, 35.867198944526848 ], [ 72.609428445274361, 35.866642001738754 ], [ 72.603233371577716, 35.866317751927248 ], [ 72.601554913276345, 35.866962439128592 ], [ 72.598762553946301, 35.869243623528867 ], [ 72.598197976678676, 35.869224551670044 ], [ 72.595001253533411, 35.871517183007995 ], [ 72.59327701704467, 35.873252866973054 ], [ 72.592849768910156, 35.873798377856154 ], [ 72.590858498191693, 35.876762397721897 ], [ 72.586654700256418, 35.881278993323342 ], [ 72.579498329555619, 35.890529639012627 ], [ 72.570045510181629, 35.901660922279611 ], [ 72.569419905965844, 35.903213509526886 ], [ 72.568855327166332, 35.903343208123935 ], [ 72.561927837398883, 35.904598235829219 ], [ 72.561630293489458, 35.905021663852644 ], [ 72.553642316680552, 35.904838563767356 ], [ 72.552238507543663, 35.905696872096648 ], [ 72.550445593549085, 35.908340454594864 ], [ 72.549232527106255, 35.908710482623071 ], [ 72.549049413487793, 35.908767697473131 ], [ 72.544075047232269, 35.908866890809094 ], [ 72.543495214914643, 35.90930175671793 ], [ 72.542381324334031, 35.909935001531728 ], [ 72.541816756618346, 35.909923554596993 ], [ 72.541290322621848, 35.909912112212645 ], [ 72.538238568530971, 35.910495756824851 ], [ 72.537666361343256, 35.910842900528685 ], [ 72.533683814451919, 35.913326264574998 ], [ 72.533020060890038, 35.91599655340476 ], [ 72.531181379163172, 35.920421603058685 ], [ 72.529998821075907, 35.922428133282793 ], [ 72.530479476885873, 35.92378616929269 ], [ 72.530565229495863, 35.927219506698968 ], [ 72.530586282692028, 35.928062441968621 ], [ 72.530137208459436, 35.929077238432548 ], [ 72.529998821111946, 35.929389959634619 ], [ 72.529426618961025, 35.936794288093544 ], [ 72.529833673560688, 35.939706865220927 ], [ 72.531097457397536, 35.948749548843054 ], [ 72.531616251924234, 35.949661260285801 ], [ 72.533447309212747, 35.952171330648945 ], [ 72.534011881928024, 35.952186585045652 ], [ 72.538520857849008, 35.956340792520258 ], [ 72.545608561066288, 35.956710820522801 ], [ 72.547752420779574, 35.958339688237608 ], [ 72.548370406612378, 35.95840073082946 ], [ 72.548889200689899, 35.959327696670599 ], [ 72.548545879475029, 35.961097716441039 ], [ 72.549217262995441, 35.965152743062539 ], [ 72.554565470375138, 35.975402838637663 ], [ 72.555267372687595, 35.978801731126289 ], [ 72.554658504838187, 35.98137159711073 ], [ 72.55357365002628, 35.98595047772659 ], [ 72.554414921492025, 35.988246810584307 ], [ 72.555816685623157, 35.992073062157438 ], [ 72.556076090386796, 35.992538448584199 ], [ 72.559104960160923, 35.99261474556716 ], [ 72.560783428457867, 35.991977693289591 ], [ 72.561088601410162, 35.99152374379748 ], [ 72.563346901818804, 35.990467073285892 ], [ 72.566665689700116, 35.99032593167756 ], [ 72.567794840132336, 35.990348815546895 ], [ 72.568557779573837, 35.991264349451029 ], [ 72.569107097894459, 35.991725928414944 ], [ 72.573204073777333, 35.992294316255091 ], [ 72.573638957677176, 35.992668158642481 ], [ 72.575279277725329, 35.995952605864787 ], [ 72.577858006038426, 35.999828334082203 ], [ 72.578422582779169, 35.999839789096129 ], [ 72.582130470551036, 36.003978732175192 ], [ 72.582153363485148, 36.005969998486776 ], [ 72.581375165610851, 36.008663181149451 ], [ 72.581491801643381, 36.009031850361787 ], [ 72.582010353465222, 36.010670910890894 ], [ 72.583557169072165, 36.015560152438916 ], [ 72.584106481941959, 36.015716553883699 ], [ 72.584922829500911, 36.01665115919846 ], [ 72.587593118660692, 36.017566683096867 ], [ 72.58763889685406, 36.017581942495191 ], [ 72.587898291617975, 36.018047338921981 ], [ 72.588707009248878, 36.018074035254422 ], [ 72.589790381493373, 36.019012453030413 ], [ 72.590324439968057, 36.019683836560162 ], [ 72.593879738748456, 36.020668032524227 ], [ 72.595748944755712, 36.022289280765641 ], [ 72.595985450200487, 36.02320480922161 ], [ 72.59519504901084, 36.027490193906736 ], [ 72.594619789362952, 36.030609128132213 ], [ 72.594833410933617, 36.031051635236693 ], [ 72.593223610171961, 36.036396030808312 ], [ 72.589721714094594, 36.042625431045394 ], [ 72.588226358569443, 36.04343414916714 ], [ 72.586166420338188, 36.046302795180623 ], [ 72.585060159228959, 36.046730048340265 ], [ 72.580055278123794, 36.047512059687932 ], [ 72.579223676170869, 36.047267919315438 ], [ 72.578079266795797, 36.048347474146034 ], [ 72.575592075417973, 36.048969272027577 ], [ 72.574752848992219, 36.048950200169571 ], [ 72.574211160144415, 36.048255922767105 ], [ 72.571815530600446, 36.048351291626922 ], [ 72.568023725953822, 36.051223760107888 ], [ 72.565261885866647, 36.051601412615256 ], [ 72.559875529817916, 36.051311494061352 ], [ 72.557510418622542, 36.051631931435836 ], [ 72.556419412358721, 36.051372526665716 ], [ 72.553947490378846, 36.051517490733694 ], [ 72.55363468795062, 36.051536557595107 ], [ 72.550003092199063, 36.052581791174575 ], [ 72.547103922097733, 36.055404664445263 ], [ 72.545021095005325, 36.059413917880143 ], [ 72.543548628360313, 36.061180115192009 ], [ 72.538032572664648, 36.0614624038556 ], [ 72.534904522047242, 36.063850404046796 ], [ 72.531692549528671, 36.068264006319069 ], [ 72.531028790965323, 36.070507052442103 ], [ 72.531471298510354, 36.072753906023799 ], [ 72.531827710872946, 36.073849249879387 ], [ 72.535377543484543, 36.084758761973838 ], [ 72.534590369985835, 36.087923951796242 ], [ 72.534103434028054, 36.089881901042645 ], [ 72.534317060604096, 36.091464996017592 ], [ 72.533744858005662, 36.099159243046806 ], [ 72.5339340751284, 36.100976430675175 ], [ 72.53396610450821, 36.101284031441608 ], [ 72.534332315066095, 36.103809361207688 ], [ 72.536056561583464, 36.10900116278475 ], [ 72.536560101264911, 36.110363006256719 ], [ 72.544769325471933, 36.118450165155622 ], [ 72.546798749937977, 36.122493749836465 ], [ 72.548034710723741, 36.12660980405002 ], [ 72.552497903459923, 36.132587438963689 ], [ 72.554306071415127, 36.132793431061849 ], [ 72.557167092813302, 36.13311767543258 ], [ 72.559555092895081, 36.135890968029585 ], [ 72.56092838824101, 36.136127473476279 ], [ 72.561767620115418, 36.136146550334139 ], [ 72.563087502799107, 36.137325286022282 ], [ 72.564140355796667, 36.138267516260306 ], [ 72.564704933512331, 36.138278968194946 ], [ 72.565506026670022, 36.138736730145673 ], [ 72.566070594385721, 36.138748172080405 ], [ 72.571685835110486, 36.143386848507134 ], [ 72.573768653553202, 36.146797177710212 ], [ 72.572002981859299, 36.149586942839598 ], [ 72.57109836442261, 36.15101624026272 ], [ 72.569984473840677, 36.151412964625628 ], [ 72.568176305450223, 36.15431213943527 ], [ 72.565826454134594, 36.160961153351167 ], [ 72.56410984714006, 36.165634160392095 ], [ 72.562629741023699, 36.168056486836825 ], [ 72.562164349620545, 36.168506623867444 ], [ 72.558639569663839, 36.171562195128892 ], [ 72.556106610097729, 36.172378542728552 ], [ 72.555259748749648, 36.172359470870646 ], [ 72.553848310140594, 36.173221591662127 ], [ 72.551506082836866, 36.176990512184702 ], [ 72.553060601330827, 36.18029923801911 ], [ 72.553436321442916, 36.181098941921611 ], [ 72.557952921848198, 36.18748474313108 ], [ 72.560249370554487, 36.19247055305231 ], [ 72.560722396893937, 36.194511414530048 ], [ 72.559887551520063, 36.197355410849788 ], [ 72.558761639996831, 36.201190956792054 ], [ 72.559537066785097, 36.2044318841116 ], [ 72.560440108331008, 36.208206181258042 ], [ 72.563591042855151, 36.212326052477955 ], [ 72.57179264211328, 36.214317323724245 ], [ 72.577438392942696, 36.218742377905386 ], [ 72.578002970658503, 36.218757632302129 ], [ 72.58539585187016, 36.226333621581396 ], [ 72.586181675505571, 36.229705818072333 ], [ 72.587158242137662, 36.237350464551355 ], [ 72.586891217454735, 36.237777707708418 ], [ 72.588447603377517, 36.247051246124329 ], [ 72.595191992671289, 36.258003235143853 ], [ 72.597061193678698, 36.260055543553783 ], [ 72.601425205089967, 36.261768343178275 ], [ 72.603019751933445, 36.262756351610065 ], [ 72.603782696822535, 36.263233184971732 ], [ 72.604881323010133, 36.263267521227377 ], [ 72.611175578018432, 36.266246795467119 ], [ 72.612022444368478, 36.26627731426143 ], [ 72.613121070556417, 36.266300208131035 ], [ 72.613380475320298, 36.266761782545522 ], [ 72.614715617401529, 36.267482756280501 ], [ 72.617477457494388, 36.267551423790188 ], [ 72.619102513134123, 36.268486029102604 ], [ 72.61936954737196, 36.268920896732453 ], [ 72.620208779248216, 36.268939973590449 ], [ 72.624298136502006, 36.270187381338879 ], [ 72.626762429018726, 36.27116394283177 ], [ 72.63067630342141, 36.271797182630827 ], [ 72.63471988248105, 36.272453311751995 ], [ 72.636665385469513, 36.27227783343951 ], [ 72.63977054723442, 36.271259311197177 ], [ 72.641433751133889, 36.269802099315918 ], [ 72.642669711901235, 36.269416806889325 ], [ 72.645088230764813, 36.267795563635516 ], [ 72.646995580030804, 36.266727451188999 ], [ 72.656951939589192, 36.263828281356645 ], [ 72.658119238289927, 36.262947083705846 ], [ 72.661514323161967, 36.261024479942662 ], [ 72.662902862908183, 36.260631563041336 ], [ 72.66349033494437, 36.259960179508361 ], [ 72.664352455693134, 36.259754182851843 ], [ 72.66997531720159, 36.259777066709013 ], [ 72.670532264997007, 36.260025024544539 ], [ 72.672607457646649, 36.26018905545957 ], [ 72.674293555424427, 36.259540561246013 ], [ 72.679832491008014, 36.259452825783967 ], [ 72.681274448334406, 36.258602143447575 ], [ 72.681831396128985, 36.258613585382435 ], [ 72.685180698235612, 36.251056672932215 ], [ 72.686004675266005, 36.250877377610699 ], [ 72.688560518712336, 36.248703009000714 ], [ 72.689178499093231, 36.247585300450929 ], [ 72.690567054289872, 36.246955873098813 ], [ 72.690879851716915, 36.24628067255415 ], [ 72.691757241862405, 36.245616918944606 ], [ 72.693931620375494, 36.245895390122925 ], [ 72.695793191470699, 36.248867039901882 ], [ 72.69602206744274, 36.249984742999601 ], [ 72.695427785656832, 36.25400211169903 ], [ 72.695259133025445, 36.255142213325115 ], [ 72.694023171814649, 36.257575991704925 ], [ 72.693176305465997, 36.258552557757696 ], [ 72.689415015051523, 36.262615204315509 ], [ 72.68852237051334, 36.264392853561546 ], [ 72.689064058918916, 36.266319274775768 ], [ 72.690008407768858, 36.26779399576828 ], [ 72.692344703568793, 36.271442418831377 ], [ 72.692909276287295, 36.271457673228305 ], [ 72.693443335213331, 36.272151950631034 ], [ 72.694808995642916, 36.272411350400773 ], [ 72.697853124832704, 36.2731514009919 ], [ 72.698112524597221, 36.27358245660961 ], [ 72.701576267004469, 36.274841311746528 ], [ 72.702911409091598, 36.275783541534508 ], [ 72.713195835520111, 36.276882178194626 ], [ 72.71402743747808, 36.277359011556442 ], [ 72.714820900716617, 36.277832037905846 ], [ 72.71762087953897, 36.277450562937467 ], [ 72.719780004107989, 36.278186796518909 ], [ 72.720039398423168, 36.27865219794576 ], [ 72.721405059305354, 36.279243472019189 ], [ 72.722755465789675, 36.279827121168758 ], [ 72.723602332143798, 36.279853827501363 ], [ 72.730270417218819, 36.286083223160013 ], [ 72.730636627766955, 36.286197668422481 ], [ 72.730743443551873, 36.286228177219023 ], [ 72.731079135304384, 36.286331180545197 ], [ 72.735572846863349, 36.292018892340266 ], [ 72.736671483057137, 36.292049411134229 ], [ 72.740707432671613, 36.295295715079554 ], [ 72.746177710747105, 36.297027597542616 ], [ 72.750442536262341, 36.300910951881342 ], [ 72.751541172457024, 36.301006320731169 ], [ 72.753166233105404, 36.301963805366718 ], [ 72.760559119342417, 36.304084781281176 ], [ 72.764007597356127, 36.304405218189956 ], [ 72.76779940659695, 36.304756164344525 ], [ 72.773193392612612, 36.305206301360137 ], [ 72.778511076190554, 36.305652621363549 ], [ 72.782943760163562, 36.310916907464936 ], [ 72.783172636134381, 36.311672212462263 ], [ 72.783920321630148, 36.311920170297398 ], [ 72.787017858506928, 36.314846041428702 ], [ 72.787826566143693, 36.314868930749149 ], [ 72.790832547077258, 36.316284181884889 ], [ 72.791931183276049, 36.316970829811964 ], [ 72.798843418741356, 36.325386050560816 ], [ 72.799041780916525, 36.326126101159865 ], [ 72.800972014074148, 36.326786047749913 ], [ 72.801818880430687, 36.32681274408278 ], [ 72.806694061931651, 36.328765871621442 ], [ 72.806930572375606, 36.329227450586409 ], [ 72.808326752056459, 36.329490662818479 ], [ 72.808586151822112, 36.329952247232981 ], [ 72.809097326428471, 36.330627442775452 ], [ 72.812683139032714, 36.331832884793791 ], [ 72.814796480420824, 36.333889010666319 ], [ 72.815628082380911, 36.334136963501315 ], [ 72.822525058480309, 36.34934234520685 ], [ 72.829689053788883, 36.356903080092685 ], [ 72.833465608647714, 36.35904312787747 ], [ 72.834579499693831, 36.359272003401777 ], [ 72.836952240399597, 36.361816410023692 ], [ 72.838989289344084, 36.362289426370523 ], [ 72.839996369605188, 36.362522124806851 ], [ 72.840240504973067, 36.362983703771739 ], [ 72.840499909289179, 36.363445277736673 ], [ 72.845146214828816, 36.365570071121141 ], [ 72.845962552390915, 36.365585325517706 ], [ 72.846496611319594, 36.366279602920606 ], [ 72.848182704561367, 36.366321563649997 ], [ 72.849800145292292, 36.367504121800351 ], [ 72.850860622774562, 36.368415833242189 ], [ 72.852233918585483, 36.368675233012461 ], [ 72.862609891454184, 36.368740082594726 ], [ 72.865264920788761, 36.368755341987047 ], [ 72.866340668117374, 36.36921692639973 ], [ 72.867385891653626, 36.370582587332883 ], [ 72.870010407658768, 36.374908450659994 ], [ 72.870574984931451, 36.374923710057161 ], [ 72.874855074931361, 36.378398894530179 ], [ 72.876510649379853, 36.378665928774183 ], [ 72.878898649485635, 36.380954743085006 ], [ 72.881370576499236, 36.38169479367879 ], [ 72.882698088672441, 36.383079531471694 ], [ 72.883262666395026, 36.383090973406915 ], [ 72.886726408834079, 36.38676834752345 ], [ 72.890060456178091, 36.393573767420889 ], [ 72.88914536387459, 36.397463417557645 ], [ 72.886665371321385, 36.408004762291839 ], [ 72.886619598137074, 36.410530092059048 ], [ 72.887138614577708, 36.411991858141448 ], [ 72.890152007665279, 36.420478827135071 ], [ 72.889188856473041, 36.423500135412262 ], [ 72.888870268705688, 36.424499512951854 ], [ 72.88798525863119, 36.425594331729833 ], [ 72.884048495325359, 36.426826480550147 ], [ 72.880043064061923, 36.429870609423467 ], [ 72.877410918613535, 36.433837892124075 ], [ 72.877624540190837, 36.435646060613699 ], [ 72.87873130087219, 36.437749365593874 ], [ 72.87942508370628, 36.439067841972886 ], [ 72.881919889587905, 36.438892369109908 ], [ 72.882453948517082, 36.439594271437002 ], [ 72.883834873802471, 36.439620972768736 ], [ 72.887947110418665, 36.441040041364616 ], [ 72.889022852748795, 36.441753390626722 ], [ 72.890411402508732, 36.441783909420536 ], [ 72.892341640669528, 36.441825870149529 ], [ 72.892875699598875, 36.442527772476545 ], [ 72.893684417691347, 36.443431858994863 ], [ 72.900024440951995, 36.444248206572524 ], [ 72.902496362517937, 36.445213320680928 ], [ 72.90651705775511, 36.448226931189225 ], [ 72.911155733828323, 36.449905399557615 ], [ 72.911422758068639, 36.450340267187727 ], [ 72.913612390998892, 36.451309203758882 ], [ 72.918540985196557, 36.456451419672916 ], [ 72.918975853262168, 36.456466674070441 ], [ 72.9193878415564, 36.456478116455607 ], [ 72.919799830301585, 36.456832889631222 ], [ 72.921127347925704, 36.458206175038065 ], [ 72.922233603602336, 36.45868683131124 ], [ 72.928619410057976, 36.45815658481424 ], [ 72.932067898076951, 36.454433442487314 ], [ 72.932624845875722, 36.454212185983884 ], [ 72.938957239666252, 36.453765876403338 ], [ 72.941741969115455, 36.4540634194421 ], [ 72.943450951235064, 36.454242704757817 ], [ 72.945610075371718, 36.455200194392745 ], [ 72.948852572540488, 36.458198547541805 ], [ 72.951881436588607, 36.459129338353279 ], [ 72.952148465829296, 36.459590912767929 ], [ 72.95321657823861, 36.460529330544816 ], [ 72.954307584966571, 36.46055602687737 ], [ 72.955963159419156, 36.460823061121744 ], [ 72.957550076359226, 36.461925509818336 ], [ 72.95893099620173, 36.462886811917116 ], [ 72.962806727381121, 36.463214878750641 ], [ 72.966506985699368, 36.460609439521754 ], [ 72.969291715148088, 36.459991459104188 ], [ 72.976486229259905, 36.460617069425368 ], [ 72.97734835501781, 36.460174561868953 ], [ 72.982643154756119, 36.459434511258785 ], [ 72.982933073315806, 36.458992003703436 ], [ 72.984626796036864, 36.458339697478877 ], [ 72.986305264360965, 36.457923886255642 ], [ 72.988693259452674, 36.453716275643281 ], [ 72.991188075345377, 36.454006194208631 ], [ 72.992012047834635, 36.45382690388773 ], [ 72.993850734621162, 36.455871587825136 ], [ 72.99790956860403, 36.463230133077865 ], [ 73.001144435085422, 36.467018125446749 ], [ 73.003311179157251, 36.470214848291107 ], [ 73.003822353769507, 36.471794130803566 ], [ 73.002853417233808, 36.474887845776763 ], [ 73.002605398504585, 36.474982977621892 ], [ 73.001739526633486, 36.475315098485595 ], [ 72.992317220413781, 36.474651334897182 ], [ 72.990898156854811, 36.475070958132164 ], [ 72.99031832518574, 36.476173397282899 ], [ 72.991027856976487, 36.479328159396829 ], [ 72.990943935065005, 36.479942322346936 ], [ 72.990661646433082, 36.481578829992721 ], [ 72.990652772114302, 36.481810973898476 ], [ 72.990601966471147, 36.483139980361642 ], [ 72.990516692390059, 36.485370639830343 ], [ 72.990837132950418, 36.486553385282406 ], [ 72.992294336599642, 36.49193191935651 ], [ 72.992485073851483, 36.492599490425334 ], [ 72.993492154125036, 36.495079041995076 ], [ 72.994056731849511, 36.495098118854393 ], [ 72.999313377899369, 36.503067015042333 ], [ 72.998657248795226, 36.505512235356413 ], [ 72.997659366201177, 36.506607301641303 ], [ 72.995445276660746, 36.509037020502731 ], [ 72.995956446272771, 36.510620115477245 ], [ 72.998703027007181, 36.510913856054415 ], [ 72.998834492063139, 36.510848699930797 ], [ 72.999572782689384, 36.510482790884076 ], [ 73.001800564341451, 36.510299688098307 ], [ 73.004798909919629, 36.511116025683968 ], [ 73.007293725814463, 36.511795043684685 ], [ 73.0129852549167, 36.514820096126918 ], [ 73.014076261650203, 36.515960693095877 ], [ 73.015174887855011, 36.516204833468699 ], [ 73.019500756513224, 36.518775936422635 ], [ 73.020614647116162, 36.519020081795439 ], [ 73.020965603270909, 36.519451142413054 ], [ 73.021934534821085, 36.520622253179177 ], [ 73.025909451873574, 36.522129061154786 ], [ 73.027954125753439, 36.522449498518078 ], [ 73.02849580915813, 36.52291870240655 ], [ 73.033729581319093, 36.524238589686874 ], [ 73.036705043031503, 36.526134492099708 ], [ 73.040039090816933, 36.526618960381377 ], [ 73.043121358315901, 36.528549198603443 ], [ 73.044906642433602, 36.529666901698391 ], [ 73.047721885687793, 36.529941555864838 ], [ 73.048461936265483, 36.530014040393652 ], [ 73.050697347396294, 36.530227661967572 ], [ 73.051528959363168, 36.530700688317573 ], [ 73.051795984054223, 36.531162262732195 ], [ 73.054542569793284, 36.531455993309763 ], [ 73.055641196000948, 36.532169342572182 ], [ 73.056182882407001, 36.532833106855243 ], [ 73.057014491821207, 36.532627109522721 ], [ 73.058120757949936, 36.532432559803034 ], [ 73.061470054687518, 36.533439634644004 ], [ 73.062049891813516, 36.534179685242314 ], [ 73.062538172551086, 36.534801483115302 ], [ 73.066993740431926, 36.540023803485802 ], [ 73.070213342542004, 36.550640109632596 ], [ 73.073860197783603, 36.557212831091981 ], [ 73.07440951111279, 36.557682039980456 ], [ 73.079322835925097, 36.559791568968194 ], [ 73.079727194748301, 36.560150149605938 ], [ 73.080116294623124, 36.560493471294841 ], [ 73.084533719222577, 36.561500546134063 ], [ 73.088195818403179, 36.564617159971299 ], [ 73.088851947520794, 36.565792083200186 ], [ 73.090583823973688, 36.567264554921458 ], [ 73.091461209140093, 36.569267278127697 ], [ 73.091514611811419, 36.570320126170095 ], [ 73.091209438852673, 36.570762633725323 ], [ 73.091312165804155, 36.574737523301067 ], [ 73.091407796050007, 36.578437803890928 ], [ 73.091479228873155, 36.578621306310588 ], [ 73.092903161616249, 36.582279208933144 ], [ 73.095733664284268, 36.586528780718496 ], [ 73.100944542597631, 36.592815396066833 ], [ 73.110473654211006, 36.603069304102007 ], [ 73.110450769890448, 36.603515624118714 ], [ 73.111015342616909, 36.603534695528552 ], [ 73.112434411188843, 36.605773929184672 ], [ 73.112022422446003, 36.606929781004631 ], [ 73.110573156223779, 36.609062904007523 ], [ 73.109039326272423, 36.611320494398726 ], [ 73.098472620652714, 36.620048523075759 ], [ 73.097618124814787, 36.620258332193465 ], [ 73.094108604192854, 36.626583101278463 ], [ 73.091972373934226, 36.630435943263741 ], [ 73.092124962917794, 36.631603247019072 ], [ 73.090820334635296, 36.638702392958486 ], [ 73.091321520072043, 36.641292650487493 ], [ 73.092407251602552, 36.646903992142725 ], [ 73.094078085485719, 36.655796052168299 ], [ 73.093780542001141, 36.656223294875446 ], [ 73.094390892941036, 36.662769320455098 ], [ 73.094182016693139, 36.663182907163723 ], [ 73.091712974282984, 36.668071749843349 ], [ 73.087936424416341, 36.672451021302521 ], [ 73.08760073266258, 36.673149111169323 ], [ 73.084938068401755, 36.67797851420594 ], [ 73.084411649415841, 36.684474949130404 ], [ 73.084426903819306, 36.686252593373908 ], [ 73.084365866232943, 36.68807220380053 ], [ 73.084472478377947, 36.690119171109444 ], [ 73.084480306499799, 36.690269476725589 ], [ 73.08470919247695, 36.692615516173014 ], [ 73.085212732617293, 36.694759375978087 ], [ 73.085380575997206, 36.695388798326078 ], [ 73.086624166258318, 36.695098880203112 ], [ 73.087875391891387, 36.694301604020055 ], [ 73.089462303830885, 36.693557735955643 ], [ 73.091423060796288, 36.692714692025625 ], [ 73.092628502785402, 36.691753390371481 ], [ 73.09455111147409, 36.68867492979529 ], [ 73.096092245217278, 36.687038422147189 ], [ 73.097045922364629, 36.686126711150983 ], [ 73.10279848405338, 36.683319092277578 ], [ 73.105308559348472, 36.682693487386764 ], [ 73.112152122781339, 36.683185580136794 ], [ 73.114769003865689, 36.683364870451364 ], [ 73.115951561986165, 36.683269507046283 ], [ 73.116020228976836, 36.683261867195725 ], [ 73.11697390120284, 36.683185580128189 ], [ 73.120338467787036, 36.682369232530711 ], [ 73.12120057854851, 36.681938172360482 ], [ 73.126441980192865, 36.682273868667274 ], [ 73.131095910692864, 36.683956144499554 ], [ 73.131629969175734, 36.684646604440644 ], [ 73.132469201067295, 36.684871678403475 ], [ 73.133842486442376, 36.686016082834151 ], [ 73.13623811649056, 36.689147946072474 ], [ 73.137336752699994, 36.689800262741286 ], [ 73.138473537629451, 36.690467833808569 ], [ 73.139816304209603, 36.691909786284043 ], [ 73.140899681020002, 36.692153931657224 ], [ 73.145423906419126, 36.695693971187652 ], [ 73.149536153514489, 36.696693416553295 ], [ 73.153495806184495, 36.699100498587988 ], [ 73.158592243779282, 36.700218201677608 ], [ 73.16323091943687, 36.702365873937779 ], [ 73.172103902372555, 36.703880311380509 ], [ 73.175392176527424, 36.704864507349363 ], [ 73.175659201219162, 36.705326081314425 ], [ 73.176139852033316, 36.705654143604868 ], [ 73.177009602273259, 36.706241605218487 ], [ 73.181106584975339, 36.707672120752989 ], [ 73.181655907856864, 36.708343504283427 ], [ 73.181625389062006, 36.708801266236584 ], [ 73.182724020721338, 36.709026339749286 ], [ 73.185195947307477, 36.710220339835708 ], [ 73.185745260638072, 36.710685731262295 ], [ 73.187438983387565, 36.716777801899539 ], [ 73.18936159709277, 36.717483521686447 ], [ 73.191566484433736, 36.716976169072339 ], [ 73.191864032470548, 36.716911314465797 ], [ 73.193832414366881, 36.716457364971355 ], [ 73.195877098249539, 36.714508059430145 ], [ 73.199516313875748, 36.713218694616856 ], [ 73.200553912619526, 36.71221542309415 ], [ 73.201530478642113, 36.711265563377118 ], [ 73.202095051369852, 36.711277005312589 ], [ 73.202346821212757, 36.711280827774154 ], [ 73.202667258571694, 36.711284640235718 ], [ 73.204589862270197, 36.709190370634239 ], [ 73.206718462616948, 36.706871032517995 ], [ 73.208915730465293, 36.699115752894436 ], [ 73.209815999945945, 36.697563177164099 ], [ 73.210662866311011, 36.696899413555556 ], [ 73.2117920113172, 36.696926114888569 ], [ 73.214340230339687, 36.696067811109913 ], [ 73.214920062014755, 36.695629126016335 ], [ 73.225715658663262, 36.695087437579488 ], [ 73.234359760190202, 36.69519043089295 ], [ 73.2425918784283, 36.698047635400215 ], [ 73.248405477743205, 36.698627472082315 ], [ 73.249740619852759, 36.700004579952008 ], [ 73.252655048995848, 36.70454406985845 ], [ 73.253181478004848, 36.70475769143578 ], [ 73.255424519070701, 36.704586030587492 ], [ 73.264076250528703, 36.704929352264024 ], [ 73.267906208545881, 36.705081941242653 ], [ 73.270172138483233, 36.704242709325136 ], [ 73.272270220043907, 36.704223632461527 ], [ 73.276161210653726, 36.704185484184407 ], [ 73.277275101262589, 36.70375442856448 ], [ 73.277961749176001, 36.703727722228621 ], [ 73.285697957204121, 36.704113009640132 ], [ 73.294052145181738, 36.704524997935977 ], [ 73.297500628248798, 36.704277045543577 ], [ 73.301017783832222, 36.703990939430199 ], [ 73.303283713770554, 36.702724459356617 ], [ 73.307739277111551, 36.702171323994108 ], [ 73.314697285841618, 36.702053076258643 ], [ 73.317985550008629, 36.703033444766298 ], [ 73.318717971119838, 36.704135893465086 ], [ 73.319831861732183, 36.704624179213518 ], [ 73.320869460806279, 36.706203461275756 ], [ 73.323364276725712, 36.708511352448696 ], [ 73.324302694484786, 36.708969114400375 ], [ 73.330215469678222, 36.711120608672438 ], [ 73.333000199156857, 36.711235044381631 ], [ 73.341323868347871, 36.711582188072029 ], [ 73.345214858962891, 36.710895540136924 ], [ 73.345848103762563, 36.710784907330641 ], [ 73.34941865201445, 36.71015548453186 ], [ 73.355087297286971, 36.710392000424662 ], [ 73.360794080382121, 36.711078647896905 ], [ 73.365112319157603, 36.715446476957155 ], [ 73.366745014315072, 36.719528200362397 ], [ 73.369094866194374, 36.728267670953421 ], [ 73.369880694974938, 36.729419710309543 ], [ 73.370445272255367, 36.729438781719551 ], [ 73.371269244754416, 36.729881289273173 ], [ 73.372070327931979, 36.730560302277652 ], [ 73.374687214034395, 36.730812077573262 ], [ 73.378143330442796, 36.731143956071051 ], [ 73.382865919172161, 36.729419710292198 ], [ 73.383972185310739, 36.729438781701504 ], [ 73.385864275225217, 36.728408812978977 ], [ 73.389701857724816, 36.727153780289697 ], [ 73.39942170707991, 36.727577210971191 ], [ 73.39999391428411, 36.727363589392304 ], [ 73.405761735428726, 36.728805541862656 ], [ 73.406318678236545, 36.729270933739116 ], [ 73.409530655868082, 36.729679110030808 ], [ 73.414611834096505, 36.73032379677101 ], [ 73.415153522506188, 36.7307891831978 ], [ 73.415969865081223, 36.730812077519289 ], [ 73.416000378877513, 36.730812077519246 ], [ 73.421882645288719, 36.733818058104504 ], [ 73.423019425224595, 36.733848571899983 ], [ 73.425308239495976, 36.734596252420523 ], [ 73.429161091402506, 36.73579025250605 ], [ 73.429679885940502, 36.736465458049025 ], [ 73.429946915183933, 36.736927032014101 ], [ 73.430511492914803, 36.736934661937454 ], [ 73.431907667170023, 36.737194056709136 ], [ 73.436248794821097, 36.740165716037531 ], [ 73.44151308082985, 36.740726471311191 ], [ 73.443733228032571, 36.740119932833018 ], [ 73.445159926081132, 36.738807680015299 ], [ 73.450370809407772, 36.73240280192595 ], [ 73.452629099880937, 36.731559757547103 ], [ 73.453102125773626, 36.731571199932681 ], [ 73.453201307086431, 36.73157119993256 ], [ 73.455192582866601, 36.730270384050534 ], [ 73.455490130904522, 36.729824069033455 ], [ 73.461372392761632, 36.728622434011854 ], [ 73.462211624208408, 36.727954863391268 ], [ 73.463340774220086, 36.727302551719212 ], [ 73.472282424283279, 36.726570135583401 ], [ 73.476661700655683, 36.728256228880724 ], [ 73.477508557028159, 36.728271488277997 ], [ 73.47777559127185, 36.728733062243265 ], [ 73.479133622259255, 36.729640961223858 ], [ 73.482467660080047, 36.729492189697503 ], [ 73.486503610319559, 36.7255401681103 ], [ 73.494438184995602, 36.723613740621779 ], [ 73.495796215978814, 36.722179412167158 ], [ 73.49949647390028, 36.718616488752005 ], [ 73.503723156286938, 36.716930390444652 ], [ 73.504005444927117, 36.716476445953234 ], [ 73.504875195620386, 36.715602873229003 ], [ 73.505439773352208, 36.71562195008871 ], [ 73.505752580789178, 36.715377809713388 ], [ 73.506576552838709, 36.714733122965733 ], [ 73.508872997032469, 36.712547301974332 ], [ 73.511436480021018, 36.7110290520517 ], [ 73.515335095127, 36.71111297396353 ], [ 73.519172678095273, 36.71375274898945 ], [ 73.520248425441281, 36.713951111167916 ], [ 73.520576487277026, 36.714008336748883 ], [ 73.521804823606573, 36.715171813041039 ], [ 73.524024975366814, 36.71621322414461 ], [ 73.528190625166914, 36.716522219121018 ], [ 73.529869093515046, 36.716335294325617 ], [ 73.531028762324325, 36.715469361075407 ], [ 73.532165542261154, 36.714580538952468 ], [ 73.53794862280408, 36.707527156204783 ], [ 73.541625986410537, 36.705802919626962 ], [ 73.541923539898804, 36.705360417072001 ], [ 73.543884291888361, 36.70495987069809 ], [ 73.548027052368198, 36.705280307611105 ], [ 73.55132295147574, 36.706226350310622 ], [ 73.552963266555764, 36.706943512035338 ], [ 73.553504959967441, 36.70763397197674 ], [ 73.554046643378925, 36.708305355507385 ], [ 73.554901134676626, 36.70832061990491 ], [ 73.55599214142164, 36.708553312892626 ], [ 73.560318004685868, 36.71177291505888 ], [ 73.56478882700209, 36.711639402930111 ], [ 73.569313062432215, 36.708816530113793 ], [ 73.570693982742483, 36.708835601523084 ], [ 73.571807873359148, 36.708435055150147 ], [ 73.579063430619897, 36.708576202190393 ], [ 73.582458505593678, 36.710033414063169 ], [ 73.582702645965384, 36.710491181015925 ], [ 73.58399201988729, 36.710697172668631 ], [ 73.585594186249992, 36.712509153618868 ], [ 73.586158763982809, 36.712516788092756 ], [ 73.588073747782289, 36.713684081846289 ], [ 73.59103394513393, 36.715522763680447 ], [ 73.591873182034448, 36.71576690405454 ], [ 73.598899852875448, 36.71590042617111 ], [ 73.600112929806485, 36.715923310492393 ], [ 73.600189221797422, 36.715923310492315 ], [ 73.602729805918329, 36.714405055570097 ], [ 73.603286758727393, 36.71442413742988 ], [ 73.605575573000337, 36.711273192324832 ], [ 73.60590363483503, 36.710418706461752 ], [ 73.606076401944449, 36.709975272273944 ], [ 73.606246961517584, 36.709537503814119 ], [ 73.606597912221204, 36.706657405420856 ], [ 73.605936700874068, 36.703525657237293 ], [ 73.605339067534615, 36.700695039893944 ], [ 73.605178848627432, 36.69989776371343 ], [ 73.606117266385752, 36.696800231729128 ], [ 73.605857861615746, 36.696338657763896 ], [ 73.60742188470131, 36.694118500514563 ], [ 73.609565744469478, 36.692382812002265 ], [ 73.610420240767723, 36.69216919042325 ], [ 73.61126709714091, 36.691303257173573 ], [ 73.612953194965357, 36.690650940950761 ], [ 73.613731394273159, 36.69067001236084 ], [ 73.61408997990587, 36.690677642284456 ], [ 73.61744690660727, 36.689849852753149 ], [ 73.618560807674186, 36.689212800479694 ], [ 73.625526440926677, 36.68955612171272 ], [ 73.628944410218153, 36.686733248897859 ], [ 73.633132943897039, 36.685676572939514 ], [ 73.638687143492177, 36.685779576710758 ], [ 73.640991222171337, 36.686256410072438 ], [ 73.643974313846314, 36.687187198374076 ], [ 73.645568860284598, 36.687683108596907 ], [ 73.646652232556804, 36.687713627392768 ], [ 73.646705640225733, 36.687713627392711 ], [ 73.647239699163151, 36.687946320381009 ], [ 73.647781387574838, 36.688186648293538 ], [ 73.651573196909453, 36.691623684500883 ], [ 73.654907239742201, 36.691692352015373 ], [ 73.657730112507565, 36.689971922451313 ], [ 73.662757883089625, 36.688701635363948 ], [ 73.663055426129006, 36.688259128258629 ], [ 73.66364289773405, 36.687606811587386 ], [ 73.672996536585885, 36.687397007462366 ], [ 73.673927314876508, 36.687370300676974 ], [ 73.67556001003463, 36.687068940168722 ], [ 73.67573548288911, 36.687038421371653 ], [ 73.677276626658028, 36.686752320261952 ], [ 73.678100599160629, 36.686309813156235 ], [ 73.678146377355176, 36.686275486897287 ], [ 73.678680435842224, 36.685867310600976 ], [ 73.680892953132371, 36.685512541972834 ], [ 73.681083690834754, 36.685482023175837 ], [ 73.682312026715849, 36.685279843982535 ], [ 73.68398285559509, 36.685314174790214 ], [ 73.688064583487417, 36.682220460265171 ], [ 73.690803539790409, 36.681186673630968 ], [ 73.700538643151731, 36.680461887421153 ], [ 73.706886301464763, 36.683177944887397 ], [ 73.707405101005151, 36.683849337968546 ], [ 73.708763136997746, 36.684444424506346 ], [ 73.710372937838059, 36.686244968070739 ], [ 73.714248669097003, 36.693264004549398 ], [ 73.71480561190856, 36.694160461594713 ], [ 73.715515148701158, 36.694374082722526 ], [ 73.716278083614597, 36.69596100015923 ], [ 73.718536389106717, 36.699390411444135 ], [ 73.720016490286667, 36.700946809633692 ], [ 73.720802319070572, 36.701179503071572 ], [ 73.724220288377921, 36.704662322025037 ], [ 73.724205028980379, 36.705120088978219 ], [ 73.725044260883294, 36.705589292867039 ], [ 73.73448182121129, 36.706180576935644 ], [ 73.738655100500111, 36.705390935675368 ], [ 73.740890511665569, 36.705429074394317 ], [ 73.748390203870215, 36.705566408973652 ], [ 73.748931899119754, 36.705348976003229 ], [ 73.750358590789418, 36.704017640255543 ], [ 73.753479012051528, 36.703365323582091 ], [ 73.755683913723004, 36.703453066767857 ], [ 73.769393930352635, 36.699459078468117 ], [ 73.77642823113861, 36.698955533763453 ], [ 73.777549751683296, 36.698539732542727 ], [ 73.778350844865074, 36.698078153576567 ], [ 73.780967720987675, 36.698001861582291 ], [ 73.781463631205455, 36.69798660218342 ], [ 73.78306580257042, 36.697940828986809 ], [ 73.790786751282397, 36.700088501248253 ], [ 73.799972541335407, 36.708305355275371 ], [ 73.800537119070214, 36.708312984749298 ], [ 73.801338207253607, 36.708782198638112 ], [ 73.801910404628288, 36.708801267536643 ], [ 73.804885876673154, 36.711082459887528 ], [ 73.806808480402523, 36.711639402704101 ], [ 73.809021007249072, 36.712287901910997 ], [ 73.815147409069397, 36.712402347619282 ], [ 73.821601873174131, 36.710067750102951 ], [ 73.8269043074895, 36.709480288483832 ], [ 73.828506478854308, 36.708553312639943 ], [ 73.829689036992534, 36.707782748242856 ], [ 73.832534799090084, 36.707122807095466 ], [ 73.833656319635168, 36.706233979523262 ], [ 73.834793104578495, 36.705345152400646 ], [ 73.838623052188908, 36.704822540838542 ], [ 73.840049750699436, 36.704174041628654 ], [ 73.846832286645693, 36.702884677680352 ], [ 73.84767914302283, 36.702239990483413 ], [ 73.847961431665055, 36.701812747776628 ], [ 73.849357611379858, 36.701610568133823 ], [ 73.850746166170751, 36.701404571478697 ], [ 73.8522033784771, 36.700073246801217 ], [ 73.853012096134762, 36.700084688737078 ], [ 73.854118357283156, 36.70010757260907 ], [ 73.856689460211527, 36.698146820582522 ], [ 73.85778809688577, 36.698169704904124 ], [ 73.858940135778454, 36.697505950846441 ], [ 73.864509594790405, 36.69635772394718 ], [ 73.865638740260863, 36.696086887236454 ], [ 73.866218571944302, 36.69563675020693 ], [ 73.884025580211826, 36.694839474462739 ], [ 73.894523628519394, 36.697261810894759 ], [ 73.895034803136923, 36.69772720732194 ], [ 73.896171578082516, 36.697742461719493 ], [ 73.896438607777498, 36.698184969274003 ], [ 73.897521979604591, 36.698432926660573 ], [ 73.900772105539914, 36.702285763639289 ], [ 73.901588453122315, 36.702529909013656 ], [ 73.900489816901853, 36.706214908062343 ], [ 73.899808291287584, 36.70736188536484 ], [ 73.897132885190814, 36.711864476149636 ], [ 73.898406057505753, 36.715801756467272 ], [ 73.89865876457327, 36.716583251378481 ], [ 73.899719242529258, 36.717937470376512 ], [ 73.900276195341007, 36.717945094850506 ], [ 73.90167999953195, 36.718433380599492 ], [ 73.905204779634531, 36.721179966416159 ], [ 73.905471808880236, 36.721866604345642 ], [ 73.905311590428624, 36.726119998148143 ], [ 73.905982978952423, 36.726314542865346 ], [ 73.906410226655041, 36.727050781002291 ], [ 73.906127938012546, 36.727478029158753 ], [ 73.905282145840744, 36.728776657839667 ], [ 73.905265817237265, 36.728801729361344 ], [ 73.905281071636892, 36.729957580730769 ], [ 73.90523529844414, 36.731548305180567 ], [ 73.902137766506954, 36.73995589647302 ], [ 73.900024425079323, 36.745262143319344 ], [ 73.895034803203032, 36.749721524229102 ], [ 73.887420665730986, 36.758026122197876 ], [ 73.886543285558218, 36.759807583903886 ], [ 73.88605500481458, 36.760231019598429 ], [ 73.885192884038119, 36.760467525050025 ], [ 73.877685556902975, 36.766811370994112 ], [ 73.876228340047234, 36.769237519896961 ], [ 73.872161871094477, 36.774986269299511 ], [ 73.869728092751146, 36.777763368917469 ], [ 73.869026190881399, 36.777965548559742 ], [ 73.868141185784523, 36.779285430850628 ], [ 73.863563547663688, 36.783802036891984 ], [ 73.86244202711751, 36.784145358132811 ], [ 73.862159738474787, 36.784229280049296 ], [ 73.854782115995761, 36.785205846105136 ], [ 73.848510750114144, 36.78529739250061 ], [ 73.845054637084004, 36.784229280062405 ], [ 73.842414862085434, 36.783409120010937 ], [ 73.839523321792541, 36.783676149260984 ], [ 73.835754406324952, 36.783550266614292 ], [ 73.833816538197397, 36.783485412009767 ], [ 73.829399118531569, 36.784858702422895 ], [ 73.828643803544296, 36.785507201632178 ], [ 73.820869457166964, 36.788391112043605 ], [ 73.815025338997302, 36.79399108992542 ], [ 73.814430242916998, 36.794979098362283 ], [ 73.811927807061181, 36.799182891509439 ], [ 73.812156688035785, 36.799873356451229 ], [ 73.80959320959235, 36.807781225506815 ], [ 73.809410102263868, 36.808330538401101 ], [ 73.807968144357659, 36.810073851836343 ], [ 73.80741120154677, 36.810066222362401 ], [ 73.806579599568209, 36.810501099993637 ], [ 73.806274421604115, 36.810955049485074 ], [ 73.802886971095873, 36.811801910876106 ], [ 73.798202521736457, 36.81171417195138 ], [ 73.796279918457017, 36.810997010226458 ], [ 73.795715340721685, 36.810531613799455 ], [ 73.795501719146316, 36.810493465078736 ], [ 73.794342050329774, 36.810279843501561 ], [ 73.786285409859914, 36.809669493020451 ], [ 73.778167732250395, 36.810886381990535 ], [ 73.77790070755718, 36.811340331481766 ], [ 73.77143860943346, 36.813674928998424 ], [ 73.766838081997804, 36.817844390888503 ], [ 73.765434272811447, 36.818477631149712 ], [ 73.764007584303911, 36.819793701428843 ], [ 73.763420112698299, 36.82066345169055 ], [ 73.758628857555621, 36.821479799286116 ], [ 73.755035410398506, 36.822097779701089 ], [ 73.752204902704918, 36.82384872806179 ], [ 73.744117748902539, 36.828945160797758 ], [ 73.741355908275338, 36.829822545985373 ], [ 73.741142286700324, 36.829891203053691 ], [ 73.740333569043543, 36.829421999164943 ], [ 73.732307442376893, 36.828514100189857 ], [ 73.730903633190124, 36.828330992409903 ], [ 73.726470959131717, 36.828247070947285 ], [ 73.725875863052224, 36.829143522993625 ], [ 73.724479683340803, 36.829551699290604 ], [ 73.723899851209254, 36.829990389383681 ], [ 73.723281870808705, 36.831550594587512 ], [ 73.724136362115459, 36.835823060249638 ], [ 73.7241408850375, 36.836197999772999 ], [ 73.724174510391137, 36.838985442288724 ], [ 73.723869332427768, 36.839641571421851 ], [ 73.723732148044718, 36.839638335258286 ], [ 73.723060619771928, 36.839622494562128 ], [ 73.721305854430454, 36.842044831003406 ], [ 73.721817029047656, 36.843162534101189 ], [ 73.720169079498959, 36.84893417237511 ], [ 73.720336927880652, 36.849803928085855 ], [ 73.719024669638756, 36.852752683548047 ], [ 73.71844483795735, 36.853427884092092 ], [ 73.717613235979726, 36.853610991874056 ], [ 73.717048658245815, 36.853603367400275 ], [ 73.716743474378504, 36.854259493270419 ], [ 73.716171278074313, 36.854244231685769 ], [ 73.714736950094618, 36.856040957790846 ], [ 73.71224213416177, 36.856426240216095 ], [ 73.711395277785684, 36.856410980818417 ], [ 73.710807806180014, 36.856830599051136 ], [ 73.709564220454922, 36.859642024927346 ], [ 73.70732117937041, 36.861537932347893 ], [ 73.705696114137723, 36.863029475484453 ], [ 73.705680859740227, 36.863487247437646 ], [ 73.70307923802271, 36.865398409256997 ], [ 73.702758800660774, 36.865634919708164 ], [ 73.701606761321756, 36.866298678316383 ], [ 73.700202952136692, 36.866722109011953 ], [ 73.698303232286264, 36.867889402769237 ], [ 73.697738655002226, 36.867881773295387 ], [ 73.696525588070998, 36.868858339346829 ], [ 73.696228039581513, 36.869098667260069 ], [ 73.69427491251038, 36.869293216979493 ], [ 73.690826424420464, 36.872798925711457 ], [ 73.689422614785983, 36.873199462084514 ], [ 73.687728892035764, 36.87385559121887 ], [ 73.681396498590971, 36.881118778082154 ], [ 73.682548537936981, 36.885028835193921 ], [ 73.682784433995792, 36.885597741673898 ], [ 73.685226456657972, 36.891487121393425 ], [ 73.684593211862065, 36.894386296647347 ], [ 73.684822097388377, 36.896163945890535 ], [ 73.685039833245199, 36.896981444866633 ], [ 73.685228220454675, 36.897688753567188 ], [ 73.68566132929476, 36.899314880992414 ], [ 73.686302199022649, 36.901351930008623 ], [ 73.690277111141341, 36.907672881621039 ], [ 73.693573010257026, 36.909099580146872 ], [ 73.698455826335078, 36.909503933976133 ], [ 73.700065627621541, 36.909633639086096 ], [ 73.700798043285886, 36.909694671679233 ], [ 73.706466683596005, 36.909236909720889 ], [ 73.711158761970566, 36.908302304399442 ], [ 73.71199799387125, 36.907657627202369 ], [ 73.715927137784377, 36.906158444139635 ], [ 73.717597971663594, 36.905967716882422 ], [ 73.718193067743286, 36.905315400211194 ], [ 73.718482986308331, 36.904640194667316 ], [ 73.720169079585432, 36.90424347030644 ], [ 73.721015940961564, 36.904254912242131 ], [ 73.724151621616102, 36.901634214069425 ], [ 73.727226269231366, 36.901008603730794 ], [ 73.727790846964396, 36.900344850123147 ], [ 73.7286682271356, 36.899444580614556 ], [ 73.732322706883878, 36.899085999972911 ], [ 73.73736573186784, 36.897155766740603 ], [ 73.74222565907094, 36.893447878815429 ], [ 73.743934641220591, 36.892597199963554 ], [ 73.744743358876747, 36.892608641899308 ], [ 73.745330820932054, 36.89194488329165 ], [ 73.748947151962042, 36.892242436333085 ], [ 73.749488840824725, 36.892929074262277 ], [ 73.750862125312267, 36.893405915619866 ], [ 73.75165558947505, 36.894313816606427 ], [ 73.752502450851665, 36.894325258991749 ], [ 73.75576020170152, 36.89684295383163 ], [ 73.75682831412928, 36.897968291852926 ], [ 73.757942205199981, 36.898220066701384 ], [ 73.758461009740898, 36.899112701284672 ], [ 73.759574900362395, 36.899597169571621 ], [ 73.761535657359474, 36.899402614852242 ], [ 73.762611399710551, 36.900108334191742 ], [ 73.767616280979681, 36.900199895578091 ], [ 73.768157964840924, 36.899757388472665 ], [ 73.768707287726983, 36.899471281914174 ], [ 73.770675664648365, 36.899303438979416 ], [ 73.776084915191333, 36.896102903214789 ], [ 73.784179698478525, 36.89580154770124 ], [ 73.790214548896884, 36.890094754029917 ], [ 73.793296821889101, 36.889263152037351 ], [ 73.798591626726946, 36.889133452371091 ], [ 73.799942027797172, 36.889816287837562 ], [ 73.80184937712805, 36.890628812965524 ], [ 73.802719127827956, 36.890998840989333 ], [ 73.803810134577034, 36.89102554232327 ], [ 73.804084783745836, 36.891483309276126 ], [ 73.808845529647186, 36.891937253763309 ], [ 73.809379588585557, 36.891990661432452 ], [ 73.809631358431616, 36.892013550305187 ], [ 73.811035167619195, 36.891613003932292 ], [ 73.812759409167882, 36.889827729763518 ], [ 73.813323981901718, 36.88917160063022 ], [ 73.814613355820484, 36.883834834987425 ], [ 73.818031325122959, 36.881191252492378 ], [ 73.823196419852977, 36.881008149707007 ], [ 73.824134837619866, 36.880973818447352 ], [ 73.830001839669507, 36.880767821788602 ], [ 73.831123360216395, 36.881404874060017 ], [ 73.835800179654981, 36.882431025763886 ], [ 73.837188734446698, 36.883365631079805 ], [ 73.838493352774208, 36.885154722708222 ], [ 73.838150031542554, 36.888080593846936 ], [ 73.838653571236506, 36.889205936868841 ], [ 73.842124943668949, 36.89394760141851 ], [ 73.849037179277445, 36.895442962010229 ], [ 73.851806644384723, 36.89549255221575 ], [ 73.852386486517474, 36.895050050110271 ], [ 73.853042610192261, 36.894973758117658 ], [ 73.855743418231924, 36.894653320748326 ], [ 73.857124341099023, 36.894680028171173 ], [ 73.857525434866062, 36.894369439071085 ], [ 73.857986453874176, 36.894012446012312 ], [ 73.858673101795162, 36.893856050014982 ], [ 73.863342291308768, 36.892791749582926 ], [ 73.864723216625606, 36.892818445916696 ], [ 73.868934639641324, 36.891296388981537 ], [ 73.87427521767917, 36.890552515916156 ], [ 73.874725354702733, 36.890491488322084 ], [ 73.878730785619013, 36.889930723038951 ], [ 73.879020699185261, 36.88947677354755 ], [ 73.880149849205424, 36.888813014939565 ], [ 73.880966191787167, 36.888832096799398 ], [ 73.88126374027739, 36.888381959770172 ], [ 73.882652290068506, 36.888175967665397 ], [ 73.884628306467121, 36.887577054112498 ], [ 73.888885502676288, 36.884063720906269 ], [ 73.890586864905856, 36.88295745974326 ], [ 73.892570506228296, 36.882106785891352 ], [ 73.893135073808452, 36.882114413224286 ], [ 73.89922333206178, 36.875980378988054 ], [ 73.902923590459224, 36.871562959262107 ], [ 73.903182990229453, 36.871440889074528 ], [ 73.910804752632046, 36.867908479455025 ], [ 73.911933907653633, 36.867923733852663 ], [ 73.913055428200096, 36.86726760471911 ], [ 73.913352971240826, 36.866813655227801 ], [ 73.916152960147258, 36.866863255883146 ], [ 73.916992197051982, 36.867107386257594 ], [ 73.917861947303592, 36.867408756763588 ], [ 73.918365487446408, 36.867580412608056 ], [ 73.922912601786663, 36.873260499486598 ], [ 73.923759468165656, 36.873504639860961 ], [ 73.929008489819395, 36.873596191247792 ], [ 73.931007395540675, 36.872215265912764 ], [ 73.932144170486325, 36.872035980592742 ], [ 73.934394846053834, 36.870326998415997 ], [ 73.93775941269584, 36.86948013202521 ], [ 73.938911442038219, 36.867927551295637 ], [ 73.94309235580937, 36.863903048466845 ], [ 73.943672187942909, 36.863430022114805 ], [ 73.947792059572294, 36.860481266651107 ], [ 73.950584418553362, 36.858196259795378 ], [ 73.951423650457315, 36.857524871263607 ], [ 73.951995857667612, 36.857543943123751 ], [ 73.95310974828989, 36.856151585852892 ], [ 73.957771308332681, 36.852390290259308 ], [ 73.962013250145731, 36.846569061326747 ], [ 73.962638860025024, 36.846427919278405 ], [ 73.963195808286727, 36.84643554875241 ], [ 73.964767465856355, 36.844139099961168 ], [ 73.967292790590832, 36.839801789690441 ], [ 73.971321110380956, 36.835620880415568 ], [ 73.971885688117112, 36.835628505339173 ], [ 73.976135264408327, 36.832344058109797 ], [ 73.976882939923442, 36.832054139539075 ], [ 73.978393564902447, 36.8315582293137 ], [ 73.98045350326187, 36.830772407700074 ], [ 73.983230597803185, 36.828433990542742 ], [ 73.984603883197806, 36.828002925373269 ], [ 73.985198984730332, 36.827789303794752 ], [ 73.987174996131941, 36.827163698457539 ], [ 73.987442020825839, 36.82648468545176 ], [ 73.988861094414418, 36.825168615172949 ], [ 73.991950996889855, 36.824108127204553 ], [ 73.99424744565394, 36.822120668843567 ], [ 73.99509430703354, 36.822143552715865 ], [ 73.996200568183681, 36.821933743598997 ], [ 73.999877937267101, 36.819770816930401 ], [ 74.004585270063231, 36.820308688334634 ], [ 74.005958565908927, 36.820739743502315 ], [ 74.010932928401616, 36.822639462929978 ], [ 74.011444098019751, 36.82310104234481 ], [ 74.020660412334138, 36.823261260797764 ], [ 74.021774302958491, 36.822620396512384 ], [ 74.025138859604667, 36.821796418994765 ], [ 74.025962836662274, 36.821807860930626 ], [ 74.026542668796409, 36.821136477848739 ], [ 74.02683258736333, 36.820682528357487 ], [ 74.029685983942329, 36.819915771421549 ], [ 74.031623852073182, 36.818290715711697 ], [ 74.031921395114139, 36.817630769566357 ], [ 74.03360749339916, 36.816982269906958 ], [ 74.034713754549884, 36.816799162574661 ], [ 74.036750798544475, 36.814811703764313 ], [ 74.037864689619113, 36.814601899647585 ], [ 74.03983307609812, 36.81397247684847 ], [ 74.041557322651741, 36.811092378904284 ], [ 74.042129525311935, 36.810642241874845 ], [ 74.052124028483675, 36.802108767929255 ], [ 74.055747989453224, 36.801940919544222 ], [ 74.057121280299796, 36.802417752907338 ], [ 74.057937627884485, 36.803325651889018 ], [ 74.059013370240081, 36.804225921396061 ], [ 74.060668954280445, 36.8044776912445 ], [ 74.062301639449316, 36.805854799115153 ], [ 74.065521246592795, 36.808933259685624 ], [ 74.066246037787167, 36.809288022861558 ], [ 74.070175177177134, 36.813373563278908 ], [ 74.081504827498364, 36.824069978878107 ], [ 74.082069404785969, 36.824508668970402 ], [ 74.083572390295089, 36.826351163268612 ], [ 74.084411627201504, 36.82659530364316 ], [ 74.087707526337212, 36.829738618819675 ], [ 74.087974550583255, 36.830451968084112 ], [ 74.088798528091417, 36.830696108458568 ], [ 74.089050297939181, 36.831363679527641 ], [ 74.090141304692679, 36.831607819901954 ], [ 74.090408328938537, 36.832057956930818 ], [ 74.092643745116405, 36.834102625870358 ], [ 74.094314579005129, 36.834125519742237 ], [ 74.100746158812854, 36.833572389382439 ], [ 74.102142338082203, 36.833122256902961 ], [ 74.109397890398682, 36.832580563479198 ], [ 74.114288336428132, 36.831230167389364 ], [ 74.114585879469743, 36.830780029910407 ], [ 74.115974434265141, 36.830581667730058 ], [ 74.118629459118864, 36.829624178538729 ], [ 74.119674692227051, 36.828685760759164 ], [ 74.120918282962904, 36.82786178824297 ], [ 74.128143316485321, 36.828212734402946 ], [ 74.13034058394247, 36.829139710244277 ], [ 74.130622868036298, 36.82959747174759 ], [ 74.131553655883337, 36.829780584528393 ], [ 74.134216315213209, 36.830310821010116 ], [ 74.135383613959675, 36.831424712095306 ], [ 74.136466985789809, 36.831668852469662 ], [ 74.137023934053332, 36.832340245550959 ], [ 74.139122015646976, 36.833759309154722 ], [ 74.139694222858509, 36.833766934078497 ], [ 74.142700198426965, 36.835617063299921 ], [ 74.146400456848085, 36.842601778521143 ], [ 74.146957404661435, 36.842620850381273 ], [ 74.147758487848677, 36.843738553479071 ], [ 74.147712714657132, 36.847332005686688 ], [ 74.149719244867612, 36.855484004664298 ], [ 74.14960480460725, 36.857639316856186 ], [ 74.150405892794851, 36.859226223843429 ], [ 74.151817331921194, 36.867454529813557 ], [ 74.154357911381695, 36.877696985984095 ], [ 74.15556336309416, 36.881267549261004 ], [ 74.156806953834035, 36.884243011056085 ], [ 74.158515935998238, 36.887996672171212 ], [ 74.162605293850262, 36.893428801663319 ], [ 74.163162236663581, 36.893436426137406 ], [ 74.164176946426622, 36.893913269950403 ], [ 74.165512088105956, 36.895935059567989 ], [ 74.16690826782667, 36.896411898380862 ], [ 74.168281558225175, 36.896884919281973 ], [ 74.168548592920743, 36.897342681234818 ], [ 74.169067387014252, 36.898040771100668 ], [ 74.16990662392115, 36.898052218036604 ], [ 74.173492436625565, 36.899425508894033 ], [ 74.179039001337145, 36.899513247819712 ], [ 74.180419926659312, 36.899539949153827 ], [ 74.183769228913576, 36.899139407330679 ], [ 74.185470591150406, 36.898937228137832 ], [ 74.187454232480192, 36.897880552632337 ], [ 74.187713627251469, 36.897876740170219 ], [ 74.193473823540145, 36.897815707573528 ], [ 74.194625862887492, 36.897384641954709 ], [ 74.195846559302723, 36.897331239284419 ], [ 74.197532657590742, 36.896678922612715 ], [ 74.204383860634408, 36.896400450975499 ], [ 74.205032349837822, 36.896350860767505 ], [ 74.206718447676423, 36.895717620956262 ], [ 74.212028506940158, 36.894912720298557 ], [ 74.212875373321367, 36.894474030205508 ], [ 74.217750554958883, 36.894393925748922 ], [ 74.218818672840797, 36.894203183492785 ], [ 74.219284059264524, 36.894119261576286 ], [ 74.221542364764929, 36.893268583174454 ], [ 74.22212219645067, 36.892612454041434 ], [ 74.223793040341491, 36.892642972837429 ], [ 74.225433349986076, 36.892669679171547 ], [ 74.227691655486225, 36.8914527852072 ], [ 74.230102544970052, 36.890716551619107 ], [ 74.233177187813098, 36.889770512977442 ], [ 74.2347412157077, 36.88831329203768 ], [ 74.238380441081603, 36.887283322866303 ], [ 74.238685614047384, 36.886604309860573 ], [ 74.241516121759275, 36.884399412459636 ], [ 74.243194589701631, 36.883998863740793 ], [ 74.244071965302197, 36.883106236053372 ], [ 74.245491028896097, 36.882900239398651 ], [ 74.24687958414323, 36.882915493796432 ], [ 74.247970580447912, 36.8820686374075 ], [ 74.251068122856907, 36.881668090584611 ], [ 74.251914984238937, 36.881675720508369 ], [ 74.252464297129208, 36.88212204007511 ], [ 74.254135136020324, 36.881893154097838 ], [ 74.255249026647945, 36.881736758100445 ], [ 74.255798339988033, 36.882198337065738 ], [ 74.261344914704011, 36.882057190464813 ], [ 74.264106755352074, 36.88366699132402 ], [ 74.271415710356109, 36.890693667726673 ], [ 74.272239687416416, 36.891391757592345 ], [ 74.273178105189032, 36.891971589282861 ], [ 74.274452214724562, 36.892333987382692 ], [ 74.27798462431484, 36.895278930829576 ], [ 74.281852731116899, 36.896701816894698 ], [ 74.283447267568874, 36.898498532997742 ], [ 74.289283755856118, 36.900386810489536 ], [ 74.289520271755336, 36.900844572442494 ], [ 74.29071045437577, 36.901706693228768 ], [ 74.293899537727853, 36.903030392979559 ], [ 74.296356205409609, 36.904064174610099 ], [ 74.297370910173882, 36.90449142776589 ], [ 74.297752390132445, 36.904991150452084 ], [ 74.298187257760389, 36.905521396935157 ], [ 74.304641731456115, 36.907783509463428 ], [ 74.305183414872644, 36.9086761440469 ], [ 74.311531073230157, 36.911026000953584 ], [ 74.312911993554337, 36.91127395334032 ], [ 74.315246585600974, 36.913223268427387 ], [ 74.31562805095929, 36.91354369441715 ], [ 74.3182983443685, 36.914470671635897 ], [ 74.31837463636019, 36.914497377970683 ], [ 74.321067819493038, 36.917194368581065 ], [ 74.322715769063649, 36.917903900382754 ], [ 74.323852544014628, 36.918148040757217 ], [ 74.324928286372824, 36.919075016599358 ], [ 74.327095035488071, 36.921535491309328 ], [ 74.327896118675724, 36.921680450369294 ], [ 74.328506474609057, 36.921787266158042 ], [ 74.332611091413497, 36.924762728401689 ], [ 74.334259040984577, 36.925895690897633 ], [ 74.340209964989654, 36.931831355088072 ], [ 74.341308601219978, 36.931842807473686 ], [ 74.346290593654743, 36.935993192497229 ], [ 74.347961427548299, 36.937175750650454 ], [ 74.348716742541143, 36.937370300367817 ], [ 74.349525455203803, 36.938220974217884 ], [ 74.350608827485871, 36.938671111246435 ], [ 74.358596805495878, 36.945991518231658 ], [ 74.35941314808224, 36.946235658606362 ], [ 74.35993958210021, 36.94669723302129 ], [ 74.36528016017273, 36.95224762023868 ], [ 74.366653445573661, 36.952701569729292 ], [ 74.367538455228072, 36.953514104858364 ], [ 74.368309025069593, 36.954387667581294 ], [ 74.375480655041244, 36.956958770540368 ], [ 74.37708282686792, 36.958744054707026 ], [ 74.377929693250877, 36.958763121567124 ], [ 74.378196722497265, 36.959213258596108 ], [ 74.384262086764437, 36.961654661893803 ], [ 74.385192874613622, 36.962028501930213 ], [ 74.388671876536506, 36.963424681660875 ], [ 74.391189576812707, 36.963462829931075 ], [ 74.391998294925017, 36.96392822180799 ], [ 74.392807012587625, 36.964374541374667 ], [ 74.406456001030719, 36.965007786179491 ], [ 74.410865785803239, 36.966434479706741 ], [ 74.412002570754936, 36.966457368579135 ], [ 74.414787295278856, 36.968055727951764 ], [ 74.41557312406897, 36.968502042518551 ], [ 74.416130071883572, 36.968517306916695 ], [ 74.418571475170111, 36.970577240255025 ], [ 74.419136052908812, 36.970581057716792 ], [ 74.42701721513437, 36.977855681507116 ], [ 74.427284238105287, 36.978519434448003 ], [ 74.427185063519175, 36.982334138823823 ], [ 74.428031929902517, 36.982578279198535 ], [ 74.429344177712252, 36.985244755562988 ], [ 74.429878236204729, 36.985485078925329 ], [ 74.435707095023801, 36.986480716833853 ], [ 74.443916324084938, 36.986598974556244 ], [ 74.447135926686144, 36.986648560212409 ], [ 74.449607853319506, 36.987598419926847 ], [ 74.451202395221657, 36.987369533949767 ], [ 74.456420903107116, 36.987361909023775 ], [ 74.458496095832601, 36.987358092010624 ], [ 74.468818665892158, 36.987873074091674 ], [ 74.473564152878566, 36.98703765963802 ], [ 74.477455143108898, 36.98754501679737 ], [ 74.491729741891021, 36.984840391706477 ], [ 74.494537360288106, 36.9846572839242 ], [ 74.495086673628478, 36.984214786819088 ], [ 74.497573854660317, 36.984119412965583 ], [ 74.498092654204328, 36.984100341104948 ], [ 74.500923161923993, 36.983993530314955 ], [ 74.509796144592698, 36.984077452227993 ], [ 74.520431522547284, 36.984573362448735 ], [ 74.522674568655432, 36.984149931753826 ], [ 74.52269745297734, 36.983497620083149 ], [ 74.524894715441221, 36.983707424198457 ], [ 74.532180786580994, 36.982288360591141 ], [ 74.533691411568086, 36.981536868054953 ], [ 74.541641240858226, 36.97330856163191 ], [ 74.543006901785532, 36.971923824285483 ], [ 74.545318604958865, 36.966655735711214 ], [ 74.545372008076654, 36.964523317841916 ], [ 74.546318055323425, 36.961669926233483 ], [ 74.548667907218629, 36.958053589702665 ], [ 74.552139289217678, 36.952671050864637 ], [ 74.552734375752692, 36.951110840211634 ], [ 74.553001409998814, 36.950611112525202 ], [ 74.554428103519584, 36.949069978732297 ], [ 74.554992681258796, 36.949073791194202 ], [ 74.5564346337286, 36.94814300288914 ], [ 74.55753327040982, 36.947086337384249 ], [ 74.560073854561352, 36.946010585018627 ], [ 74.575370797594232, 36.945457459657781 ], [ 74.576560975216466, 36.945049283361612 ], [ 74.577835084754398, 36.94445800928429 ], [ 74.578659056815965, 36.944038395602178 ], [ 74.578712469935581, 36.945083619170155 ], [ 74.579147342571659, 36.958480832849133 ], [ 74.58068848136044, 36.965469360533724 ], [ 74.583114625254282, 36.972938539043867 ], [ 74.5828170767617, 36.973392488534934 ], [ 74.582809452287648, 36.97388458129732 ], [ 74.582715620293357, 36.977749342417994 ], [ 74.5826263495116, 36.981426239788149 ], [ 74.582924404116909, 36.983002090185828 ], [ 74.584579472057953, 36.991752627368641 ], [ 74.585060122883647, 36.995567321078212 ], [ 74.586265569908903, 37.003421787011675 ], [ 74.586616516073363, 37.007225033335132 ], [ 74.589416505007492, 37.024005885104778 ], [ 74.588895654101862, 37.02686139865159 ], [ 74.588768010804031, 37.027561189041293 ], [ 74.584457401894113, 37.032428740794636 ], [ 74.581382753799488, 37.033275602184005 ], [ 74.580505373619133, 37.034168241767972 ], [ 74.581565861582177, 37.037517544049813 ], [ 74.581810001956768, 37.038864138124424 ], [ 74.582503536858809, 37.039139860007488 ], [ 74.586502080829362, 37.040729521744524 ], [ 74.591247562370569, 37.040794371349193 ], [ 74.591773991389445, 37.041255950764082 ], [ 74.592918396266526, 37.041267392700192 ], [ 74.595947270717673, 37.042423244518353 ], [ 74.596221929888443, 37.042881016021731 ], [ 74.597869879462365, 37.043811799325717 ], [ 74.603141790472606, 37.044525143588587 ], [ 74.606445319094519, 37.045928957794004 ], [ 74.611793517096714, 37.046321869689734 ], [ 74.612602234760516, 37.04678726111694 ], [ 74.61347961494161, 37.046894071905783 ], [ 74.619529725268677, 37.047218326733095 ], [ 74.628471375013049, 37.049106599224849 ], [ 74.634292609701362, 37.050334925476072 ], [ 74.639297490680732, 37.05083465825733 ], [ 74.641685490850861, 37.051551819533415 ], [ 74.649803163533534, 37.052085878476348 ], [ 74.659233099476523, 37.053142548978109 ], [ 74.666969302652106, 37.056564335788309 ], [ 74.671302800441552, 37.060207368651888 ], [ 74.671554570290354, 37.061347966072525 ], [ 74.672691345243976, 37.061367032482977 ], [ 74.678421028209513, 37.065895080455476 ], [ 74.679817197486074, 37.066368106806614 ], [ 74.685020450982989, 37.070251467583013 ], [ 74.688156131673836, 37.07104492130081 ], [ 74.689796451774271, 37.071971896693277 ], [ 74.693885804189165, 37.0732536361608 ], [ 74.69590759424851, 37.073551179204863 ], [ 74.699592587830978, 37.07366943692935 ], [ 74.708663947689161, 37.073017120256196 ], [ 74.712905889535634, 37.069717408630275 ], [ 74.714569093507521, 37.067485809895445 ], [ 74.718467718663007, 37.058162684698466 ], [ 74.71858978384914, 37.056427001188425 ], [ 74.718734706616971, 37.053765277905832 ], [ 74.718933110084677, 37.05012130397094 ], [ 74.718823447122887, 37.049972548807837 ], [ 74.71810913302167, 37.049003600872958 ], [ 74.718711854031923, 37.04766845873452 ], [ 74.718475348580753, 37.044990539983502 ], [ 74.719779966914388, 37.040054320713374 ], [ 74.721961974979507, 37.03398895640828 ], [ 74.728210452033679, 37.021396638832407 ], [ 74.730216987694149, 37.019401555098803 ], [ 74.734474183490022, 37.016094203998428 ], [ 74.736434940955647, 37.014778133720085 ], [ 74.736999513245863, 37.014793398118393 ], [ 74.737564090985671, 37.01479721058034 ], [ 74.739875794163567, 37.01171493299497 ], [ 74.744926458676034, 37.009986873958162 ], [ 74.745773315061001, 37.009994503432331 ], [ 74.746612556971215, 37.009124753170866 ], [ 74.74885559263241, 37.00758743139037 ], [ 74.75000000251039, 37.007141111823074 ], [ 74.751823424941747, 37.007003787236691 ], [ 74.752517702343042, 37.006950374566763 ], [ 74.757461551518332, 37.008605958621374 ], [ 74.758567812226858, 37.010166174273976 ], [ 74.759124755492493, 37.010169986735839 ], [ 74.759681708308634, 37.010864254139641 ], [ 74.763366701896885, 37.020519258638267 ], [ 74.764450079181685, 37.020526888112485 ], [ 74.766098019988235, 37.022342680414681 ], [ 74.767196654991196, 37.022789001092626 ], [ 74.770782472711176, 37.024173738437803 ], [ 74.77248382540543, 37.024261477365968 ], [ 74.773811342614707, 37.024330134883449 ], [ 74.778831488332457, 37.025192260669016 ], [ 74.783584599803092, 37.025253298261617 ], [ 74.784416201789639, 37.024803160782746 ], [ 74.785804751592494, 37.024822232642855 ], [ 74.786376958806613, 37.024372100613718 ], [ 74.791236881065799, 37.023551935559098 ], [ 74.791847227305965, 37.023307795319987 ], [ 74.793144230413375, 37.023117067928027 ], [ 74.798439025300965, 37.020530700566447 ], [ 74.799301146084389, 37.020092005473551 ], [ 74.799880982772819, 37.019416809480241 ], [ 74.804618834845513, 37.019020075569493 ], [ 74.805442807357878, 37.01859664987505 ], [ 74.81659698442644, 37.018516540418318 ], [ 74.818847660462723, 37.018108364122007 ], [ 74.819488524745239, 37.018398282692175 ], [ 74.819999699366235, 37.018623356206561 ], [ 74.821952821909392, 37.018642423066645 ], [ 74.828285220889512, 37.02022552759086 ], [ 74.83383178562768, 37.020290372645341 ], [ 74.835243229752777, 37.019203188343667 ], [ 74.839187623109879, 37.017681120961313 ], [ 74.840034489495267, 37.017696380359588 ], [ 74.841768724170592, 37.013180937369292 ], [ 74.842094422825156, 37.012332913382721 ], [ 74.841972352637413, 37.010581975474359 ], [ 74.84185010368769, 37.008680315712603 ], [ 74.841629031396423, 37.005241392370856 ], [ 74.841685491081122, 37.004458388249205 ], [ 74.841918949964011, 37.001220701557372 ], [ 74.841813210153461, 37.000003975936224 ], [ 74.841369626619709, 36.994899749941759 ], [ 74.842636111234512, 36.991619105177108 ], [ 74.846015932299423, 36.985347744217911 ], [ 74.848106388977811, 36.983264926555712 ], [ 74.84887695882091, 36.983070371837954 ], [ 74.855972292267751, 36.975181575093401 ], [ 74.856544499482368, 36.975185397105683 ], [ 74.860221863592486, 36.972099307058137 ], [ 74.86190033196506, 36.97189331540374 ], [ 74.867393494031091, 36.962574002668539 ], [ 74.869110110674015, 36.960350033408197 ], [ 74.872261050765033, 36.95747375747689 ], [ 74.872528080011762, 36.95679855193336 ], [ 74.87337494139723, 36.95660781922782 ], [ 74.874084473197186, 36.956348414904042 ], [ 74.874122621918033, 36.956333160505579 ], [ 74.874519350826318, 36.956188195995495 ], [ 74.87507629409177, 36.955085757295564 ], [ 74.875350952812781, 36.954181670775533 ], [ 74.876213073596674, 36.95396423673526 ], [ 74.879356384212812, 36.949523928138682 ], [ 74.879920961503473, 36.94952774015097 ], [ 74.88094330119479, 36.947948453087115 ], [ 74.881713870588342, 36.947753908369272 ], [ 74.881988524758867, 36.94664764720752 ], [ 74.882644653439812, 36.94647598636255 ], [ 74.884407048727823, 36.944538118210524 ], [ 74.88494873214546, 36.943611142817495 ], [ 74.88537597530005, 36.943119044605439 ], [ 74.887069708070754, 36.941574098350678 ], [ 74.887901310057956, 36.941356664760079 ], [ 74.892555240213682, 36.932460787719371 ], [ 74.896804811538871, 36.928283690908401 ], [ 74.898490909834919, 36.925945275935071 ], [ 74.900337226589144, 36.923053741055206 ], [ 74.902458192514331, 36.920219425857439 ], [ 74.904838567762113, 36.91606903038177 ], [ 74.908828739315169, 36.912296292854272 ], [ 74.910873413247884, 36.907859806270444 ], [ 74.913681027101532, 36.907222748997533 ], [ 74.914001464017502, 36.905654908870289 ], [ 74.914024358339475, 36.904537200772104 ], [ 74.914855960326619, 36.903862004778773 ], [ 74.916816707345063, 36.90366363759864 ], [ 74.922142031033218, 36.901504513393512 ], [ 74.924659731317902, 36.901760095704432 ], [ 74.925186160337759, 36.902442931171898 ], [ 74.927375798332918, 36.904270171072042 ], [ 74.927932741599022, 36.904273988534015 ], [ 74.931495670003471, 36.916816710899937 ], [ 74.932601931163418, 36.920875544984355 ], [ 74.939208988870419, 36.928085323720424 ], [ 74.940467834013049, 36.928806307459048 ], [ 74.941307070475375, 36.930133820122876 ], [ 74.943237309147122, 36.930614470948321 ], [ 74.947067267244975, 36.933570865882814 ], [ 74.950119021024321, 36.934780120371059 ], [ 74.957344054140222, 36.937644954363883 ], [ 74.957557675717808, 36.938163758910633 ], [ 74.958122253458342, 36.938171383385018 ], [ 74.961112979644852, 36.94109344251045 ], [ 74.966224676757903, 36.943019868724718 ], [ 74.967330932916838, 36.943916325320593 ], [ 74.968429564601138, 36.944164278157324 ], [ 74.969139096401634, 36.944324496615955 ], [ 74.972145081986383, 36.946605681456738 ], [ 74.977096555641168, 36.948165897108709 ], [ 74.978828436684736, 36.949417112330423 ], [ 74.980018614309941, 36.950153350467524 ], [ 74.981910704261551, 36.951698306721504 ], [ 74.983177184328426, 36.952125549877515 ], [ 74.984580993531083, 36.952575686906258 ], [ 74.988105778661676, 36.955841062271602 ], [ 74.991119389170777, 36.958209996040964 ], [ 74.9950180043367, 36.959621429721068 ], [ 74.997795108945255, 36.960109715470544 ], [ 75.008628849107211, 36.95977783616506 ], [ 75.011940002660069, 36.961357118677725 ], [ 75.012786869046138, 36.961372373076017 ], [ 75.014694213396467, 36.963214872374813 ], [ 75.016624452069948, 36.967319489204698 ], [ 75.018707274277901, 36.971759793249831 ], [ 75.019729613520653, 36.971767427724046 ], [ 75.020957949866684, 36.971775057647903 ], [ 75.023452765829646, 36.971130370451121 ], [ 75.026268009158485, 36.969154359027691 ], [ 75.030738826989136, 36.96898269818211 ], [ 75.036499023309062, 36.966552732267104 ], [ 75.038597109913979, 36.966167450293597 ], [ 75.03942108242741, 36.966175079767829 ], [ 75.039688116674355, 36.965717317814644 ], [ 75.040534973060602, 36.965736389675037 ], [ 75.042510984478213, 36.964843755091032 ], [ 75.042808532971549, 36.964195250882227 ], [ 75.043670653755768, 36.96308898972039 ], [ 75.045013430364847, 36.962577825097441 ], [ 75.04788207636355, 36.960453031701945 ], [ 75.04845428357855, 36.960456849164011 ], [ 75.048995967446288, 36.959781648620257 ], [ 75.054931646623828, 36.958580018604941 ], [ 75.056373599547328, 36.957706450881552 ], [ 75.057983400853374, 36.957431796709443 ], [ 75.058280948897163, 36.956977847218326 ], [ 75.059112550884763, 36.956310271149093 ], [ 75.063041684847747, 36.955265042580393 ], [ 75.063621517907592, 36.954589847921625 ], [ 75.067245482981562, 36.952850336064159 ], [ 75.06814575248697, 36.952678680219186 ], [ 75.069564821087937, 36.951354980466725 ], [ 75.070266728414168, 36.951187132083874 ], [ 75.072196966636724, 36.949821471148283 ], [ 75.074035643468477, 36.947116851062198 ], [ 75.078575133366826, 36.943576811523755 ], [ 75.079963683621088, 36.943130496506853 ], [ 75.080528260912189, 36.943141938892907 ], [ 75.083465574428743, 36.940631868524235 ], [ 75.08530426171059, 36.939060210485025 ], [ 75.087043762678235, 36.938304895487093 ], [ 75.090583802207519, 36.938251492816804 ], [ 75.091545103857058, 36.938240050880275 ], [ 75.095932009772824, 36.938175200823878 ], [ 75.096771241235317, 36.938640597251101 ], [ 75.10034942948576, 36.939334864654576 ], [ 75.100616453733039, 36.939792636607606 ], [ 75.105613710585658, 36.942096705321006 ], [ 75.109489446880346, 36.942962643119586 ], [ 75.115051271023901, 36.944202426854083 ], [ 75.11824035939091, 36.945983888558892 ], [ 75.119728090510264, 36.946247100344472 ], [ 75.119979855359148, 36.946704862297494 ], [ 75.121063237645899, 36.947628025677844 ], [ 75.124977117211998, 36.948764800635892 ], [ 75.127143861335867, 36.95058059359976 ], [ 75.127845763212761, 36.950866694707976 ], [ 75.131790162025339, 36.95186233261802 ], [ 75.135810857380264, 36.952743530264648 ], [ 75.137870795717504, 36.95446014691214 ], [ 75.139572147963122, 36.95587539850623 ], [ 75.14401245699932, 36.957695008931772 ], [ 75.146484378641773, 36.959968563399066 ], [ 75.147590634801205, 36.960182184977022 ], [ 75.151054382339908, 36.962474821754235 ], [ 75.163764953064998, 36.974235532336728 ], [ 75.164871219224366, 36.974254609197018 ], [ 75.166717530982069, 36.976295465675541 ], [ 75.167533873571912, 36.976524351651904 ], [ 75.173355107490352, 36.981498719192153 ], [ 75.175437924698883, 36.985088349387041 ], [ 75.180900577981291, 36.995887758318773 ], [ 75.187416079303034, 37.003250126039667 ], [ 75.187652590203356, 37.003959657842024 ], [ 75.188407900199522, 37.004192356280484 ], [ 75.193344119460576, 37.009559630718186 ], [ 75.194000248142316, 37.009654999570742 ], [ 75.198127749287465, 37.013057709522073 ], [ 75.198944096549354, 37.013294212836591 ], [ 75.202255250432685, 37.016468043947711 ], [ 75.202964782683722, 37.01812744591512 ], [ 75.207962039090702, 37.030693057153755 ], [ 75.20893097066498, 37.032165523877921 ], [ 75.21490478356715, 37.03372192206794 ], [ 75.215400693790585, 37.034000398252026 ], [ 75.215858460742808, 37.034255981012969 ], [ 75.217521669719318, 37.03426742294922 ], [ 75.221710203457206, 37.032745365567109 ], [ 75.225624083473733, 37.032787326749585 ], [ 75.227272033052159, 37.033710480129876 ], [ 75.227806091546796, 37.034172059095262 ], [ 75.230033873264517, 37.034626003586041 ], [ 75.233108521369104, 37.035778042942646 ], [ 75.238830569423087, 37.037918090285721 ], [ 75.239105223144819, 37.038375852238666 ], [ 75.239898686862006, 37.038547513083394 ], [ 75.240859983511911, 37.038753504737407 ], [ 75.241371153583671, 37.03966903864346 ], [ 75.243568421055045, 37.040576937625239 ], [ 75.244979860182895, 37.040821078 ], [ 75.248863220953552, 37.042198180871175 ], [ 75.249107361328214, 37.042652130362214 ], [ 75.250762935830707, 37.043128968725831 ], [ 75.251609802217573, 37.043796539794911 ], [ 75.251884466389029, 37.044227599963335 ], [ 75.256813050725768, 37.045276645992878 ], [ 75.258613589288359, 37.046180727512706 ], [ 75.262214661413324, 37.046798707924097 ], [ 75.264930723430581, 37.047267911813201 ], [ 75.271377567064135, 37.044651023915449 ], [ 75.271675110727514, 37.0441970811641 ], [ 75.274078365751805, 37.043724060261987 ], [ 75.27582550119493, 37.04339599797057 ], [ 75.276359560139085, 37.042953490865592 ], [ 75.279205327267505, 37.042274477410018 ], [ 75.282287599846811, 37.042758945697528 ], [ 75.283309934090653, 37.043388368495307 ], [ 75.2844696033698, 37.044105529772033 ], [ 75.285858153175354, 37.044113154695935 ], [ 75.28831482041987, 37.044681549450125 ], [ 75.288871763686743, 37.045139311403105 ], [ 75.293632509641512, 37.046443939743931 ], [ 75.294441227757289, 37.046874994912379 ], [ 75.296844482332261, 37.046897889234536 ], [ 75.302284241291218, 37.046955104365743 ], [ 75.30426025771088, 37.047595979099782 ], [ 75.304740903985675, 37.047752380096419 ], [ 75.30588531341678, 37.048122408120868 ], [ 75.307563781792126, 37.048141479981034 ], [ 75.308372499907932, 37.048603053946401 ], [ 75.311141970044773, 37.04862976028101 ], [ 75.31211090116922, 37.048709869735085 ], [ 75.315460208445828, 37.049285889413149 ], [ 75.332855228136907, 37.050613401625512 ], [ 75.33396911922074, 37.050174716532794 ], [ 75.337913517585662, 37.04977798717303 ], [ 75.339027408219778, 37.049129482964176 ], [ 75.339569096638442, 37.048683163397122 ], [ 75.342643734743646, 37.048255920240642 ], [ 75.343772889776261, 37.047813412685827 ], [ 75.344902040258432, 37.046710963986079 ], [ 75.345429302318394, 37.042654315997886 ], [ 75.345886231229485, 37.039138797148084 ], [ 75.345314024013291, 37.035930636913932 ], [ 75.34399288901102, 37.028622659461242 ], [ 75.343864441162623, 37.02791214005962 ], [ 75.344009405670548, 37.019538879579095 ], [ 75.344093327136051, 37.014972683333745 ], [ 75.345365518679287, 37.007798014734327 ], [ 75.345596312652958, 37.006496424975737 ], [ 75.345412866771497, 37.003028944533838 ], [ 75.345169069495753, 36.998420712539961 ], [ 75.345489501861863, 36.995971679765375 ], [ 75.346664430088651, 36.990058904445263 ], [ 75.347557069670486, 36.988040927288935 ], [ 75.347480777678157, 36.986808778477773 ], [ 75.347991942749431, 36.985210419553646 ], [ 75.35195922498562, 36.976360320708807 ], [ 75.354629514257297, 36.973163602410686 ], [ 75.355461116245792, 36.97248840186711 ], [ 75.357360845673057, 36.970596311910555 ], [ 75.358467101833128, 36.970603941384738 ], [ 75.359596251865597, 36.969051365655908 ], [ 75.362724308089724, 36.966167450250587 ], [ 75.363822934325754, 36.966182709648926 ], [ 75.366966249498645, 36.962646482123183 ], [ 75.368377688626623, 36.961090083932262 ], [ 75.374290463936632, 36.956672664208725 ], [ 75.375419618969502, 36.956455230618019 ], [ 75.3762435914836, 36.955802918947292 ], [ 75.377922059859372, 36.955821995357965 ], [ 75.378776551170375, 36.955371858328796 ], [ 75.384635928362087, 36.95497512896889 ], [ 75.386589050909222, 36.954761507840267 ], [ 75.389900204465917, 36.956794739394539 ], [ 75.390464782207133, 36.956798551856558 ], [ 75.391830443140563, 36.958175659727992 ], [ 75.39427184598776, 36.960453031657302 ], [ 75.394844053203471, 36.960456849119396 ], [ 75.395927435787513, 36.961578367001778 ], [ 75.400085455434763, 36.963157656742673 ], [ 75.40119171159489, 36.96339797510511 ], [ 75.41346740424602, 36.962856291234608 ], [ 75.413497923042883, 36.962844849298229 ], [ 75.416267393180306, 36.961769106932991 ], [ 75.417442326857952, 36.960773469022257 ], [ 75.418235780125741, 36.960578919304609 ], [ 75.420082091883813, 36.958461765833469 ], [ 75.420875550601309, 36.958240504780889 ], [ 75.423034674014261, 36.956012722904809 ], [ 75.425888066405221, 36.951099398111261 ], [ 75.426200864297272, 36.949768068434942 ], [ 75.427212601218002, 36.948311440092802 ], [ 75.427909851469593, 36.947307588274164 ], [ 75.428207399513525, 36.945964811661568 ], [ 75.427169800420671, 36.941986087031253 ], [ 75.426467898542001, 36.935234069797318 ], [ 75.426765441586113, 36.934349055137673 ], [ 75.425537110238068, 36.931632997665865 ], [ 75.422416689385628, 36.926921842360613 ], [ 75.419685362518706, 36.924446103251583 ], [ 75.418563841960008, 36.923748013385669 ], [ 75.418006894142636, 36.923290251432675 ], [ 75.416358944563285, 36.921936032434104 ], [ 75.413444520364877, 36.918495179211305 ], [ 75.412986758412401, 36.918125156186754 ], [ 75.411529541088498, 36.916938781020697 ], [ 75.410761946722701, 36.915590757088012 ], [ 75.408744816551518, 36.912048339946516 ], [ 75.409049989519644, 36.910942073784689 ], [ 75.411636351875714, 36.908145902307922 ], [ 75.413558965625654, 36.904911040738803 ], [ 75.414722705237835, 36.900136168797154 ], [ 75.41507720554182, 36.898681640513516 ], [ 75.414589457041814, 36.892594919950398 ], [ 75.414161681634852, 36.887256616245274 ], [ 75.41590118260369, 36.883457181933906 ], [ 75.417007443763765, 36.882575989286501 ], [ 75.42230987858845, 36.881969450810644 ], [ 75.424247741737531, 36.882671353138555 ], [ 75.426284785751605, 36.883960727081273 ], [ 75.427413940784746, 36.884677888357928 ], [ 75.430313111034195, 36.886516575644471 ], [ 75.437805178407601, 36.88681793115046 ], [ 75.439483646783501, 36.88637542859562 ], [ 75.443443299997099, 36.882591243682498 ], [ 75.444007877288726, 36.88260269606851 ], [ 75.448020938171339, 36.875728608646682 ], [ 75.449172977526331, 36.872596745404657 ], [ 75.451087951351838, 36.866073604147068 ], [ 75.4519805909338, 36.863166809419461 ], [ 75.4524230984876, 36.861881257938414 ], [ 75.452903744312252, 36.85840225099431 ], [ 75.452912679173139, 36.858183361305798 ], [ 75.452972411829677, 36.856719970603748 ], [ 75.453342479465206, 36.85482249140086 ], [ 75.453361516264053, 36.854724881870624 ], [ 75.452583317393788, 36.850242612541635 ], [ 75.45664215102174, 36.841121676987086 ], [ 75.459960939499965, 36.825935362128156 ], [ 75.462821961027586, 36.820606230960848 ], [ 75.469894410168635, 36.813026429198374 ], [ 75.474182130223113, 36.806129457903701 ], [ 75.478958130577865, 36.802150728272963 ], [ 75.483306883227058, 36.801002501377511 ], [ 75.483596801347247, 36.800548551886514 ], [ 75.488182069447177, 36.799541476589368 ], [ 75.490135191994582, 36.797786711218762 ], [ 75.49181366037071, 36.797348021126012 ], [ 75.492408751908869, 36.796833039041154 ], [ 75.497116085196168, 36.795600890679097 ], [ 75.497413638240431, 36.795143128726096 ], [ 75.498809817970624, 36.794273378464752 ], [ 75.500503540745285, 36.794288632863065 ], [ 75.500785829391106, 36.793834683371976 ], [ 75.501075747960996, 36.793407440215709 ], [ 75.503288265281725, 36.792762753019197 ], [ 75.503585813325998, 36.792316433452264 ], [ 75.50500488192904, 36.791641237908578 ], [ 75.507507327819624, 36.790775299659522 ], [ 75.508651732251124, 36.789878842613859 ], [ 75.512825016593965, 36.788570402259658 ], [ 75.513107305689488, 36.788124087242956 ], [ 75.513938907678337, 36.787445069237414 ], [ 75.515892029776452, 36.787464146097626 ], [ 75.516151424549477, 36.787036892941451 ], [ 75.522575374933993, 36.784637450823837 ], [ 75.524780277330876, 36.784217837141817 ], [ 75.527908328107003, 36.782878872990885 ], [ 75.529289243439052, 36.782894137389235 ], [ 75.529312137311877, 36.782890324927251 ], [ 75.532409669741043, 36.782329559646925 ], [ 75.533554079172632, 36.781681060438096 ], [ 75.53685760325564, 36.781185150213574 ], [ 75.54214477323346, 36.779182437005701 ], [ 75.543556217362365, 36.779201508866038 ], [ 75.544662473522905, 36.779205321327943 ], [ 75.548561098694421, 36.777240751841163 ], [ 75.555267337725539, 36.775951382897652 ], [ 75.5569534305763, 36.775825500247976 ], [ 75.55712127895886, 36.775814058311681 ], [ 75.557762143692514, 36.775764467654263 ], [ 75.558616639554174, 36.775089262110626 ], [ 75.566436769220019, 36.771789550485195 ], [ 75.570907592057551, 36.7713699372528 ], [ 75.572509763441715, 36.770301819362089 ], [ 75.573135373327219, 36.769847869871072 ], [ 75.578750610596416, 36.76830673607833 ], [ 75.579864501680888, 36.767421721418643 ], [ 75.580978397315775, 36.766551970707724 ], [ 75.586303711015077, 36.76502227885139 ], [ 75.593315122564917, 36.760826110630063 ], [ 75.597473142959842, 36.760402679935623 ], [ 75.598892216563158, 36.759754180277177 ], [ 75.599151611336254, 36.759326937570606 ], [ 75.600288385843982, 36.759105681068341 ], [ 75.602638247751059, 36.759304048247841 ], [ 75.602790831735277, 36.759315490184299 ], [ 75.603340155281927, 36.759361263085992 ], [ 75.609436038173499, 36.759181973059903 ], [ 75.614776611271452, 36.757179255301843 ], [ 75.616447449724049, 36.756973263197999 ], [ 75.620124818843479, 36.752765652590767 ], [ 75.623527528790959, 36.745628353383374 ], [ 75.624946592394195, 36.743843079215928 ], [ 75.629119872187346, 36.74003982789214 ], [ 75.629936219778017, 36.739818571389911 ], [ 75.631958009393969, 36.737377168539467 ], [ 75.638771054214374, 36.730968472544916 ], [ 75.639244080115532, 36.729320522963548 ], [ 75.640830992101456, 36.727188115094215 ], [ 75.64162445081908, 36.725193021810675 ], [ 75.645286565540474, 36.721855161914391 ], [ 75.64639282170107, 36.721115111315022 ], [ 75.647262576961381, 36.720920561597389 ], [ 75.65146637510199, 36.71765899324356 ], [ 75.652023313369156, 36.717658993243525 ], [ 75.660507201642147, 36.707878111543714 ], [ 75.663871767869651, 36.705223081665309 ], [ 75.666435241354449, 36.701622009533615 ], [ 75.675155645078291, 36.691410062215652 ], [ 75.690505981290983, 36.667144772535217 ], [ 75.694534301124932, 36.662033080407952 ], [ 75.701835631695374, 36.6526718119405 ], [ 75.707946774188812, 36.643180848811078 ], [ 75.712135312931196, 36.637706758133788 ], [ 75.71421814514099, 36.633880617487648 ], [ 75.719688413350767, 36.626388550103741 ], [ 75.72954559703237, 36.608787538279515 ], [ 75.733352660814276, 36.602508547396752 ], [ 75.738227842485813, 36.596744538598905 ], [ 75.742347714160502, 36.592544557915772 ], [ 75.74378204216255, 36.590934756605655 ], [ 75.748306277670252, 36.583805087322148 ], [ 75.753921509940909, 36.579357148802004 ], [ 75.754478457758594, 36.579360960814363 ], [ 75.760627748524456, 36.57471466056424 ], [ 75.763969420879931, 36.573608399402168 ], [ 75.769332883301459, 36.568729400263912 ], [ 75.771263121527667, 36.568061834194637 ], [ 75.776290892184221, 36.565433506100796 ], [ 75.776290892184193, 36.564975739147734 ], [ 75.77796173563712, 36.564559938377471 ], [ 75.778648373566128, 36.563972471762533 ], [ 75.781875615658464, 36.562992097800425 ], [ 75.78299713076801, 36.561660763124188 ], [ 75.788009647026286, 36.559665679840528 ], [ 75.79389953346886, 36.555248265117228 ], [ 75.795677187710893, 36.554851531207404 ], [ 75.795974731205021, 36.554397581716422 ], [ 75.797096251314727, 36.554409023652738 ], [ 75.801963803512834, 36.55284881299972 ], [ 75.802253722082909, 36.552394863508738 ], [ 75.803390506591043, 36.552173617456184 ], [ 75.806182866053021, 36.54973220915597 ], [ 75.809524538408681, 36.548389432543054 ], [ 75.810371399796523, 36.548400874479476 ], [ 75.811470031033465, 36.547748567808782 ], [ 75.814552309065675, 36.547103881061886 ], [ 75.815521240191188, 36.546958921551933 ], [ 75.816055294136035, 36.546504972060838 ], [ 75.818740842809262, 36.546230317888863 ], [ 75.824295042037278, 36.544040684887541 ], [ 75.827209471686928, 36.543758396241245 ], [ 75.831275945243192, 36.542808536525641 ], [ 75.833450313844352, 36.542301173915213 ], [ 75.839561466800973, 36.542140954870383 ], [ 75.849037175514127, 36.539718629016079 ], [ 75.849327089084227, 36.539272308999394 ], [ 75.852676390914482, 36.537361142632108 ], [ 75.852989198806938, 36.537231442520472 ], [ 75.85659027093611, 36.535747523859825 ], [ 75.858749385138879, 36.534076690405442 ], [ 75.859779354307676, 36.533107753829547 ], [ 75.860229491336426, 36.532627108003616 ], [ 75.862304689072602, 36.532024381990155 ], [ 75.863288885046302, 36.531738280432187 ], [ 75.865821839285601, 36.529521941096199 ], [ 75.866920475972265, 36.529533383032614 ], [ 75.877799989351644, 36.521114349806069 ], [ 75.879211428031653, 36.520668029789242 ], [ 75.882301330538397, 36.51865768710735 ], [ 75.883399966775457, 36.518436431054795 ], [ 75.88536071424835, 36.516883844876325 ], [ 75.88678741732673, 36.516437535309286 ], [ 75.889320372015732, 36.514453883962162 ], [ 75.890716551746834, 36.51334381533831 ], [ 75.895713808157709, 36.511779787672936 ], [ 75.901573185804381, 36.507812499978762 ], [ 75.905189517332289, 36.507156370845884 ], [ 75.906585692063345, 36.506046292671734 ], [ 75.906860351235082, 36.505588530718576 ], [ 75.908271784915058, 36.50517272994842 ], [ 75.908821108258408, 36.504493716493165 ], [ 75.913551325421665, 36.502952572700735 ], [ 75.913833614517401, 36.502494811197259 ], [ 75.91497039902562, 36.501617431012001 ], [ 75.916267392891967, 36.501308435581187 ], [ 75.917770387962562, 36.500953677404695 ], [ 75.918052677058299, 36.500495910451619 ], [ 75.919151303295408, 36.500301360733999 ], [ 75.923332217564919, 36.49784469303539 ], [ 75.93167877125633, 36.496349332438022 ], [ 75.93251037824578, 36.495670319432421 ], [ 75.940681459080153, 36.493106840944556 ], [ 75.944747927636982, 36.492378237281486 ], [ 75.951713565995519, 36.489505768812606 ], [ 75.952003479565647, 36.489078526106049 ], [ 75.955612181619401, 36.488670349360611 ], [ 75.955894470265449, 36.488216399869458 ], [ 75.956459048007204, 36.487770080302433 ], [ 75.956924439434403, 36.487770080302418 ], [ 75.957000731426561, 36.487770080302411 ], [ 75.95730590439517, 36.487766267840406 ], [ 75.95897674784851, 36.487545011787844 ], [ 75.959518431717527, 36.487098696771241 ], [ 75.960365298105415, 36.487102509233196 ], [ 75.964775087902026, 36.485351561324585 ], [ 75.971626280997597, 36.485256197471685 ], [ 75.972763065955633, 36.484809877904652 ], [ 75.973907470388085, 36.484767911721633 ], [ 75.976730348647649, 36.48474121038678 ], [ 75.978591919806235, 36.484024049109856 ], [ 75.980171201868998, 36.483783721196843 ], [ 75.98286438001702, 36.482547759923428 ], [ 75.984252924824403, 36.482559201859829 ], [ 75.989517210933172, 36.481906895638602 ], [ 75.990913390664502, 36.481235502107381 ], [ 75.99164581678906, 36.481235502107353 ], [ 75.992568970169216, 36.481239314569301 ], [ 75.993705750127262, 36.480812071413126 ], [ 75.993957519976462, 36.480381015794897 ], [ 75.997016903686784, 36.479724887111651 ], [ 75.998138424246548, 36.479957580100489 ], [ 75.998947141913646, 36.480850219684136 ], [ 75.999221804725693, 36.481281277324292 ], [ 76.001998900700158, 36.48198700464274 ], [ 76.01094818085511, 36.481819151259593 ], [ 76.012245179271915, 36.481796267386613 ], [ 76.021133421383553, 36.481632231465639 ], [ 76.02336120810449, 36.481189728910856 ], [ 76.025833135200315, 36.481437681747806 ], [ 76.03056335236424, 36.479911801904088 ], [ 76.040008547743483, 36.478832247526498 ], [ 76.042541501983322, 36.477294925746492 ], [ 76.048149109781789, 36.47625732210232 ], [ 76.053085328599835, 36.475551602761776 ], [ 76.053642271417701, 36.475784300750632 ], [ 76.054191589761132, 36.475337981183706 ], [ 76.054191589761103, 36.47488021923057 ], [ 76.05611419351348, 36.474452976074346 ], [ 76.06055450255711, 36.474475860396652 ], [ 76.064460752205946, 36.473136905796252 ], [ 76.069206234218157, 36.472930909142057 ], [ 76.072547911574844, 36.471179961233418 ], [ 76.072799681424129, 36.470722199280459 ], [ 76.077262879340509, 36.469661711313783 ], [ 76.07783508655676, 36.468978880846308 ], [ 76.080902099741621, 36.466964720702308 ], [ 76.0839614834522, 36.464962002944425 ], [ 76.084533690668508, 36.464962002944418 ], [ 76.08870697546422, 36.460956571979047 ], [ 76.089843749972815, 36.460960388991424 ], [ 76.093475340899573, 36.457744599282741 ], [ 76.095230101269294, 36.456958770488107 ], [ 76.097221372539394, 36.455024719798402 ], [ 76.100311279597207, 36.452560422625481 ], [ 76.106826781377407, 36.446395877006239 ], [ 76.110229491327786, 36.443931579833333 ], [ 76.113639835752608, 36.440967559973977 ], [ 76.119201665356016, 36.437774654138074 ], [ 76.121986389894928, 36.435558319352445 ], [ 76.125068662478284, 36.432846069792191 ], [ 76.130363467384313, 36.426918030073637 ], [ 76.135002133157798, 36.42197799834171 ], [ 76.138114929538119, 36.419017790944459 ], [ 76.143692018539952, 36.413341521075218 ], [ 76.147735592774737, 36.40865325964225 ], [ 76.150833125206304, 36.405437469933673 ], [ 76.154548647599754, 36.400993348426056 ], [ 76.159500126266067, 36.397296902891533 ], [ 76.167243958945832, 36.390132901899591 ], [ 76.173110961068403, 36.385696415765686 ], [ 76.17773437244378, 36.383487700904055 ], [ 76.180503842584457, 36.382755279779083 ], [ 76.18357849069379, 36.383018497014476 ], [ 76.186637874404767, 36.383525849175122 ], [ 76.191841127920782, 36.383796690884758 ], [ 76.194610598061558, 36.384067537594547 ], [ 76.19860839955102, 36.382839201245275 ], [ 76.202316287020736, 36.380382538996344 ], [ 76.207344057679435, 36.376861571318969 ], [ 76.210136416692862, 36.373714448678463 ], [ 76.212089539242214, 36.372154238025558 ], [ 76.213226319200572, 36.371696476072479 ], [ 76.214889528179853, 36.371044159401713 ], [ 76.217102055502593, 36.369049071118354 ], [ 76.219360356020644, 36.365688326899743 ], [ 76.220184328086177, 36.365463253385215 ], [ 76.220748900828156, 36.365032198216674 ], [ 76.224891666377957, 36.36156845067098 ], [ 76.225440979721427, 36.361568450670973 ], [ 76.228286741854248, 36.358467106225824 ], [ 76.22911071891987, 36.358242032261529 ], [ 76.230819706094465, 36.356540680010397 ], [ 76.231636043685597, 36.355884550877668 ], [ 76.234146114053047, 36.35498809428163 ], [ 76.235824582430752, 36.353302000979269 ], [ 76.238601682495528, 36.350971225930245 ], [ 76.24083709869123, 36.350326539183527 ], [ 76.241401671433195, 36.349643708715973 ], [ 76.243637087628755, 36.348083498063154 ], [ 76.246932986790682, 36.347206112877856 ], [ 76.247222900360796, 36.346755980848677 ], [ 76.248329166522268, 36.345848081866627 ], [ 76.251106261137508, 36.346084592317517 ], [ 76.252510070343448, 36.344524381664726 ], [ 76.25473785206475, 36.343189239975992 ], [ 76.263381959252726, 36.342819216951398 ], [ 76.268867491415151, 36.342586513512636 ], [ 76.280052187767751, 36.343780513602731 ], [ 76.28176116994247, 36.343757629729865 ], [ 76.28215789885202, 36.34375381726786 ], [ 76.284439088692764, 36.343723298470906 ], [ 76.287818909321288, 36.344306948073516 ], [ 76.292114253855715, 36.344486233392566 ], [ 76.293022152837665, 36.345108031266356 ], [ 76.295425417416268, 36.345619200889104 ], [ 76.297363285567371, 36.345851894327637 ], [ 76.299552919017671, 36.347206112876705 ], [ 76.301773075815049, 36.347675326766094 ], [ 76.302612302279158, 36.34767532676608 ], [ 76.303703314535511, 36.348571776137852 ], [ 76.311157223152975, 36.351722718464323 ], [ 76.315170289041404, 36.352985386072412 ], [ 76.324111939274502, 36.357173919818642 ], [ 76.328216551553467, 36.357887269083022 ], [ 76.340736384594663, 36.35789871101916 ], [ 76.343780513907433, 36.358135226919643 ], [ 76.352386472374803, 36.355251316064816 ], [ 76.360763544865648, 36.348796847325083 ], [ 76.365447999284996, 36.346786499643159 ], [ 76.369110108559752, 36.342998502268465 ], [ 76.374633789443166, 36.340984342124443 ], [ 76.37492370801337, 36.340332035453812 ], [ 76.376022339700583, 36.340106961939213 ], [ 76.378219602175463, 36.337238310932648 ], [ 76.379951478672524, 36.334968563477375 ], [ 76.382591248701971, 36.332836155608021 ], [ 76.383377072496458, 36.332637788428343 ], [ 76.38589477278812, 36.330142972458496 ], [ 76.38668060158254, 36.329944605278911 ], [ 76.388786318116416, 36.327560427560243 ], [ 76.389350890408764, 36.32710265560717 ], [ 76.393089297125357, 36.324020388022376 ], [ 76.397239687599637, 36.321800235774752 ], [ 76.401130673300457, 36.316898347763882 ], [ 76.402259828334778, 36.316898347763853 ], [ 76.404212950884514, 36.314876558145521 ], [ 76.405799862871817, 36.314495083184632 ], [ 76.408111576059881, 36.313545223469269 ], [ 76.411445613942846, 36.311302187348801 ], [ 76.412292480331047, 36.310420995151269 ], [ 76.413108827922386, 36.310420995151262 ], [ 76.414207454159779, 36.309745789157979 ], [ 76.420326231582422, 36.308666229780613 ], [ 76.420890809324376, 36.308219909763999 ], [ 76.42170715691573, 36.308216092301912 ], [ 76.42504119434912, 36.306430818134515 ], [ 76.425323482995282, 36.305999752966066 ], [ 76.428108217534742, 36.30555725541133 ], [ 76.42839813110497, 36.305099483458172 ], [ 76.430320744857866, 36.303760529307652 ], [ 76.431983948837356, 36.303543095267429 ], [ 76.434051512099941, 36.297100063464192 ], [ 76.436538693144684, 36.283828732884579 ], [ 76.440185548470652, 36.278438564123668 ], [ 76.445503232700247, 36.273532863650715 ], [ 76.448631099302702, 36.268345108222569 ], [ 76.449424741748345, 36.267028804253705 ], [ 76.450012203363144, 36.264793393057374 ], [ 76.448348999383441, 36.261672971751779 ], [ 76.447784422091061, 36.261672971751786 ], [ 76.446418761156124, 36.260093689688276 ], [ 76.445610048039143, 36.259860991249646 ], [ 76.445053100221131, 36.259178160782106 ], [ 76.443107607595408, 36.258487700840206 ], [ 76.442436219064348, 36.258487700840227 ], [ 76.442298889478423, 36.25848770084022 ], [ 76.44149017681103, 36.257823942233117 ], [ 76.438438418023722, 36.254886628708761 ], [ 76.438171388326268, 36.25420379324121 ], [ 76.437606811033874, 36.254203793241217 ], [ 76.436775203594465, 36.253082277680996 ], [ 76.435699461679434, 36.253086090143093 ], [ 76.435017233187935, 36.251922986422748 ], [ 76.43240356206725, 36.247467045405806 ], [ 76.433219909658661, 36.246559146423664 ], [ 76.437110900359642, 36.244338989625724 ], [ 76.438240050843689, 36.24433898962571 ], [ 76.439086912231858, 36.244346619549773 ], [ 76.440971372263903, 36.243392947372328 ], [ 76.444076534170435, 36.242584229255179 ], [ 76.444915770634594, 36.241901398787533 ], [ 76.445739748150018, 36.241909028711682 ], [ 76.449592590130095, 36.240345000596783 ], [ 76.451263429033716, 36.23934936768606 ], [ 76.454063417971611, 36.237236021677141 ], [ 76.456001281122937, 36.236793519122422 ], [ 76.456008910597276, 36.235877985216405 ], [ 76.45710754683482, 36.235885625140376 ], [ 76.457962033147098, 36.234539031065715 ], [ 76.464645387861879, 36.228069307927576 ], [ 76.473915104936609, 36.216514583547628 ], [ 76.474853512715356, 36.214809418834548 ], [ 76.479171751572494, 36.209262844076939 ], [ 76.481681821940214, 36.206809998840463 ], [ 76.488494871766818, 36.20603179952009 ], [ 76.489059449059184, 36.205577850029009 ], [ 76.489700318793439, 36.205471034240077 ], [ 76.493301390924344, 36.205268855047883 ], [ 76.498283387938969, 36.203945154846018 ], [ 76.498565677034833, 36.203487393342542 ], [ 76.504646295736748, 36.202617642631722 ], [ 76.505767826296733, 36.202167510602621 ], [ 76.506599428286535, 36.201278688481018 ], [ 76.509185795646488, 36.199581143242298 ], [ 76.510314940680871, 36.198898317774635 ], [ 76.511169436993129, 36.19867324426005 ], [ 76.511734004285486, 36.198009490653021 ], [ 76.512138363568809, 36.197887420465555 ], [ 76.512710570785188, 36.197715759620721 ], [ 76.513275148077582, 36.197727201557079 ], [ 76.515205386754516, 36.195674898141945 ], [ 76.518798828961437, 36.19437026980053 ], [ 76.519088747531683, 36.193912507847465 ], [ 76.521026610683066, 36.193916320309427 ], [ 76.525924681231302, 36.193130491514793 ], [ 76.527862549382661, 36.192478179844045 ], [ 76.535575863267297, 36.191402437479056 ], [ 76.536102297288394, 36.190952300450078 ], [ 76.536811829540454, 36.190811158402049 ], [ 76.537048339991287, 36.190811158402049 ], [ 76.537940984574846, 36.190818788326112 ], [ 76.540695185317574, 36.189281461995748 ], [ 76.54208374012542, 36.189056398031553 ], [ 76.542358399297143, 36.188594819066182 ], [ 76.544837950868185, 36.188152311511466 ], [ 76.549270634988858, 36.184059146617621 ], [ 76.549835202730961, 36.184059146617621 ], [ 76.550376891150393, 36.183151247635571 ], [ 76.552551269752769, 36.181304930874475 ], [ 76.553741452380876, 36.180767059467208 ], [ 76.556098934213964, 36.176395417939467 ], [ 76.558219909696732, 36.172271729248813 ], [ 76.562950137311788, 36.16846084300122 ], [ 76.576919557755744, 36.164680475550398 ], [ 76.580955507517302, 36.163585666325034 ], [ 76.587020876820958, 36.163368227734452 ], [ 76.587875363417609, 36.162910453613698 ], [ 76.595062257996972, 36.16159057304148 ], [ 76.595603941416528, 36.16112899407603 ], [ 76.60114288169909, 36.160942078832683 ], [ 76.60253906143096, 36.161399840785705 ], [ 76.603904721916379, 36.163185119952956 ], [ 76.606048587171543, 36.16395568934913 ], [ 76.608863830508113, 36.164970394120239 ], [ 76.609954831821682, 36.165885927576738 ], [ 76.614944454210374, 36.168590542662443 ], [ 76.61602783604954, 36.168823241101087 ], [ 76.617118832812707, 36.169937131737171 ], [ 76.619049071040195, 36.171512601788365 ], [ 76.620147707727497, 36.17174530022691 ], [ 76.62042999637373, 36.172203062179953 ], [ 76.621803286783162, 36.172435765168821 ], [ 76.622642513696988, 36.172443390092887 ], [ 76.625411983838347, 36.174446102850617 ], [ 76.630653385626658, 36.176029207825849 ], [ 76.632026671036101, 36.176925664421816 ], [ 76.633041385146271, 36.177047737239619 ], [ 76.633567804828303, 36.17793273971855 ], [ 76.636428836360309, 36.179855348471705 ], [ 76.637260438350083, 36.180313109975152 ], [ 76.642234806340269, 36.180099488846679 ], [ 76.644424439341094, 36.179420470391399 ], [ 76.648078919141682, 36.170009616716619 ], [ 76.664772036981319, 36.153450010998725 ], [ 76.665634157767997, 36.152896875642703 ], [ 76.667556761521041, 36.151660914819047 ], [ 76.667984009227553, 36.151313780667394 ], [ 76.681442260498599, 36.140926360492671 ], [ 76.684768678457942, 36.139560699557457 ], [ 76.685951236611785, 36.138626099240561 ], [ 76.688758850024286, 36.136333462912383 ], [ 76.691696163548329, 36.133968351604572 ], [ 76.693359377528054, 36.133739465627976 ], [ 76.696151731542116, 36.131282808379112 ], [ 76.696525572028648, 36.131286620391514 ], [ 76.697250368229419, 36.131290437853494 ], [ 76.697532656875609, 36.130622866784314 ], [ 76.698089594693641, 36.130630491708466 ], [ 76.700576786188762, 36.12839889752442 ], [ 76.701118469608332, 36.127712250044475 ], [ 76.701965330996515, 36.125457761987683 ], [ 76.703712466892398, 36.124252319511342 ], [ 76.706420899439934, 36.120540619578392 ], [ 76.707061768724486, 36.117965699154496 ], [ 76.707046509325849, 36.110221866471825 ], [ 76.706764220679631, 36.109302520553321 ], [ 76.708709713305353, 36.102809908092745 ], [ 76.712898257051265, 36.094741820581021 ], [ 76.713195800545577, 36.092948911939295 ], [ 76.712913511449671, 36.092258456547668 ], [ 76.716835020947698, 36.082641600769165 ], [ 76.719604496088991, 36.078609463469164 ], [ 76.720420833680492, 36.078170778376546 ], [ 76.721298218865641, 36.077697752025031 ], [ 76.721549988714926, 36.07702255103186 ], [ 76.722396850103152, 36.076358797424668 ], [ 76.724060059532491, 36.076137541372148 ], [ 76.725982662835904, 36.073875428841056 ], [ 76.729431150982776, 36.073066710723843 ], [ 76.730644222933464, 36.072410581591122 ], [ 76.732048037139776, 36.072406769578805 ], [ 76.738708492982568, 36.069885256824499 ], [ 76.739555359370897, 36.069892881748572 ], [ 76.745094299653573, 36.065612791611443 ], [ 76.749771119149528, 36.063865665715362 ], [ 76.7509994554987, 36.063407893762303 ], [ 76.754211422745044, 36.062644959290139 ], [ 76.758232118558027, 36.060794830067032 ], [ 76.759185790735344, 36.060455321289048 ], [ 76.760299681371379, 36.060462950763508 ], [ 76.766944887815754, 36.05777740753804 ], [ 76.771980287950214, 36.055709839274826 ], [ 76.774482723394044, 36.054183964880949 ], [ 76.774955749745601, 36.053775788585163 ], [ 76.779678347436885, 36.051986691955783 ], [ 76.780525208825182, 36.051094057372197 ], [ 76.781906129158628, 36.049976354273937 ], [ 76.782470701451075, 36.04997635427393 ], [ 76.78329467396658, 36.049751280759509 ], [ 76.783500670620612, 36.049694065627776 ], [ 76.784133914773051, 36.049522392963674 ], [ 76.784690853248804, 36.048835757302996 ], [ 76.785507201289903, 36.047954554655774 ], [ 76.788543705679075, 36.04749679270261 ], [ 76.78994750988538, 36.046821597159123 ], [ 76.797676083169094, 36.045047759928181 ], [ 76.800093908964186, 36.04452399941907 ], [ 76.800704958083799, 36.044391631245041 ], [ 76.801834103118324, 36.043258663298808 ], [ 76.802375791537912, 36.041458129733016 ], [ 76.80117034951121, 36.039966586598048 ], [ 76.800895695339364, 36.039310457465341 ], [ 76.800453188234385, 36.038784028444176 ], [ 76.799682013598954, 36.037897182477032 ], [ 76.799079892375246, 36.037204746380567 ], [ 76.798820492601806, 36.033824925301566 ], [ 76.801055904247505, 36.028224947424661 ], [ 76.806524111965132, 36.019246220714116 ], [ 76.808578490427337, 36.015872957763449 ], [ 76.807739258963011, 36.014064789273768 ], [ 76.806083674457668, 36.012516021006988 ], [ 76.805473328969939, 36.012390133357542 ], [ 76.804962158897567, 36.012287140030516 ], [ 76.788002017258762, 36.011371616124528 ], [ 76.783172603778354, 36.011112211351083 ], [ 76.77850341920626, 36.009189608047535 ], [ 76.777679441690751, 36.009193420059944 ], [ 76.777282712331441, 36.008827209947135 ], [ 76.776992793761153, 36.008556362787679 ], [ 76.773262026967984, 36.007087708975185 ], [ 76.772705074149997, 36.006404878507645 ], [ 76.772590638436924, 36.006332393527764 ], [ 76.770240786977212, 36.0048446628549 ], [ 76.769676209235186, 36.004848480316802 ], [ 76.769126890891485, 36.004165649849263 ], [ 76.768203732511026, 36.003425599250072 ], [ 76.765609740676368, 36.000137329561639 ], [ 76.754318238532434, 35.985496525584999 ], [ 76.754315752421832, 35.985491705661865 ], [ 76.753509520864952, 35.983928685008173 ], [ 76.753465949329694, 35.98376740964035 ], [ 76.752960202521322, 35.981895443453489 ], [ 76.754600527628099, 35.978744508351035 ], [ 76.754318238532278, 35.978088379667923 ], [ 76.741973873346041, 35.966388706227917 ], [ 76.741165160678676, 35.966182709573879 ], [ 76.735633854870187, 35.962543483721603 ], [ 76.733985905288847, 35.961875912652353 ], [ 76.730133058308198, 35.958290099919424 ], [ 76.72906494086746, 35.958293912381414 ], [ 76.728233338877644, 35.957378388924994 ], [ 76.724696199615394, 35.952808863778756 ], [ 76.723541259982994, 35.951316831633108 ], [ 76.722747806264337, 35.94885635192221 ], [ 76.726890561815111, 35.944137576692569 ], [ 76.729400632183086, 35.942119599086752 ], [ 76.730491638946248, 35.942115787074243 ], [ 76.733840941228067, 35.938766474792203 ], [ 76.734939577465695, 35.938312525301129 ], [ 76.740470888273933, 35.930244447789306 ], [ 76.740943904175722, 35.92983245903153 ], [ 76.74110412308417, 35.929790498298246 ], [ 76.741798400488051, 35.929607390517027 ], [ 76.746665952239596, 35.924503323314056 ], [ 76.752700807746578, 35.916545869053408 ], [ 76.756019591231507, 35.913860320378383 ], [ 76.757675175287204, 35.913639069325868 ], [ 76.765701292065074, 35.905117037322952 ], [ 76.771667480054333, 35.899852751211611 ], [ 76.773330684033979, 35.89850997459903 ], [ 76.779006953902666, 35.894111636736433 ], [ 76.785659789821366, 35.885379795617503 ], [ 76.79009246394223, 35.87155532923213 ], [ 76.791267397621567, 35.865627284513714 ], [ 76.794044492237248, 35.858211513672643 ], [ 76.798782349326999, 35.8512573272466 ], [ 76.801536560069934, 35.848999026727817 ], [ 76.802650450706054, 35.849006651202188 ], [ 76.803756711867649, 35.845855711549426 ], [ 76.804298400287337, 35.845420838918805 ], [ 76.805953979792648, 35.844966889427738 ], [ 76.806793216256921, 35.844974518902198 ], [ 76.807617188772298, 35.843189239734755 ], [ 76.811767574247284, 35.840248103748422 ], [ 76.813423158302911, 35.839820861041844 ], [ 76.815078737808236, 35.839382170949236 ], [ 76.815353391980054, 35.838932033470563 ], [ 76.816001891188748, 35.83877182501179 ], [ 76.817123411748838, 35.837860103567678 ], [ 76.820266726927059, 35.836795808588818 ], [ 76.823211669925698, 35.835407258331188 ], [ 76.824584955335112, 35.835178372804371 ], [ 76.825042727288221, 35.834651948333509 ], [ 76.826690676869475, 35.833530423222939 ], [ 76.829452517536495, 35.832416532137152 ], [ 76.830818178021929, 35.832199098546631 ], [ 76.831382750764064, 35.831737519131494 ], [ 76.836647031875117, 35.830852504471856 ], [ 76.83802795720861, 35.830188750415154 ], [ 76.838562015704127, 35.829738613386077 ], [ 76.842964176028488, 35.82953643419399 ], [ 76.844108580911112, 35.829399109608147 ], [ 76.845199587674301, 35.828945160117065 ], [ 76.853439330580883, 35.828201292055738 ], [ 76.854003903323019, 35.82774353010268 ], [ 76.857864379778064, 35.826606750143952 ], [ 76.862030029651436, 35.82346343996555 ], [ 76.863677974232658, 35.822341919405396 ], [ 76.864776610470358, 35.822349549329353 ], [ 76.865333553738083, 35.821914671249147 ], [ 76.869689940867019, 35.817672724833017 ], [ 76.875846866561645, 35.810691831622556 ], [ 76.876327512387533, 35.810302737187207 ], [ 76.877174378775791, 35.809597012846815 ], [ 76.881263731657057, 35.805919643723172 ], [ 76.884704594879949, 35.802818299277995 ], [ 76.885513302997012, 35.802593225763403 ], [ 76.891319272527582, 35.79810333106068 ], [ 76.892982481507374, 35.796524048997043 ], [ 76.894920354855216, 35.795177455701854 ], [ 76.900444035543401, 35.792945860738406 ], [ 76.902748103807752, 35.791007992586671 ], [ 76.903640743391406, 35.790782929072179 ], [ 76.909561158635157, 35.786880491433941 ], [ 76.917831425338719, 35.785198211043351 ], [ 76.91905975168784, 35.784629815839196 ], [ 76.928833008912378, 35.782855983608272 ], [ 76.93130493600917, 35.781532283856031 ], [ 76.935203551185239, 35.779499051851737 ], [ 76.943153380521622, 35.779182431946559 ], [ 76.956954953033772, 35.779285430273504 ], [ 76.958892821185358, 35.779510494237662 ], [ 76.961944579973078, 35.778602600255518 ], [ 76.96771240123266, 35.778598782793495 ], [ 76.972114561556978, 35.777484891707623 ], [ 76.973510741288962, 35.776824950562592 ], [ 76.977653501839995, 35.776828763024568 ], [ 76.983428957573864, 35.774772642147425 ], [ 76.989227292630275, 35.774318692656323 ], [ 76.99555206670783, 35.772083281459963 ], [ 77.000930783082495, 35.77171707089753 ], [ 77.00163268541047, 35.771644591367334 ], [ 77.003562923638086, 35.770980832310535 ], [ 77.004409790026372, 35.77053070028154 ], [ 77.013366699659557, 35.770278930432184 ], [ 77.020637515990572, 35.770076750790402 ], [ 77.024780271541559, 35.771419527403118 ], [ 77.033294679069854, 35.771854395483302 ], [ 77.033851621887862, 35.77210235287054 ], [ 77.034942628651166, 35.772541042963233 ], [ 77.036682129623131, 35.773124692565752 ], [ 77.038269046610793, 35.773654939048996 ], [ 77.039390567170926, 35.773651121586994 ], [ 77.039924620666568, 35.774108883540038 ], [ 77.042694090808013, 35.77410888354003 ], [ 77.043785092571326, 35.774776454159529 ], [ 77.044059751743177, 35.775226591638187 ], [ 77.047088626658109, 35.775459289627058 ], [ 77.04873657623952, 35.776351929210634 ], [ 77.048988346088848, 35.776805878701794 ], [ 77.051200863412305, 35.777240751781989 ], [ 77.05260467761866, 35.777469637308862 ], [ 77.053413390735756, 35.778160092700489 ], [ 77.054496762575027, 35.779071809144597 ], [ 77.057945250722099, 35.779609685102223 ], [ 77.058631898651711, 35.779727937827609 ], [ 77.05922698974102, 35.779964443728161 ], [ 77.060852055449587, 35.780616759949275 ], [ 77.062049868001907, 35.78175735736987 ], [ 77.063804623372306, 35.783222194170008 ], [ 77.064712522354441, 35.783535001613131 ], [ 77.065826412990532, 35.783763882589611 ], [ 77.067161560128795, 35.785568233617404 ], [ 77.067726137421246, 35.785572051079377 ], [ 77.068840028507097, 35.785793307131883 ], [ 77.069122312153254, 35.786487584535898 ], [ 77.070213318916572, 35.787605287633966 ], [ 77.074050901499007, 35.788696289397365 ], [ 77.074752808827, 35.78932953420756 ], [ 77.075363159764422, 35.789882660013333 ], [ 77.076202391228648, 35.790111545989816 ], [ 77.078750610317698, 35.792301178990769 ], [ 77.079841617081044, 35.792530059967334 ], [ 77.080123895727269, 35.792987821920391 ], [ 77.081489566662441, 35.793212890434965 ], [ 77.085823059469092, 35.79257202070059 ], [ 77.093330381700611, 35.791408539407122 ], [ 77.099945064348546, 35.791408539407101 ], [ 77.105766298277899, 35.794097900094371 ], [ 77.113319398255086, 35.793888090978307 ], [ 77.113853452200331, 35.793453218347786 ], [ 77.115646366291628, 35.793197631036371 ], [ 77.116767886851846, 35.792285914592156 ], [ 77.118141172261318, 35.792053226153676 ], [ 77.119514462670864, 35.791831970101178 ], [ 77.122550962060089, 35.782192230000248 ], [ 77.126976016706962, 35.778125766441278 ], [ 77.128074642944682, 35.77767181695021 ], [ 77.136077875400559, 35.777229309395587 ], [ 77.136367793970862, 35.776798244226953 ], [ 77.141609195759472, 35.766883849954169 ], [ 77.143516540114248, 35.765102388248891 ], [ 77.145729067437728, 35.763957978815895 ], [ 77.150604249113627, 35.762863159590559 ], [ 77.153732299893576, 35.761718745157545 ], [ 77.155387879399072, 35.761718745157538 ], [ 77.158409115855989, 35.763496406267663 ], [ 77.160339352617513, 35.763496404400698 ], [ 77.16420745944643, 35.762165069724418 ], [ 77.165284528377526, 35.759722965390189 ], [ 77.16530609068414, 35.759674076216683 ], [ 77.165260198696132, 35.759566168161037 ], [ 77.165023802037894, 35.759010317609672 ], [ 77.165101185171991, 35.758541245608605 ], [ 77.165580744855944, 35.755634308992732 ], [ 77.165855409027699, 35.754055021479438 ], [ 77.163468099283648, 35.741606925232851 ], [ 77.163131712081366, 35.739852907595228 ], [ 77.163108822758886, 35.735946657495042 ], [ 77.167259213233919, 35.730007170840267 ], [ 77.169189451461477, 35.728889467742007 ], [ 77.175292969486648, 35.72715378423208 ], [ 77.180213928908344, 35.726390839310248 ], [ 77.18601226396477, 35.726840971339307 ], [ 77.18819427249143, 35.728214261748782 ], [ 77.193710323452009, 35.72841262892851 ], [ 77.198631288323384, 35.726032253671761 ], [ 77.202812192595303, 35.722995758832802 ], [ 77.207206727995725, 35.721893310132984 ], [ 77.210502627158476, 35.721885685658677 ], [ 77.21102905617964, 35.722026822256915 ], [ 77.211425780539059, 35.72213363804601 ], [ 77.213073730120385, 35.723026272629681 ], [ 77.216041562441617, 35.723831178284691 ], [ 77.216468815597835, 35.723945618997767 ], [ 77.21710205040803, 35.724117279392907 ], [ 77.220993041109821, 35.72365951788953 ], [ 77.222091672347531, 35.722537997329269 ], [ 77.224563599444309, 35.710403441258627 ], [ 77.225952149252223, 35.708805082334578 ], [ 77.228164671575698, 35.707912447750907 ], [ 77.239189149022607, 35.708129886341375 ], [ 77.245819091068995, 35.707042692040019 ], [ 77.247032162570193, 35.706844334860357 ], [ 77.255691534158842, 35.705417631331407 ], [ 77.258712769149724, 35.705410006857015 ], [ 77.261383058426361, 35.7052268940758 ], [ 77.26560211096961, 35.704940792967555 ], [ 77.266410828636992, 35.704505920336935 ], [ 77.267814638293075, 35.704505920336928 ], [ 77.270835878283989, 35.705390924996536 ], [ 77.272201539219168, 35.706741331533259 ], [ 77.274131772446779, 35.713264462790633 ], [ 77.276084894996984, 35.71479416464657 ], [ 77.277526852924268, 35.715824128816152 ], [ 77.280151363555831, 35.713714594819677 ], [ 77.2826919577209, 35.711677550803017 ], [ 77.285438533989577, 35.706489561683888 ], [ 77.286521915828857, 35.706031799730845 ], [ 77.290390017208153, 35.7049064667086 ], [ 77.292602534531525, 35.704696652592474 ], [ 77.293167112273679, 35.704242703101478 ], [ 77.298645019963104, 35.703544618235469 ], [ 77.302726742920399, 35.700298309729973 ], [ 77.30718231091457, 35.697475431469051 ], [ 77.309669497409928, 35.696815490323949 ], [ 77.310783388046076, 35.695442199914453 ], [ 77.314086917132897, 35.694549560330778 ], [ 77.315177913896235, 35.6945419304067 ], [ 77.31654357438174, 35.695434569990354 ], [ 77.321502687974004, 35.702613830380443 ], [ 77.324974059993963, 35.711997987720352 ], [ 77.326736450288479, 35.714076992919985 ], [ 77.327575681752805, 35.7145080585382 ], [ 77.331108096816124, 35.714653012598504 ], [ 77.338294981231002, 35.714946743630783 ], [ 77.350822444198982, 35.713645937751394 ], [ 77.355705260799112, 35.713630673352924 ], [ 77.356002808843712, 35.713573457771581 ], [ 77.35841369834688, 35.713130950666574 ], [ 77.369148252223454, 35.699836735314783 ], [ 77.370223999588305, 35.694450379016004 ], [ 77.369697565567108, 35.692184449022776 ], [ 77.370788576880756, 35.690601344497168 ], [ 77.37489319416062, 35.689479828937003 ], [ 77.376266479570077, 35.688816070329807 ], [ 77.380157470271911, 35.689243313486038 ], [ 77.382064824626724, 35.689006807585386 ], [ 77.383178715262815, 35.688549046082102 ], [ 77.383743283004975, 35.687431332534167 ], [ 77.385383603111904, 35.685852050470643 ], [ 77.386482239349633, 35.685180666939459 ], [ 77.388122559456647, 35.681137087703028 ], [ 77.392143249820194, 35.675735477005809 ], [ 77.393264765380351, 35.674270629755995 ], [ 77.396926880105553, 35.665153506663863 ], [ 77.401580810279398, 35.657951357400925 ], [ 77.403236384784805, 35.656826019828358 ], [ 77.404075626249139, 35.656597138851787 ], [ 77.407691957779008, 35.656822207366275 ], [ 77.413238522536574, 35.657169341068311 ], [ 77.422080996906601, 35.657035828944359 ], [ 77.423057557956838, 35.656322474679897 ], [ 77.425827028098325, 35.655197141657659 ], [ 77.426391600840489, 35.655197141657666 ], [ 77.426918029861667, 35.654743192166684 ], [ 77.42932129444084, 35.65222167986213 ], [ 77.429656986206425, 35.651805878642357 ], [ 77.430183405227581, 35.65022659157875 ], [ 77.431022647141504, 35.649997710602172 ], [ 77.43655395250056, 35.641242975610531 ], [ 77.436892973231338, 35.6400409058826 ], [ 77.437889094638834, 35.636508945982406 ], [ 77.437316897422349, 35.634475703978126 ], [ 77.435958865961524, 35.632694242272869 ], [ 77.434500353032945, 35.629425257185446 ], [ 77.433761593486068, 35.627769464939568 ], [ 77.433486939314292, 35.625736233384885 ], [ 77.435285174008129, 35.621307399004841 ], [ 77.436775203552941, 35.617637637076278 ], [ 77.436241143401972, 35.615814205083154 ], [ 77.434837340850947, 35.614471437575389 ], [ 77.431541441238508, 35.61335754693922 ], [ 77.429438311450198, 35.610559672721678 ], [ 77.428146361210679, 35.608840941351382 ], [ 77.427673344859159, 35.608207706541023 ], [ 77.427116392041057, 35.605968472882793 ], [ 77.428504946849088, 35.604618076346057 ], [ 77.431884767928111, 35.602756495186526 ], [ 77.437301633023708, 35.598720545424378 ], [ 77.438949582605034, 35.59760284232631 ], [ 77.443901060823706, 35.596466067367693 ], [ 77.445014951909457, 35.596035001749371 ], [ 77.445266726758803, 35.595573422784007 ], [ 77.446380617394979, 35.595340724345448 ], [ 77.446662901490797, 35.594879150380002 ], [ 77.447746278330172, 35.59397125139796 ], [ 77.453643799251651, 35.591236117065591 ], [ 77.454956057517109, 35.590183254023238 ], [ 77.455986026686688, 35.589931489173821 ], [ 77.456825258151014, 35.589035032128152 ], [ 77.464515688163914, 35.575489046926968 ], [ 77.464917216108745, 35.572935434455353 ], [ 77.465576171130294, 35.568744659617174 ], [ 77.464279177263194, 35.565048214082708 ], [ 77.463356018882706, 35.56347274903149 ], [ 77.460639956860433, 35.55865859994919 ], [ 77.460259461191939, 35.555353061552857 ], [ 77.459785460548019, 35.551235199633759 ], [ 77.461151121483084, 35.545146941006912 ], [ 77.460868832836923, 35.543575288417763 ], [ 77.460586543741002, 35.543144228249147 ], [ 77.460693359530012, 35.543018345599677 ], [ 77.46195220467618, 35.541561123273929 ], [ 77.462791441590099, 35.541328435284974 ], [ 77.463356018882578, 35.540641787355433 ], [ 77.465835575453852, 35.539726258449235 ], [ 77.466644283570957, 35.539718623974942 ], [ 77.467758174207134, 35.538597103414681 ], [ 77.468849180970381, 35.537483212778596 ], [ 77.471221921752644, 35.537014008889081 ], [ 77.474937439597269, 35.535408020041032 ], [ 77.47837066834596, 35.534301758879238 ], [ 77.478622438195274, 35.533866881248613 ], [ 77.479743953755445, 35.533634187810051 ], [ 77.480010988003301, 35.533172608844694 ], [ 77.482582090965138, 35.53205108328445 ], [ 77.483673097728484, 35.531818389845974 ], [ 77.484745774440924, 35.530635435913652 ], [ 77.486122130502935, 35.529117582222113 ], [ 77.4865722679816, 35.527446748318255 ], [ 77.486015324713918, 35.526023862251414 ], [ 77.483665463254056, 35.523269651508301 ], [ 77.482902528332332, 35.523017881658888 ], [ 77.482292172844566, 35.522811890004846 ], [ 77.481201176081228, 35.522609710363206 ], [ 77.480644222813524, 35.521930697357632 ], [ 77.478431695939619, 35.520359044768419 ], [ 77.475379941702187, 35.519248966144637 ], [ 77.474845880993541, 35.518791204226041 ], [ 77.47457122903468, 35.518333432688223 ], [ 77.472389220508063, 35.516555782995283 ], [ 77.469291688524962, 35.517044068745143 ], [ 77.467697141613201, 35.517486571299841 ], [ 77.463569640460591, 35.519504548456069 ], [ 77.46192169587917, 35.520629881478214 ], [ 77.451759339219009, 35.522022248748335 ], [ 77.446533201378969, 35.520431514298672 ], [ 77.445724488711448, 35.519752501293105 ], [ 77.441299434064433, 35.514396668791179 ], [ 77.440208437301081, 35.513504029207517 ], [ 77.435264588556876, 35.512832640676358 ], [ 77.432243343565958, 35.513725285260016 ], [ 77.431137087404153, 35.514163970352641 ], [ 77.430580139586169, 35.514629367229766 ], [ 77.428672790231346, 35.517116548275503 ], [ 77.427558899595283, 35.517124173199491 ], [ 77.425384520542977, 35.519390108192724 ], [ 77.423988341260653, 35.519596099846787 ], [ 77.420700071572185, 35.520957948319889 ], [ 77.419326781162695, 35.521877284238407 ], [ 77.416587824817938, 35.522541048295189 ], [ 77.413291925655244, 35.522113800138968 ], [ 77.412734987837084, 35.522548677769585 ], [ 77.40887451093225, 35.523677822804132 ], [ 77.406677248007213, 35.525260927779428 ], [ 77.405891419212551, 35.526355741555143 ], [ 77.402603149524182, 35.53004074560284 ], [ 77.400962829866856, 35.532329559468835 ], [ 77.397468563524455, 35.535930636600355 ], [ 77.396934512772646, 35.537078851745626 ], [ 77.396293639844941, 35.53723525994171 ], [ 77.396102902589249, 35.537281033136992 ], [ 77.39582061394303, 35.538013459261897 ], [ 77.395072933419755, 35.538215638453963 ], [ 77.391853331249109, 35.541267392691367 ], [ 77.385520932696977, 35.543979647251618 ], [ 77.3847045901055, 35.543983459713601 ], [ 77.383872983115552, 35.544662472719253 ], [ 77.381835938649289, 35.544666295181152 ], [ 77.381416320417131, 35.544670107643235 ], [ 77.381034855456264, 35.544879916759363 ], [ 77.380569454028802, 35.545131686608599 ], [ 77.378372191103779, 35.545795440215791 ], [ 77.371635433717842, 35.545783998279433 ], [ 77.367271426664587, 35.545776363804961 ], [ 77.359451296989789, 35.545097350349835 ], [ 77.354492183847228, 35.544208523228157 ], [ 77.348663329993741, 35.543163299660208 ], [ 77.345375060305358, 35.54227065507655 ], [ 77.342636109410265, 35.540225986135901 ], [ 77.337875362997679, 35.538837431327885 ], [ 77.33751678235933, 35.538330079167153 ], [ 77.331901550083955, 35.536651610788859 ], [ 77.326667782769448, 35.533077239992352 ], [ 77.324569701159021, 35.532688140557106 ], [ 77.324005123416953, 35.532585142230097 ], [ 77.32376070201606, 35.5325400902125 ], [ 77.322204589763842, 35.532253262624607 ], [ 77.320419304789468, 35.529422762492459 ], [ 77.320777891684571, 35.528038027543275 ], [ 77.325721740428747, 35.524639124603887 ], [ 77.326950071777901, 35.523384091919709 ], [ 77.328041073541257, 35.523380279907386 ], [ 77.328933712675237, 35.522556307391937 ], [ 77.3295288142142, 35.521762849122887 ], [ 77.329772944589223, 35.521434786831691 ], [ 77.330642705299979, 35.521022798523596 ], [ 77.332221987363596, 35.520038607549274 ], [ 77.340766903239228, 35.509349821418382 ], [ 77.342445371617387, 35.507675170502047 ], [ 77.343231200412049, 35.506191256841468 ], [ 77.343704226763535, 35.505592343290097 ], [ 77.345901489688529, 35.495468134901209 ], [ 77.346992491451843, 35.492679597899276 ], [ 77.348663329906003, 35.489154812759956 ], [ 77.35140228125077, 35.488033292199788 ], [ 77.354415896767293, 35.488246913777893 ], [ 77.356544492174621, 35.48970413610364 ], [ 77.357711795930072, 35.490505219296651 ], [ 77.359077456865265, 35.490936274465184 ], [ 77.361007695092823, 35.490730282811136 ], [ 77.366256711805676, 35.489120481501004 ], [ 77.367073059397185, 35.488658902535562 ], [ 77.373672487646715, 35.476741790505024 ], [ 77.374481205763814, 35.476078036897917 ], [ 77.375572202077464, 35.476070406973854 ], [ 77.377777104926551, 35.473823548841132 ], [ 77.378868101689903, 35.47360229733895 ], [ 77.379150390336136, 35.473140718373493 ], [ 77.38190460607926, 35.471988679016512 ], [ 77.384368898252092, 35.471782687362371 ], [ 77.394248961266086, 35.469501492521061 ], [ 77.40637207408831, 35.46992874507491 ], [ 77.41099548677748, 35.468563074742086 ], [ 77.413757326995011, 35.468555450267779 ], [ 77.415153506727023, 35.468124389649468 ], [ 77.417053226157762, 35.466293332286845 ], [ 77.41817474171792, 35.466060639297957 ], [ 77.418426512016921, 35.465625761667425 ], [ 77.421630859789147, 35.464424131653004 ], [ 77.423034668995541, 35.464199068138498 ], [ 77.424484251397303, 35.463123315773629 ], [ 77.425842282408425, 35.46268081821902 ], [ 77.42941284574303, 35.460433960086313 ], [ 77.43025207265697, 35.459518431180101 ], [ 77.437179562748071, 35.45764923554627 ], [ 77.439071652704442, 35.457164767258291 ], [ 77.439605711649691, 35.457000731337523 ], [ 77.444824219565746, 35.456787109759411 ], [ 77.450576780977386, 35.45835494988664 ], [ 77.451141358719454, 35.459033962892185 ], [ 77.451690672063165, 35.459312439526038 ], [ 77.451972960709398, 35.459743494694564 ], [ 77.453979490929186, 35.460422518149798 ], [ 77.454452512280696, 35.460926052848457 ], [ 77.454826357317586, 35.461326599669846 ], [ 77.456901550055164, 35.462337491979 ], [ 77.457405090203494, 35.462581632353931 ], [ 77.45745086339889, 35.46260452122678 ], [ 77.458534245238141, 35.462810518330507 ], [ 77.460212703616406, 35.464630128306972 ], [ 77.463485718906355, 35.465724947532287 ], [ 77.464324950370667, 35.466632846514415 ], [ 77.464889528112749, 35.467323301456439 ], [ 77.469825747382586, 35.468631742259795 ], [ 77.473693843761922, 35.470630648005233 ], [ 77.47732544469028, 35.47181701317151 ], [ 77.487472536952112, 35.476036070714741 ], [ 77.487709047852661, 35.476036070714741 ], [ 77.488548279317001, 35.476039888176807 ], [ 77.490913390624797, 35.47740936157399 ], [ 77.492378237425015, 35.478260039974685 ], [ 77.49843597225501, 35.47936630613637 ], [ 77.500061032513926, 35.480480197222214 ], [ 77.50170898209528, 35.480712890211116 ], [ 77.502822873181145, 35.480705260736642 ], [ 77.503387450473525, 35.481163022240082 ], [ 77.507797240722184, 35.482501986840425 ], [ 77.50888824748543, 35.482494356916348 ], [ 77.511459350447382, 35.483589171141674 ], [ 77.511940006273363, 35.483818057118242 ], [ 77.512443541421689, 35.48405838503119 ], [ 77.516845706746182, 35.48404693309471 ], [ 77.520706173201447, 35.483123779714219 ], [ 77.525085449653247, 35.481552127124992 ], [ 77.525642392471241, 35.480861661733364 ], [ 77.526191715814932, 35.480182643727808 ], [ 77.529205326331478, 35.479713439838285 ], [ 77.529487614977711, 35.479278567207757 ], [ 77.530296322645142, 35.478614803600657 ], [ 77.53445434304443, 35.477642059562712 ], [ 77.539932250284224, 35.476783751238017 ], [ 77.550369261116259, 35.477413173586207 ], [ 77.554206854148347, 35.478775022059395 ], [ 77.555595393956295, 35.479000090573884 ], [ 77.55531310619584, 35.479892727462556 ], [ 77.55559539395631, 35.480319978313695 ], [ 77.556129452901558, 35.47986602882262 ], [ 77.560546872624599, 35.481681826786883 ], [ 77.56880950985402, 35.480506893556971 ], [ 77.572097779092715, 35.478923798581675 ], [ 77.572654721910808, 35.478919986569281 ], [ 77.57290649220981, 35.478233333639643 ], [ 77.574272157695319, 35.476448059472389 ], [ 77.57508850028681, 35.476219173495906 ], [ 77.577033998362523, 35.4747467072213 ], [ 77.577590941180617, 35.474281310344168 ], [ 77.581962582708258, 35.470565792949259 ], [ 77.584419250406697, 35.470558168474874 ], [ 77.585792540816286, 35.471221922081973 ], [ 77.591300967302573, 35.471885680689077 ], [ 77.593772888949871, 35.471878050765085 ], [ 77.595146179809049, 35.471191403285147 ], [ 77.597625731380361, 35.470516207291887 ], [ 77.603126527942663, 35.470062257800897 ], [ 77.603683470760743, 35.469383234795252 ], [ 77.604766848049593, 35.468463898876841 ], [ 77.605583185641095, 35.468460081414769 ], [ 77.614089967795849, 35.465072635861453 ], [ 77.617660526130493, 35.46526336356672 ], [ 77.621002198488625, 35.466632846514202 ], [ 77.622077945853519, 35.467075344068881 ], [ 77.62400817953079, 35.467529293559863 ], [ 77.625343321219489, 35.469074249814156 ], [ 77.626747130875486, 35.469524386843155 ], [ 77.627868650986059, 35.469753262819815 ], [ 77.631729127891006, 35.472732547077413 ], [ 77.633377072472342, 35.473758698785019 ], [ 77.634468074235713, 35.473983762299426 ], [ 77.635559080999045, 35.475116734796039 ], [ 77.637504573625094, 35.476345061145295 ], [ 77.638053896968785, 35.476692199847243 ], [ 77.638885498958658, 35.47735214599237 ], [ 77.642738340939545, 35.483646396273166 ], [ 77.644935608864671, 35.484531401382448 ], [ 77.646026610628027, 35.48452377645846 ], [ 77.646865842541956, 35.483860017851271 ], [ 77.649322509790792, 35.483390803961839 ], [ 77.650688170725914, 35.482704166481895 ], [ 77.653717045640974, 35.478439330743285 ], [ 77.65819549295766, 35.474327083539372 ], [ 77.659011840549141, 35.474121091885316 ], [ 77.664657591171647, 35.468933102766215 ], [ 77.665771482257512, 35.468040468182636 ], [ 77.670181272056368, 35.466449733732944 ], [ 77.672332761786222, 35.465980529843421 ], [ 77.673027034190142, 35.465976717381437 ], [ 77.678703309059287, 35.465961452982967 ], [ 77.680068969994494, 35.466407772999652 ], [ 77.683937071373833, 35.472240448865399 ], [ 77.685668942871345, 35.472763060874179 ], [ 77.686119079900422, 35.472900390460104 ], [ 77.6866455089216, 35.473129271436676 ], [ 77.695190429797265, 35.473098757639754 ], [ 77.696029666711283, 35.472633360762728 ], [ 77.697120668024951, 35.472858429277125 ], [ 77.69947051993438, 35.472496031176689 ], [ 77.701972960828201, 35.47210693174145 ], [ 77.703628539883923, 35.472328187793941 ], [ 77.708953853588994, 35.471900935087397 ], [ 77.715240479395561, 35.470752718192323 ], [ 77.72075653035624, 35.470893859790635 ], [ 77.722938538882914, 35.470947262910066 ], [ 77.725433349852679, 35.472515103037217 ], [ 77.726470943496594, 35.480304713915054 ], [ 77.7260970361191, 35.48346983296431 ], [ 77.726036070866073, 35.483985900500663 ], [ 77.724929809704292, 35.486488345944856 ], [ 77.722778319974537, 35.494335172404135 ], [ 77.722648625312686, 35.496646880592635 ], [ 77.723029828377634, 35.499646848206524 ], [ 77.723907470458812, 35.506553654941413 ], [ 77.724449153878552, 35.51055908590655 ], [ 77.727027891314791, 35.516899109382713 ], [ 77.727249142816987, 35.517490388459684 ], [ 77.728912356796783, 35.519294739487492 ], [ 77.733566286970699, 35.51995849809451 ], [ 77.737419129401246, 35.51859283715941 ], [ 77.74066925036874, 35.51407241910939 ], [ 77.744789121597378, 35.511363981561551 ], [ 77.745353699339447, 35.511360169099554 ], [ 77.745346074865054, 35.51069259803046 ], [ 77.748710631095946, 35.506458281088761 ], [ 77.758308410463712, 35.497642513503223 ], [ 77.759124758055208, 35.497383118729829 ], [ 77.761047366808498, 35.495754241008939 ], [ 77.761512758235938, 35.495315555916335 ], [ 77.765327451945481, 35.493038173537023 ], [ 77.765525814125169, 35.49303817353703 ], [ 77.766456606980128, 35.493030544062734 ], [ 77.772781371057903, 35.490764614069484 ], [ 77.774230958459583, 35.490577698826286 ], [ 77.778335570739472, 35.490055082267013 ], [ 77.783760070309583, 35.490058899279397 ], [ 77.785675044588388, 35.490245819522691 ], [ 77.787048344997984, 35.490703586475732 ], [ 77.787330628644213, 35.49116134842879 ], [ 77.788146971235605, 35.491153718504719 ], [ 77.79172515949432, 35.492717746619562 ], [ 77.791999818216496, 35.493167878648642 ], [ 77.793395997948608, 35.493598938817172 ], [ 77.795051577454004, 35.494709012440957 ], [ 77.797828672069997, 35.496730802059069 ], [ 77.802230832394599, 35.501213076837779 ], [ 77.803321839157917, 35.501213076837786 ], [ 77.808288572224598, 35.506610870073018 ], [ 77.81214904912953, 35.507911675952364 ], [ 77.81214904912953, 35.50837326536751 ], [ 77.815979006787884, 35.508789066137581 ], [ 77.816528320131596, 35.508354183506967 ], [ 77.817008975957378, 35.508350371044976 ], [ 77.817100522348042, 35.508350371044976 ], [ 77.818458558359154, 35.508342741570587 ], [ 77.819023136101322, 35.508110043132035 ], [ 77.81927490595065, 35.507221226010429 ], [ 77.820388797036429, 35.506553654941342 ], [ 77.822021482219427, 35.506336210901146 ], [ 77.822441105451574, 35.506282808231482 ], [ 77.82395172044707, 35.506080628589736 ], [ 77.82563781374931, 35.505840300676788 ], [ 77.827529903705667, 35.504913329834302 ], [ 77.828079221599808, 35.50424957622721 ], [ 77.831359861813709, 35.502204897286468 ], [ 77.83331299391422, 35.500984190861281 ], [ 77.839042666902586, 35.496315001288956 ], [ 77.839851379570092, 35.49539947738284 ], [ 77.842895508883544, 35.494518275185335 ], [ 77.847259520936802, 35.490882871794916 ], [ 77.847854612026111, 35.490718840874152 ], [ 77.849716188185553, 35.490211488263739 ], [ 77.85464477253133, 35.488151549924631 ], [ 77.855888363279036, 35.486343381884438 ], [ 77.861221316908086, 35.479339599801179 ], [ 77.862060543372408, 35.478424076344737 ], [ 77.863113406864557, 35.478420258882657 ], [ 77.863395695510789, 35.47775268781357 ], [ 77.864501951672509, 35.476623532778945 ], [ 77.867233278093195, 35.475933072387328 ], [ 77.867515567189031, 35.475490574832634 ], [ 77.868232728465898, 35.475486757820335 ], [ 77.868865963276164, 35.475486757820327 ], [ 77.869163516770456, 35.475917817988872 ], [ 77.869995118760414, 35.476604465918491 ], [ 77.872489924730161, 35.477500912964153 ], [ 77.873298647397476, 35.477504724976548 ], [ 77.875526429119546, 35.479724882224112 ], [ 77.879905700121583, 35.481262208554426 ], [ 77.881835933798854, 35.481250761617964 ], [ 77.885681145872084, 35.480796811663531 ], [ 77.887054446714913, 35.480358127034279 ], [ 77.88841247772605, 35.478321072568022 ], [ 77.888542177837493, 35.477790831084768 ], [ 77.889755244338687, 35.473144535834983 ], [ 77.890975951213591, 35.471450807608591 ], [ 77.891349791250363, 35.471145630089524 ], [ 77.894424439360634, 35.468620300322968 ], [ 77.895507811199892, 35.468387601884409 ], [ 77.89633941318985, 35.467693324480393 ], [ 77.898040761974471, 35.466842656734812 ], [ 77.897865292583717, 35.465606689806371 ], [ 77.897865292583703, 35.46503829960232 ], [ 77.901260378061224, 35.463459017538689 ], [ 77.904479980231798, 35.463581087726169 ], [ 77.905937192557545, 35.464721679697156 ], [ 77.91109466287989, 35.473697661190968 ], [ 77.912864682648802, 35.476848606293402 ], [ 77.913368222347458, 35.477527619299046 ], [ 77.914016722005798, 35.478416446420638 ], [ 77.915351868694472, 35.48019027865152 ], [ 77.918945316351554, 35.485130314933613 ], [ 77.919265748718701, 35.487598414568502 ], [ 77.920646668602672, 35.489631656572769 ], [ 77.922019954461931, 35.489852902625259 ], [ 77.922286988709715, 35.489391328659821 ], [ 77.925300599226247, 35.488937379168853 ], [ 77.92557525794841, 35.488487241690088 ], [ 77.92585754704433, 35.488025667724735 ], [ 77.929847713611139, 35.486812590773916 ], [ 77.930503842743846, 35.486198422824081 ], [ 77.932708740143269, 35.484836574350979 ], [ 77.937370300241241, 35.480083462862403 ], [ 77.939315792867276, 35.478145599710764 ], [ 77.940170289179648, 35.477245330203111 ], [ 77.9409255941775, 35.477020266688541 ], [ 77.942817684133786, 35.475337981297891 ], [ 77.945831294200715, 35.474201201339383 ], [ 77.947479244231758, 35.473735809462248 ], [ 77.953002924666791, 35.468425750155674 ], [ 77.954277034211415, 35.466724397904592 ], [ 77.956245421159878, 35.464916229414804 ], [ 77.961982723622754, 35.46240997150862 ], [ 77.963333130159469, 35.460803982660572 ], [ 77.964424136473141, 35.460800170648184 ], [ 77.969345091344493, 35.45652008006153 ], [ 77.970726016678043, 35.454479218582769 ], [ 77.971557618667987, 35.453807830501276 ], [ 77.971839907314219, 35.453578949524797 ], [ 77.97541046064886, 35.452644349207837 ], [ 77.976501467412191, 35.452644349207837 ], [ 77.9770584102302, 35.452178957330716 ], [ 77.978973389509093, 35.451278688272652 ], [ 77.982528688445257, 35.451259616412209 ], [ 77.986129755576812, 35.455085752058203 ], [ 77.985855106404969, 35.45688629062392 ], [ 77.984518859261257, 35.459520417463771 ], [ 77.984260559493293, 35.46002960080228 ], [ 77.980979914728891, 35.463653562256326 ], [ 77.979866024092786, 35.463871006296422 ], [ 77.976669310794975, 35.465507503491708 ], [ 77.975753786888845, 35.466152190688042 ], [ 77.972473147124546, 35.46864318419577 ], [ 77.970016474875706, 35.469566347576269 ], [ 77.9691696184873, 35.469573972500342 ], [ 77.968620295143666, 35.470035551465699 ], [ 77.968910213713883, 35.470470429096309 ], [ 77.967796322628118, 35.472476954765753 ], [ 77.967514038981875, 35.473175044631759 ], [ 77.965911867595807, 35.473632816135222 ], [ 77.965065001207407, 35.474533080642871 ], [ 77.963989258842531, 35.479938508352475 ], [ 77.9637451184676, 35.483318329431405 ], [ 77.964224120022379, 35.485383755028714 ], [ 77.964576720457558, 35.486904147164545 ], [ 77.965431211769939, 35.488708493192249 ], [ 77.964881898426242, 35.491401676341638 ], [ 77.964325192511993, 35.491866116359013 ], [ 77.963523867415134, 35.492534633838254 ], [ 77.962173460878375, 35.492996212803618 ], [ 77.960006711750154, 35.4959373487901 ], [ 77.957664494764799, 35.496673586927322 ], [ 77.957382206118567, 35.497135161342456 ], [ 77.953392029551779, 35.498439789234126 ], [ 77.951469420798588, 35.499797825694934 ], [ 77.95120239610111, 35.500251775185987 ], [ 77.949356079340021, 35.500946042590002 ], [ 77.944900516345882, 35.501407626555363 ], [ 77.943778995785621, 35.501869200970503 ], [ 77.941169739552478, 35.504283902486044 ], [ 77.938743590650873, 35.505550382106499 ], [ 77.937210081332921, 35.505947116465819 ], [ 77.936935422610759, 35.506633754395367 ], [ 77.935203551113062, 35.507213596086295 ], [ 77.933639522998206, 35.507774351366457 ], [ 77.931213384546268, 35.511146547521307 ], [ 77.930931095450447, 35.512725830034604 ], [ 77.932098191913838, 35.516126924636382 ], [ 77.932441710895546, 35.517127990359143 ], [ 77.937614440616244, 35.527549741792633 ], [ 77.941413879477778, 35.532096861177379 ], [ 77.941856387032487, 35.532577512452974 ], [ 77.94270324342078, 35.532802585967552 ], [ 77.949615479113575, 35.540390017203642 ], [ 77.958396910889803, 35.551040649613775 ], [ 77.961158751107334, 35.555076599375823 ], [ 77.96215057200564, 35.557197575308656 ], [ 77.963958740045854, 35.561477665445715 ], [ 77.965682981619381, 35.565399169944364 ], [ 77.966545102406158, 35.56651687804252 ], [ 77.966728215187459, 35.566970827533517 ], [ 77.967292782929533, 35.570350648612511 ], [ 77.96680818000597, 35.575003676088812 ], [ 77.965980524664104, 35.582950596110685 ], [ 77.965156552598245, 35.584758759150773 ], [ 77.961631777458905, 35.589736934153748 ], [ 77.958610537468005, 35.593799590700399 ], [ 77.957519530704644, 35.593799590700399 ], [ 77.955894474996057, 35.596050266295094 ], [ 77.954986576014022, 35.596408841933531 ], [ 77.954269409737165, 35.596694943041832 ], [ 77.952468871171448, 35.602348324037976 ], [ 77.955650329621136, 35.601917268419754 ], [ 77.956638892259193, 35.601637215627335 ], [ 77.965103149478907, 35.599239349668828 ], [ 77.969360350743187, 35.595512394887848 ], [ 77.970481876303339, 35.595512394887848 ], [ 77.977043150832046, 35.589656824699553 ], [ 77.978248593308464, 35.588726046844684 ], [ 77.979209893819231, 35.587814334888691 ], [ 77.980865479465663, 35.584236147591575 ], [ 77.982780453294879, 35.582191463650915 ], [ 77.983589175962209, 35.581958775212271 ], [ 77.985229496069266, 35.579708099617491 ], [ 77.986343386705443, 35.579246520652127 ], [ 77.987434388468699, 35.579246520652127 ], [ 77.988525395232017, 35.577865600318489 ], [ 77.9910049468034, 35.577213283647865 ], [ 77.994834899911424, 35.577346805771796 ], [ 77.997123714227129, 35.577911373513857 ], [ 78.001670838611915, 35.578300477949107 ], [ 78.00366210988301, 35.57846832133194 ], [ 78.009124752724304, 35.579753872812852 ], [ 78.024322504968936, 35.583278657952164 ], [ 78.039840699131091, 35.582813261524706 ], [ 78.041931156267125, 35.582748416468903 ], [ 78.044128419192248, 35.581150057544932 ], [ 78.04521942550582, 35.580924989030351 ], [ 78.046302797794766, 35.580688478129794 ], [ 78.048683168051426, 35.577770231465905 ], [ 78.049522399965426, 35.577556609887715 ], [ 78.05449676750645, 35.572620391067701 ], [ 78.064872745744722, 35.56090164576716 ], [ 78.066734316904274, 35.559268950584183 ], [ 78.067893981185335, 35.558307648932391 ], [ 78.072814940606989, 35.550865171756513 ], [ 78.077697756757445, 35.544528960742426 ], [ 78.081237796295255, 35.544284820367395 ], [ 78.082359316855417, 35.544731139934392 ], [ 78.084022520835219, 35.546066287072655 ], [ 78.088188170708833, 35.551181796661645 ], [ 78.089279177472164, 35.551631928690632 ], [ 78.092857365281162, 35.551612851830185 ], [ 78.097518920379144, 35.549800871328081 ], [ 78.099731447702638, 35.547546383271225 ], [ 78.101097108637816, 35.5468559283293 ], [ 78.107696536437743, 35.547500610075957 ], [ 78.110992430600518, 35.547248840226615 ], [ 78.111793514243232, 35.546558375284604 ], [ 78.113441463824671, 35.545864107431001 ], [ 78.115089413406011, 35.545413975402013 ], [ 78.118110658396915, 35.542934413830658 ], [ 78.123832701461311, 35.538623809896762 ], [ 78.125221251269352, 35.537033080447095 ], [ 78.130142216140598, 35.534740449119106 ], [ 78.130958553732185, 35.534732814195024 ], [ 78.132072444368262, 35.53406524312593 ], [ 78.137298582208402, 35.534233091508682 ], [ 78.13867187761798, 35.535148625414713 ], [ 78.139480590285316, 35.535823820958363 ], [ 78.142814633169039, 35.536689759207199 ], [ 78.144203187976984, 35.537803649843283 ], [ 78.147262571688913, 35.544979092771371 ], [ 78.148918150744635, 35.545639038916406 ], [ 78.153892518735347, 35.546054840136165 ], [ 78.154983525049005, 35.54582977662178 ], [ 78.156646729478581, 35.547386174812438 ], [ 78.15650940489266, 35.548400879583674 ], [ 78.155839320942462, 35.553191334399521 ], [ 78.155639644181818, 35.554618832872372 ], [ 78.153923037532266, 35.560344697948949 ], [ 78.151565555698781, 35.566547396839283 ], [ 78.151606039169408, 35.572711390926166 ], [ 78.151611328894063, 35.573516847663726 ], [ 78.15525817922088, 35.582725522596007 ], [ 78.159164429321095, 35.588985441618007 ], [ 78.166473384373219, 35.608520503681639 ], [ 78.165775399931761, 35.612831759784328 ], [ 78.165458679602068, 35.614788052627596 ], [ 78.165107723438084, 35.615428927361947 ], [ 78.164688110205859, 35.61632156694553 ], [ 78.161598202697135, 35.621803286647328 ], [ 78.162178039837769, 35.624721523760904 ], [ 78.162850166889186, 35.625777727281815 ], [ 78.163032530700463, 35.62606430037355 ], [ 78.163841255070693, 35.626514431341882 ], [ 78.164955144453742, 35.62650299046615 ], [ 78.165489193398884, 35.626049045975101 ], [ 78.168228149743655, 35.625568390149297 ], [ 78.171241760260187, 35.622421267508756 ], [ 78.172607420745692, 35.621524810463178 ], [ 78.172935483036895, 35.62152099800111 ], [ 78.173156739089407, 35.621520998001095 ], [ 78.173736576229913, 35.621513368526713 ], [ 78.175895690434075, 35.619239803609496 ], [ 78.176971432798965, 35.618568420078319 ], [ 78.179176335198477, 35.617637637223346 ], [ 78.182785032253975, 35.617843628877402 ], [ 78.18524932942681, 35.618717196600628 ], [ 78.186065677018291, 35.61937332573342 ], [ 78.190864561702185, 35.631954191371051 ], [ 78.197570800291231, 35.641799928575693 ], [ 78.198486324197347, 35.64391708204662 ], [ 78.199783327614739, 35.648960116655736 ], [ 78.199188231075752, 35.652576448185606 ], [ 78.199165238276706, 35.652715644183537 ], [ 78.197700500402775, 35.661582948476322 ], [ 78.197982789049036, 35.662490842458453 ], [ 78.19849993180253, 35.663112365255763 ], [ 78.19964599302881, 35.664489748203728 ], [ 78.200828551182724, 35.664489748203735 ], [ 78.20305633290468, 35.664356230630212 ], [ 78.206901554961547, 35.662254331557811 ], [ 78.209762571493698, 35.65903091237486 ], [ 78.210868837655497, 35.658569337959811 ], [ 78.214431761515726, 35.655643461371874 ], [ 78.217636109287838, 35.654479980078335 ], [ 78.218994140298975, 35.653347012581705 ], [ 78.220703127474039, 35.652423859201221 ], [ 78.222396855250821, 35.651523590143171 ], [ 78.224586488251788, 35.649932860693497 ], [ 78.228973384177905, 35.648777003874422 ], [ 78.229804991167839, 35.647861480417916 ], [ 78.230323790714635, 35.647197721810812 ], [ 78.231163022628564, 35.64718627942483 ], [ 78.231979370220046, 35.647186279424837 ], [ 78.232261658866278, 35.646724705459391 ], [ 78.236106871372755, 35.645126346535243 ], [ 78.236373900620535, 35.644664767120197 ], [ 78.24075317207226, 35.643310548571165 ], [ 78.242134096956207, 35.643295284172709 ], [ 78.249267579151066, 35.641876220567859 ], [ 78.24982452196916, 35.641437530475166 ], [ 78.251472471550485, 35.640537260967598 ], [ 78.255058284283564, 35.640964509123741 ], [ 78.256454464015576, 35.644107819302207 ], [ 78.25644683909151, 35.646598812809842 ], [ 78.257057190028959, 35.64993286069349 ], [ 78.25930785562376, 35.65375518887749 ], [ 78.25997924915491, 35.654479980078328 ], [ 78.261276242572308, 35.654949188967841 ], [ 78.262878418958366, 35.656337739225464 ], [ 78.263465880573364, 35.656848903848264 ], [ 78.265724181092153, 35.657825469898427 ], [ 78.267593387270708, 35.658630367631687 ], [ 78.268966677585155, 35.658821102809128 ], [ 78.270629881565043, 35.660385130923871 ], [ 78.272056579644286, 35.664215089031963 ], [ 78.270851097938632, 35.667202787121781 ], [ 78.269050599051752, 35.671665190682219 ], [ 78.268280029655628, 35.673461912235531 ], [ 78.269392646181487, 35.677082697743046 ], [ 78.271385196562818, 35.683567048763976 ], [ 78.270772468324267, 35.686620638359194 ], [ 78.270454408258161, 35.688205719539376 ], [ 78.268974302059661, 35.692554476744569 ], [ 78.270044696534498, 35.695703903597824 ], [ 78.270957941960461, 35.698390954904006 ], [ 78.270553584572895, 35.700634001192711 ], [ 78.269906374891917, 35.701504307067815 ], [ 78.268539434429059, 35.703342438740549 ], [ 78.267440797741742, 35.706272127790484 ], [ 78.268424138769277, 35.709942405051976 ], [ 78.269180298713735, 35.712764739801351 ], [ 78.273323059714485, 35.717266086440603 ], [ 78.274230958696521, 35.717391969090066 ], [ 78.276702885843079, 35.718742367443028 ], [ 78.281074526871464, 35.719894404534081 ], [ 78.283256530398148, 35.720680233328729 ], [ 78.289337154100963, 35.720962522424657 ], [ 78.292907717435483, 35.719814295079992 ], [ 78.293434146456761, 35.718898771623472 ], [ 78.294242854573866, 35.718891141699494 ], [ 78.296165468327047, 35.717960353844518 ], [ 78.303321839394727, 35.71658325097296 ], [ 78.317649835847106, 35.716484073363461 ], [ 78.318481447468827, 35.716014861218412 ], [ 78.319595338554606, 35.715553281803359 ], [ 78.330947872843012, 35.715732572122569 ], [ 78.338844299510001, 35.715858454772032 ], [ 78.34136199980226, 35.717876432377935 ], [ 78.3430099493836, 35.71809005850637 ], [ 78.344947812535324, 35.718284603673624 ], [ 78.346061708171405, 35.719188690193761 ], [ 78.350181579849746, 35.719383239911345 ], [ 78.357383729112712, 35.722484589356512 ], [ 78.359535218842481, 35.722690581010554 ], [ 78.360374445306803, 35.723121646628776 ], [ 78.36093139812489, 35.72290801505067 ], [ 78.361473081544517, 35.723342892681281 ], [ 78.36729431092354, 35.724411010571771 ], [ 78.368682860731468, 35.725322721566201 ], [ 78.368965149377715, 35.725769041582879 ], [ 78.37118530617569, 35.726642609306104 ], [ 78.371765138316206, 35.726783756354017 ], [ 78.37662506059381, 35.727596281483414 ], [ 78.37860870194082, 35.727928160787009 ], [ 78.378898620511038, 35.728385922740067 ], [ 78.381118777308927, 35.729492183901854 ], [ 78.384712219516388, 35.730587007677492 ], [ 78.386085504925873, 35.730804441717602 ], [ 78.386650082668041, 35.731452940926239 ], [ 78.388031008001676, 35.731906890417399 ], [ 78.39053344344579, 35.733684540110275 ], [ 78.392776489566117, 35.737705235473847 ], [ 78.396110537449871, 35.740150450786295 ], [ 78.397491452333739, 35.741485592924477 ], [ 78.399803160971942, 35.751586916990924 ], [ 78.404518128739568, 35.756500246938181 ], [ 78.405616754977288, 35.756721493440359 ], [ 78.406738285642703, 35.756942755962982 ], [ 78.4125747621665, 35.761142726276645 ], [ 78.41629791618422, 35.77460861092257 ], [ 78.41794586576566, 35.777263645800652 ], [ 78.419067381325817, 35.777484891853156 ], [ 78.420433042261024, 35.777469637454786 ], [ 78.420997620003078, 35.777919769483773 ], [ 78.42101287940153, 35.778812404067359 ], [ 78.423210141876993, 35.780601505696772 ], [ 78.42485809145839, 35.780727388346243 ], [ 78.427322383631221, 35.780273438855261 ], [ 78.435882569354987, 35.779632569120928 ], [ 78.437828061981008, 35.778476712751448 ], [ 78.44221496790712, 35.777523040574131 ], [ 78.443305969670448, 35.77662658352839 ], [ 78.443572998918228, 35.776191715897852 ], [ 78.445220948499653, 35.775947570522824 ], [ 78.446060180413568, 35.775936123136766 ], [ 78.447700500070937, 35.775016782218344 ], [ 78.447982789166829, 35.774555208252821 ], [ 78.452903748588426, 35.773647309270771 ], [ 78.456214902599314, 35.77225112953878 ], [ 78.45646667744866, 35.771789550573324 ], [ 78.456741331620492, 35.771335601082257 ], [ 78.458053589436332, 35.771224972831249 ], [ 78.458335878082565, 35.770790105200639 ], [ 78.459976198189608, 35.77077865281457 ], [ 78.461418156116906, 35.770450590973056 ], [ 78.461654666567767, 35.770397188303306 ], [ 78.46361541859234, 35.769950863286716 ], [ 78.46472930967812, 35.769477846935125 ], [ 78.472503661157617, 35.769096372423938 ], [ 78.477493288097008, 35.769218442611404 ], [ 78.481369019400375, 35.768684383666169 ], [ 78.484207156610069, 35.768707272539004 ], [ 78.488510131069589, 35.768741608797903 ], [ 78.495353694244528, 35.768375398235399 ], [ 78.497550967169573, 35.768257140510016 ], [ 78.506301880148911, 35.767784119158499 ], [ 78.509056090442442, 35.767963409927319 ], [ 78.51290130294889, 35.766155241437531 ], [ 78.513656617946651, 35.765960691719947 ], [ 78.517547608648385, 35.761436466207947 ], [ 78.521255491568922, 35.759044648565244 ], [ 78.524696355241588, 35.761894228160997 ], [ 78.535285955057958, 35.770683289411615 ], [ 78.543312071386794, 35.774425508141356 ], [ 78.543563841236207, 35.775112146070974 ], [ 78.54385375480652, 35.775794981538525 ], [ 78.551193238655301, 35.77879333765658 ], [ 78.551643375684392, 35.779067996378835 ], [ 78.552658080455529, 35.77968978925265 ], [ 78.554359433156293, 35.781406401351781 ], [ 78.555267337138332, 35.782154081425467 ], [ 78.556655881946369, 35.783691408205371 ], [ 78.558860779345778, 35.785957338198628 ], [ 78.560241699679352, 35.787319186671716 ], [ 78.560531613249651, 35.787746429827948 ], [ 78.562187192305458, 35.787960051405975 ], [ 78.566879271200222, 35.78636932695639 ], [ 78.56959533367214, 35.784084320102707 ], [ 78.573432921254536, 35.784278869820369 ], [ 78.574836725460912, 35.78492736902902 ], [ 78.577644348873704, 35.788055424809023 ], [ 78.577903748647202, 35.788940429918313 ], [ 78.578216551539953, 35.791194917975076 ], [ 78.577941897368106, 35.792091375020746 ], [ 78.578536983457397, 35.797813412635406 ], [ 78.579093936725172, 35.800506590784792 ], [ 78.579132079996398, 35.801071168526938 ], [ 78.580558773525297, 35.803318021659656 ], [ 78.588798521432238, 35.805965421613749 ], [ 78.589942930865249, 35.806617733284476 ], [ 78.606468200324088, 35.808448795647003 ], [ 78.607025148142085, 35.808902745138077 ], [ 78.607681277274892, 35.808986667054242 ], [ 78.610931393242367, 35.809120179178166 ], [ 78.614570618645089, 35.81051254644828 ], [ 78.615295405295541, 35.810791012632436 ], [ 78.619506837928483, 35.812400825479095 ], [ 78.620643612873408, 35.813735961080823 ], [ 78.624145503690301, 35.816509243234705 ], [ 78.625801083195725, 35.817180636765954 ], [ 78.628158574579516, 35.819274901363961 ], [ 78.630912775322642, 35.819942476983364 ], [ 78.634536741776614, 35.823257448006657 ], [ 78.635276792375905, 35.824325560897144 ], [ 78.641502375138998, 35.832691191453506 ], [ 78.642181398144558, 35.832893370645579 ], [ 78.644866941819558, 35.835533141125296 ], [ 78.64767456023236, 35.837520599484606 ], [ 78.658180233582115, 35.849197389051859 ], [ 78.658386230236189, 35.849239354785155 ], [ 78.658851626663704, 35.849334718188103 ], [ 78.659950253351028, 35.850433354875413 ], [ 78.664939880290476, 35.852626800338541 ], [ 78.667976379679857, 35.852928160845224 ], [ 78.668556211820473, 35.852985375976878 ], [ 78.670471195649569, 35.853172301220162 ], [ 78.671272278842679, 35.85324859821236 ], [ 78.673217771918402, 35.85391616928154 ], [ 78.673782349210782, 35.854370118772515 ], [ 78.680953979676914, 35.854301451254706 ], [ 78.68616485311847, 35.851997377540577 ], [ 78.687973021158669, 35.85182952460751 ], [ 78.688537598900737, 35.851776121488157 ], [ 78.691398615432945, 35.851509097240374 ], [ 78.69224548182126, 35.85193252793453 ], [ 78.698936461011812, 35.853328707216846 ], [ 78.703285218666679, 35.854778290068296 ], [ 78.703575132236992, 35.855205532774839 ], [ 78.707183838842809, 35.856513973578281 ], [ 78.707717897788058, 35.857173919723301 ], [ 78.708580013574817, 35.857780458198739 ], [ 78.710235597630628, 35.858951564416166 ], [ 78.710792540898296, 35.858943939492185 ], [ 78.711357118190776, 35.859619135485346 ], [ 78.713554381115827, 35.860031123793433 ], [ 78.714401247504227, 35.860919951364721 ], [ 78.714691166074431, 35.861373900855867 ], [ 78.715507508665993, 35.861362458469713 ], [ 78.716590880505166, 35.861579892509909 ], [ 78.718833921625574, 35.863567351318807 ], [ 78.72270965292887, 35.863990787013059 ], [ 78.723274230671024, 35.863750459100025 ], [ 78.725036620515837, 35.863788607371312 ], [ 78.730415342340237, 35.863910677558792 ], [ 78.731498719179498, 35.863445281131341 ], [ 78.741188049488088, 35.863140108162668 ], [ 78.743934625756907, 35.863552091920361 ], [ 78.748603820329237, 35.862182618523185 ], [ 78.751091001824605, 35.862155912188356 ], [ 78.75360107219268, 35.862949370457308 ], [ 78.756889341431389, 35.864109034738526 ], [ 78.759666441497032, 35.864078525941622 ], [ 78.766281129145057, 35.864475245300852 ], [ 78.768760680716341, 35.864894868533007 ], [ 78.771705628715125, 35.864170077332268 ], [ 78.771926879767634, 35.864116669212827 ], [ 78.774536131450446, 35.863471982466173 ], [ 78.775085454794066, 35.862781522524152 ], [ 78.775321960245009, 35.862735749328969 ], [ 78.776184081031772, 35.862560271022055 ], [ 78.776733404375477, 35.861877440554423 ], [ 78.776870728961399, 35.861778259689572 ], [ 78.779205326022691, 35.860069272514416 ], [ 78.780288698311637, 35.859596251162898 ], [ 78.781677248119664, 35.85915374360831 ], [ 78.7826156608986, 35.858219148291262 ], [ 78.783287048980085, 35.857543942747775 ], [ 78.784370421269031, 35.856636048765736 ], [ 78.786285395098247, 35.855728149783616 ], [ 78.788925165577879, 35.854919431666531 ], [ 78.7891693109529, 35.854843144674334 ], [ 78.790138247528688, 35.85454559162973 ], [ 78.792404177521931, 35.854202270389756 ], [ 78.794662477591018, 35.853973384413173 ], [ 78.799507140470254, 35.853126528024788 ], [ 78.800056458813856, 35.85266876607183 ], [ 78.802268981137345, 35.852188110245926 ], [ 78.803352357976692, 35.851490020379927 ], [ 78.804153441169632, 35.851486202917847 ], [ 78.804435729815879, 35.851024628952487 ], [ 78.810729985096771, 35.850593563334179 ], [ 78.823745728814728, 35.851055147749221 ], [ 78.827903743764239, 35.852382659963595 ], [ 78.831260680520728, 35.852348328704601 ], [ 78.833671565023963, 35.852321622369772 ], [ 78.840896608159667, 35.854251860597429 ], [ 78.850830078843288, 35.855064391176512 ], [ 78.85482025585975, 35.856098172358415 ], [ 78.859123229869581, 35.857208250982183 ], [ 78.863273620344785, 35.857391353763404 ], [ 78.870491029006089, 35.860561370276599 ], [ 78.873809817041703, 35.861553191175069 ], [ 78.874664303354081, 35.86163330017947 ], [ 78.880149835517884, 35.86214447025197 ], [ 78.881004331830255, 35.862274169913825 ], [ 78.881523136377126, 35.862354279368013 ], [ 78.883758542573361, 35.86347579992816 ], [ 78.890937802513889, 35.8642692531972 ], [ 78.894538879645395, 35.865825651387887 ], [ 78.895668029679939, 35.865810396989524 ], [ 78.897575374034744, 35.866024018567643 ], [ 78.897857663130694, 35.866455074185858 ], [ 78.898979183690827, 35.866436007325412 ], [ 78.905555722617962, 35.868381499951425 ], [ 78.913642881540511, 35.870777130056204 ], [ 78.918342585359355, 35.870952607913338 ], [ 78.918609619607111, 35.871406557404406 ], [ 78.921646118996492, 35.872261043716783 ], [ 78.928291320441332, 35.872856140255756 ], [ 78.930480958442374, 35.872829438471243 ], [ 78.930816650207973, 35.873001094316074 ], [ 78.931335449754769, 35.873271941025848 ], [ 78.939895634787845, 35.874782567493938 ], [ 78.941856382053302, 35.876312257877274 ], [ 78.943794250204917, 35.876750942969878 ], [ 78.945167535614516, 35.876960752085914 ], [ 78.94573211335657, 35.877609251294658 ], [ 78.946281436700289, 35.878269192889356 ], [ 78.947120668164615, 35.878265380427365 ], [ 78.948776242670007, 35.878700258057989 ], [ 78.952987670289275, 35.882732385807628 ], [ 78.954086301976673, 35.883159638514172 ], [ 78.956611631743229, 35.885280604447104 ], [ 78.958282470197474, 35.886901857693601 ], [ 78.960494992520964, 35.887794492277273 ], [ 78.963798526607704, 35.887752531543988 ], [ 78.965438841265055, 35.887054441677897 ], [ 78.96598815960877, 35.886379241134421 ], [ 78.967903133437872, 35.885009767737237 ], [ 78.969017024523737, 35.885002138262863 ], [ 78.970382685009227, 35.884075162420288 ], [ 78.973709103418571, 35.879447938581258 ], [ 78.973655700299147, 35.878349301893849 ], [ 78.975463868788921, 35.875270841771297 ], [ 78.977371212694038, 35.873676304859636 ], [ 78.978210444608067, 35.873439789408678 ], [ 78.978736873629231, 35.87274551200467 ], [ 78.980125428437177, 35.872276308115232 ], [ 78.980690006179316, 35.872268678191169 ], [ 78.985168453496058, 35.868335721756154 ], [ 78.985733031238127, 35.868335721756146 ], [ 78.986404413751359, 35.868186947423389 ], [ 78.989837648068288, 35.864036560208326 ], [ 78.990104672765753, 35.862667081811146 ], [ 78.99129486039412, 35.86228942431228 ], [ 78.991569519565871, 35.861827850346828 ], [ 78.993446350123875, 35.860233303435159 ], [ 78.994842529855887, 35.859321591991041 ], [ 78.995826720380521, 35.858348848402883 ], [ 78.996711727276733, 35.857475273442603 ], [ 78.997024537932859, 35.857471463217664 ], [ 78.997276303231871, 35.857467650755581 ], [ 78.998107910221719, 35.857257841639452 ], [ 79.000205991832217, 35.855503086269117 ], [ 79.003547664190251, 35.852706909792708 ], [ 79.003807068963624, 35.852016449401098 ], [ 79.00462341155513, 35.852005007464633 ], [ 79.005187989297283, 35.851997377540556 ], [ 79.008529661655317, 35.84922027292469 ], [ 79.010452270408578, 35.848758698959244 ], [ 79.010955810107234, 35.848373416536297 ], [ 79.01203918239618, 35.847671514208308 ], [ 79.01613616975196, 35.846710202556515 ], [ 79.017494200763068, 35.845581057521976 ], [ 79.021621701915763, 35.843952179351312 ], [ 79.024040225893287, 35.84353637358123 ], [ 79.02436065826042, 35.84347915844949 ], [ 79.027130128401993, 35.843002319635993 ], [ 79.027954105917559, 35.842529298284475 ], [ 79.041175846289534, 35.842586518865808 ], [ 79.053825378995384, 35.841342928118195 ], [ 79.063743590730155, 35.841682431896174 ], [ 79.06746673804912, 35.8410110488146 ], [ 79.067962648273479, 35.840919497423947 ], [ 79.07337951336909, 35.83994674838619 ], [ 79.080543518911099, 35.839202880324819 ], [ 79.081665034471271, 35.839420314365015 ], [ 79.085014346753454, 35.83841705153025 ], [ 79.091812136732997, 35.836372372589516 ], [ 79.099143986107492, 35.835620880053838 ], [ 79.103363038650812, 35.834911348251381 ], [ 79.104194640640657, 35.834671020338426 ], [ 79.104469299812507, 35.834217070847451 ], [ 79.105026242630601, 35.833751679420018 ], [ 79.115486142335399, 35.832756046059629 ], [ 79.117652896463525, 35.831821440742672 ], [ 79.129173274584417, 35.831279757323045 ], [ 79.130867002361214, 35.831199647868864 ], [ 79.132514951942539, 35.8314094569849 ], [ 79.139480585304923, 35.83378982769122 ], [ 79.142791748866131, 35.835758204639681 ], [ 79.143867491231006, 35.836338041780287 ], [ 79.145225527242104, 35.837074274917498 ], [ 79.150337219818724, 35.841537477835857 ], [ 79.150886532712732, 35.841529842911783 ], [ 79.151916501882255, 35.842407228097002 ], [ 79.152481079624408, 35.842399598622627 ], [ 79.154182431875483, 35.843955991813395 ], [ 79.155723575667807, 35.845275874553209 ], [ 79.157005310136412, 35.845497135605704 ], [ 79.169357304797558, 35.857025148200982 ], [ 79.170478820357729, 35.857017513726596 ], [ 79.171752929902254, 35.858116149964218 ], [ 79.173149109634252, 35.859672548155089 ], [ 79.173973086700116, 35.859939572402865 ], [ 79.175399780229057, 35.861263272604774 ], [ 79.178855892850564, 35.864326478328941 ], [ 79.17941284611824, 35.865215300900218 ], [ 79.180252072582576, 35.865425105016342 ], [ 79.183586120466217, 35.870651242406666 ], [ 79.18393707118058, 35.871200565750357 ], [ 79.185554507414764, 35.872386931366236 ], [ 79.192863462017115, 35.880752561922691 ], [ 79.194030760772634, 35.88210296300975 ], [ 79.197814940685362, 35.893737796394021 ], [ 79.196722915839501, 35.897229488409373 ], [ 79.196617123132924, 35.89756775450202 ], [ 79.194679259981285, 35.90431976173597 ], [ 79.192756656228113, 35.905944826994862 ], [ 79.18836212082762, 35.921745300252816 ], [ 79.18810272605414, 35.9225959791032 ], [ 79.187873840077657, 35.925971987270451 ], [ 79.188222659406833, 35.929532654951757 ], [ 79.189048768757175, 35.937965391742843 ], [ 79.189628605448092, 35.940559388577505 ], [ 79.189796448830862, 35.942359927143308 ], [ 79.194366457538123, 35.950557709316925 ], [ 79.198295591511169, 35.955966949938222 ], [ 79.198020932339404, 35.956626891083239 ], [ 79.202629089767584, 35.961708069413334 ], [ 79.208389281103237, 35.967273711031311 ], [ 79.212722779359581, 35.971431730980896 ], [ 79.213005068005799, 35.972091672575608 ], [ 79.213569645747967, 35.972084042651545 ], [ 79.214591974993482, 35.973033902366957 ], [ 79.215446471305853, 35.973937989336683 ], [ 79.216545107543581, 35.974124909130197 ], [ 79.219032283589229, 35.975208281419143 ], [ 79.220466612042131, 35.976791380944832 ], [ 79.221557618805448, 35.977203364702525 ], [ 79.222404480193859, 35.977199552240535 ], [ 79.224067684173633, 35.977378847559649 ], [ 79.224609377593268, 35.977828974588725 ], [ 79.22544860905758, 35.977825162576416 ], [ 79.230102539681042, 35.97967910381179 ], [ 79.232925412492378, 35.980190278434605 ], [ 79.233489990234446, 35.980640415913186 ], [ 79.237373351012195, 35.981052399221277 ], [ 79.23791504443173, 35.980808258846338 ], [ 79.241806030133546, 35.981906885533732 ], [ 79.290184020507837, 35.984863280468915 ], [ 79.294227600193935, 35.984783171464414 ], [ 79.300086972394624, 35.984664913289251 ], [ 79.34481048796772, 35.983707429099454 ], [ 79.348670964872625, 35.984291073252372 ], [ 79.354232789028515, 35.985134127178682 ], [ 79.359992980364183, 35.985218049094939 ], [ 79.362113951297019, 35.985248567891759 ], [ 79.362228396560496, 35.985248567891759 ], [ 79.363365171519121, 35.985900874562574 ], [ 79.366424555230893, 35.98743057641844 ], [ 79.367797850640486, 35.987640385534554 ], [ 79.368629457630419, 35.988319398540028 ], [ 79.370735169164888, 35.988708497975367 ], [ 79.37419891171038, 35.989353180171605 ], [ 79.375572202119955, 35.989337920773245 ], [ 79.37805938861527, 35.990417480150512 ], [ 79.380249021616336, 35.990386961353607 ], [ 79.384658811864853, 35.989421847239733 ], [ 79.386802671670551, 35.98559951905581 ], [ 79.388504024371315, 35.972980499697201 ], [ 79.391693117745049, 35.966209405602811 ], [ 79.391738890940317, 35.965553286919778 ], [ 79.391532898836587, 35.964866638990152 ], [ 79.392089841654681, 35.961368560185754 ], [ 79.39252471973488, 35.950046539694114 ], [ 79.396705623557224, 35.937850951029752 ], [ 79.399597168886359, 35.929275511357254 ], [ 79.403129573949684, 35.91394042997652 ], [ 79.406074526948387, 35.908527377342914 ], [ 79.409080507540907, 35.905433652372139 ], [ 79.412849423055164, 35.899883270152621 ], [ 79.416862488944361, 35.895557406820274 ], [ 79.417678831535838, 35.894859316954275 ], [ 79.418334960668545, 35.894851687479886 ], [ 79.418388368338313, 35.894851687479886 ], [ 79.418807986570386, 35.89484787501781 ], [ 79.422050478063568, 35.891677858054926 ], [ 79.425621031398066, 35.890277866310527 ], [ 79.427154535716085, 35.890163420597439 ], [ 79.428695679508422, 35.890144344186588 ], [ 79.428802485268548, 35.890144344151054 ], [ 79.430206294503805, 35.890125277326227 ], [ 79.436332701401966, 35.889442441858598 ], [ 79.437446592038043, 35.888973237969168 ], [ 79.441276550146043, 35.888713838195685 ], [ 79.442115787059947, 35.888267518628687 ], [ 79.444572449308779, 35.888099670245936 ], [ 79.449279782602076, 35.886566165928002 ], [ 79.45373535559628, 35.88637161621034 ], [ 79.456581117729939, 35.885757448260598 ], [ 79.470214841859715, 35.884952542605497 ], [ 79.47296142267875, 35.885116573526254 ], [ 79.474365232334918, 35.884643557174741 ], [ 79.481208800509748, 35.88383865196932 ], [ 79.483444217155764, 35.883575439733931 ], [ 79.486145019779514, 35.882904056202769 ], [ 79.495231629074752, 35.88277435154091 ], [ 79.49662017433235, 35.882320402049849 ], [ 79.497734064968526, 35.881866452558782 ], [ 79.499359130227433, 35.881843568236349 ], [ 79.503227237056308, 35.881793978028675 ], [ 79.504058839046237, 35.881320951677154 ], [ 79.504882811112125, 35.880855560249721 ], [ 79.507911681027082, 35.880809787054453 ], [ 79.508720399144167, 35.880344395626913 ], [ 79.512573246125015, 35.879600522565639 ], [ 79.516571047615756, 35.879135131138192 ], [ 79.517227171298885, 35.878669739261071 ], [ 79.518356321783102, 35.878658297324691 ], [ 79.518997191067768, 35.878200525371547 ], [ 79.521614077224953, 35.876323699813646 ], [ 79.525451660257019, 35.874946596942173 ], [ 79.528732300021332, 35.872360229581801 ], [ 79.529296872313793, 35.872360229581801 ], [ 79.530632019452057, 35.87148666685858 ], [ 79.530876159827002, 35.87103271736752 ], [ 79.534713747409384, 35.869647980021576 ], [ 79.535263060753067, 35.868953702617567 ], [ 79.535804744172708, 35.868270872150021 ], [ 79.540451049872175, 35.866420747926945 ], [ 79.541847229604173, 35.865119932047584 ], [ 79.545631409516886, 35.863418579346806 ], [ 79.546981815603942, 35.862277982375808 ], [ 79.549255370521252, 35.861316685274424 ], [ 79.553009031637046, 35.85972976328673 ], [ 79.554931645390226, 35.859291078194126 ], [ 79.555488583208316, 35.858783721033404 ], [ 79.556846619219442, 35.858551027594849 ], [ 79.557121278391278, 35.858097078103867 ], [ 79.559844970337565, 35.856914519949889 ], [ 79.560684202251494, 35.856899255551433 ], [ 79.561599730707911, 35.856361384593882 ], [ 79.561759944166681, 35.856327058334976 ], [ 79.564498900511438, 35.855728149783609 ], [ 79.567161554863915, 35.855194090838268 ], [ 79.567573543621691, 35.855113981384179 ], [ 79.57055664034138, 35.854515077832794 ], [ 79.571105953685077, 35.854061128341826 ], [ 79.572013852667112, 35.854045863943362 ], [ 79.572105404057666, 35.854042051481301 ], [ 79.573013303039801, 35.854026797082838 ], [ 79.576316836676938, 35.852607723477988 ], [ 79.58485412807822, 35.852073664532746 ], [ 79.586494447735504, 35.851341248857516 ], [ 79.590095519866992, 35.850463863672303 ], [ 79.597175598942457, 35.84759521721611 ], [ 79.605125428728741, 35.846157077200495 ], [ 79.605674741622764, 35.845687863310893 ], [ 79.607856750149338, 35.845432280549893 ], [ 79.614990232344141, 35.84308242909016 ], [ 79.619689940713371, 35.842788698057866 ], [ 79.623321531641707, 35.840789797312496 ], [ 79.629058839104502, 35.839447020699751 ], [ 79.629554749328776, 35.839359286771185 ], [ 79.63227081635101, 35.838878630945288 ], [ 79.634178160705829, 35.837932583242349 ], [ 79.635299681265977, 35.837375645424274 ], [ 79.639427182418657, 35.836421963246863 ], [ 79.640510564707611, 35.83640289138642 ], [ 79.643234256653898, 35.835216521220133 ], [ 79.644309998569099, 35.834522243816124 ], [ 79.647491452468444, 35.834369659831744 ], [ 79.647903441226134, 35.834350582971304 ], [ 79.650665281443622, 35.834217070847444 ], [ 79.655319212067269, 35.831878660874416 ], [ 79.657218931497908, 35.831851964539588 ], [ 79.657775879316006, 35.831409456984893 ], [ 79.66548919820174, 35.830406184599816 ], [ 79.669837950856518, 35.828281401204983 ], [ 79.676414489783653, 35.826858515138056 ], [ 79.677246091773497, 35.826156613259748 ], [ 79.678871157482078, 35.825019838301138 ], [ 79.683502198783088, 35.823833467685169 ], [ 79.686798097945925, 35.821994780848158 ], [ 79.696136477090477, 35.820026398899621 ], [ 79.702926633045308, 35.816547391955666 ], [ 79.711990353018081, 35.814624783202476 ], [ 79.715255738833605, 35.812564844863282 ], [ 79.716339110672862, 35.812316892475948 ], [ 79.718460081605798, 35.806434635503159 ], [ 79.719818112616906, 35.805957792139338 ], [ 79.721473697122306, 35.80593490781682 ], [ 79.722808838810892, 35.802993772280097 ], [ 79.724952699066264, 35.801177979315931 ], [ 79.726867677895456, 35.80045700557708 ], [ 79.727493288231358, 35.800312041067166 ], [ 79.735374450499847, 35.79852676689984 ], [ 79.737518310305518, 35.797145841566291 ], [ 79.745231629191267, 35.795906063280569 ], [ 79.746032717384296, 35.795455931251574 ], [ 79.748008728807136, 35.795425417454751 ], [ 79.754043579764314, 35.795337673526106 ], [ 79.75840759136787, 35.794349665089882 ], [ 79.761497498876665, 35.794593810464825 ], [ 79.762100224889949, 35.794635771198095 ], [ 79.763404842376076, 35.79472350524383 ], [ 79.763964051007292, 35.794597493122474 ], [ 79.764488225415604, 35.794479375375872 ], [ 79.776618958679293, 35.793151852537449 ], [ 79.785980222146364, 35.793460847968213 ], [ 79.787872312102806, 35.792972567218236 ], [ 79.79393768140703, 35.792419436862232 ], [ 79.796424867902374, 35.792377476128941 ], [ 79.800132755822901, 35.791183476038583 ], [ 79.802993772355109, 35.790260312658084 ], [ 79.808723449893847, 35.789649961720748 ], [ 79.809455870569067, 35.789569852266396 ], [ 79.815391540211536, 35.78893661245619 ], [ 79.826293947470916, 35.785640718293536 ], [ 79.831581117904733, 35.785137178145121 ], [ 79.837585449615318, 35.784538264593742 ], [ 79.841148373025845, 35.783119200988892 ], [ 79.842002869338231, 35.783042908996698 ], [ 79.847175594058953, 35.78258132958166 ], [ 79.855979919707934, 35.780406950979071 ], [ 79.859535213644079, 35.780143738743597 ], [ 79.860466001499049, 35.780075071675469 ], [ 79.863945003443007, 35.779819489364066 ], [ 79.868858338839942, 35.777954095742629 ], [ 79.871078495637803, 35.778152462922293 ], [ 79.875549318030465, 35.780086513611934 ], [ 79.876091001899695, 35.780532838628616 ], [ 79.876640324660301, 35.780521398377374 ], [ 79.882553100113739, 35.785587310174101 ], [ 79.888420102688087, 35.791698458123392 ], [ 79.890258789525092, 35.792854309492846 ], [ 79.899482728406227, 35.802181242150695 ], [ 79.905227660343328, 35.808086397546653 ], [ 79.906036378460513, 35.80830383158677 ], [ 79.910156250138726, 35.812343598810791 ], [ 79.911285395173351, 35.812328339412332 ], [ 79.911994936975759, 35.812946319824157 ], [ 79.913803095465525, 35.814517977413381 ], [ 79.914894101779169, 35.814727781529506 ], [ 79.915458679521322, 35.814727781529506 ], [ 79.918548587030017, 35.817363739547055 ], [ 79.923973081600082, 35.819351193356134 ], [ 79.924514766820323, 35.820030218084852 ], [ 79.926033019939211, 35.820274356736633 ], [ 79.929687500189971, 35.82210540864957 ], [ 79.9299774183106, 35.822559358140545 ], [ 79.935539247916267, 35.824253080917245 ], [ 79.93639373877896, 35.824920651986425 ], [ 79.936668392950807, 35.825374601477485 ], [ 79.939430233617998, 35.825782772773181 ], [ 79.939727786662687, 35.826210025929413 ], [ 79.941108701996228, 35.826416018033143 ], [ 79.942222592632405, 35.827545168067687 ], [ 79.946769717017162, 35.828968049134609 ], [ 79.948959350467888, 35.829391479828764 ], [ 79.949447635768166, 35.829864501180282 ], [ 79.95027923775811, 35.830532076799763 ], [ 79.953071597222134, 35.831165312059625 ], [ 79.953643794438577, 35.831821440742672 ], [ 79.953910828686446, 35.832271577771735 ], [ 79.955307008418458, 35.832462305477016 ], [ 79.95585632176207, 35.832908630044017 ], [ 79.959495542164873, 35.833778380754836 ], [ 79.960273741485054, 35.833965300548435 ], [ 79.972190858515575, 35.835777281500214 ], [ 79.986251830351861, 35.835311894623089 ], [ 79.986824038018014, 35.835525516201201 ], [ 79.98846435767534, 35.835498809866287 ], [ 79.999168393204755, 35.832851409912173 ], [ 80.002662659547184, 35.82941436370151 ], [ 80.003227236839635, 35.829402921765137 ], [ 80.008651731859302, 35.826614374763125 ], [ 80.010047911141712, 35.826358792451799 ], [ 80.013511653687303, 35.822280881956388 ], [ 80.014076231429357, 35.822277069494397 ], [ 80.017578122695852, 35.819065091798223 ], [ 80.02755737157473, 35.807559968525389 ], [ 80.032165523553303, 35.801437374089417 ], [ 80.03249359084451, 35.801044467192085 ], [ 80.033653259675944, 35.799896240297102 ], [ 80.038230892857626, 35.794868469636683 ], [ 80.039520266800608, 35.79125976303078 ], [ 80.043960565846049, 35.781749727591716 ], [ 80.045059202083678, 35.780384061656633 ], [ 80.04761505064721, 35.77291488314583 ], [ 80.048393249967404, 35.770435331574568 ], [ 80.049728391656004, 35.767723081564647 ], [ 80.051307679169298, 35.763721468061512 ], [ 80.052780145893479, 35.760517120289414 ], [ 80.057479864262632, 35.747989652321451 ], [ 80.058227539336301, 35.745048526335061 ], [ 80.06226348954803, 35.740505219412292 ], [ 80.065010070367066, 35.73954009984881 ], [ 80.066078182807971, 35.738632200866682 ], [ 80.066345217505429, 35.738166809439242 ], [ 80.069076538926026, 35.736347199462699 ], [ 80.070434569937134, 35.735885615047643 ], [ 80.073616028836469, 35.732223515322403 ], [ 80.074729919922248, 35.731739047034424 ], [ 80.075248719019442, 35.731044769630493 ], [ 80.075332640935613, 35.731044769630493 ], [ 80.075798032363139, 35.731040957168503 ], [ 80.076065066610923, 35.730369569087017 ], [ 80.078514099385274, 35.728752133302429 ], [ 80.078613275699993, 35.728717802043526 ], [ 80.079879760320452, 35.728271487026852 ], [ 80.081741331479904, 35.725772859044831 ], [ 80.082305909222072, 35.725761416658763 ], [ 80.083930972874157, 35.724384303380241 ], [ 80.084182739779962, 35.723693848845272 ], [ 80.085273741543276, 35.723239904354209 ], [ 80.085792545640402, 35.722778319939067 ], [ 80.088172911346717, 35.720298763367808 ], [ 80.088485718789769, 35.71980667060545 ], [ 80.08979797160562, 35.717319489110182 ], [ 80.092300417499416, 35.707378388502519 ], [ 80.096481321771435, 35.697845459640305 ], [ 80.099945069316931, 35.692855832700864 ], [ 80.10255432555013, 35.686138151725821 ], [ 80.103271487276601, 35.682212829765199 ], [ 80.105636593134761, 35.678127289345795 ], [ 80.106185916478481, 35.678123476883798 ], [ 80.108093260833201, 35.676052091608149 ], [ 80.111068722628829, 35.675128938227651 ], [ 80.111885070220296, 35.674201962834843 ], [ 80.112426759089615, 35.673503872968752 ], [ 80.112548829277088, 35.673477176633916 ], [ 80.113548273652867, 35.673255917273487 ], [ 80.114624021565049, 35.67278671124231 ], [ 80.115417480283682, 35.67211151569883 ], [ 80.119590759631649, 35.67153167855831 ], [ 80.120620728801256, 35.671352383239096 ], [ 80.124443056985172, 35.669273378039456 ], [ 80.132934570191082, 35.667751311107587 ], [ 80.133193969964495, 35.667289737142134 ], [ 80.139762879417233, 35.665611268763897 ], [ 80.140830991858039, 35.664913178897883 ], [ 80.141937253019719, 35.664207459107814 ], [ 80.146339413344265, 35.663669588150178 ], [ 80.147384646912229, 35.662780761028579 ], [ 80.152343750054854, 35.662239072159274 ], [ 80.152610774302644, 35.661773685731831 ], [ 80.155326841774553, 35.660579680641476 ], [ 80.159713747700621, 35.660068511018672 ], [ 80.160255431120248, 35.659606931603626 ], [ 80.168205260456858, 35.65765762651553 ], [ 80.169860839962269, 35.657619478244314 ], [ 80.174468996940845, 35.6555290211083 ], [ 80.183250428717074, 35.654018406112797 ], [ 80.186225890512688, 35.652393340404231 ], [ 80.187873840094014, 35.652359009595003 ], [ 80.188789364000215, 35.652339937734567 ], [ 80.188903809263621, 35.652336125272569 ], [ 80.189529414599505, 35.652324673336196 ], [ 80.191223147376206, 35.651794436852853 ], [ 80.192962648348185, 35.651004790596303 ], [ 80.193893431203065, 35.65024185112425 ], [ 80.196762087659252, 35.649566645131003 ], [ 80.197853083972888, 35.649551390732633 ], [ 80.198402407316607, 35.649082186843117 ], [ 80.202095030838677, 35.648254397315171 ], [ 80.208328248525831, 35.645015718284164 ], [ 80.215469360195016, 35.643993374038637 ], [ 80.216537477635825, 35.643283841786577 ], [ 80.217643738797605, 35.642574309984099 ], [ 80.223960878400945, 35.641597748933954 ], [ 80.225318909412053, 35.640884399669496 ], [ 80.226387021852872, 35.640182497341499 ], [ 80.230789187177407, 35.639408110932905 ], [ 80.234039308144773, 35.637344360131806 ], [ 80.237327572833237, 35.6370544465615 ], [ 80.240982052634408, 35.635429381302608 ], [ 80.241249087331866, 35.634971614349553 ], [ 80.242668150936709, 35.63467025884286 ], [ 80.243560790520291, 35.633781431721189 ], [ 80.247077940735537, 35.631477353007064 ], [ 80.247596740282418, 35.630779268141055 ], [ 80.250900269369154, 35.629596709987162 ], [ 80.25251007022959, 35.6282196021156 ], [ 80.253051759098909, 35.627521512249515 ], [ 80.259590149305126, 35.625167843327795 ], [ 80.260414126820606, 35.624485017860252 ], [ 80.262641908542548, 35.623966213313366 ], [ 80.263931272035848, 35.623069761717396 ], [ 80.267196652851453, 35.622093205217553 ], [ 80.271278375808777, 35.619327547537971 ], [ 80.271812434304337, 35.618633270133948 ], [ 80.274246218129989, 35.617916103407502 ], [ 80.275314325570804, 35.616786958372877 ], [ 80.275878903312972, 35.616771698974425 ], [ 80.282218931339457, 35.610050200537387 ], [ 80.282989505679353, 35.609806053707523 ], [ 80.285499576553434, 35.606464382804425 ], [ 80.286323548619293, 35.605762480926018 ], [ 80.286994937150453, 35.605289459574514 ], [ 80.287544250044476, 35.604904177601355 ], [ 80.289588928985211, 35.603462224673976 ], [ 80.290931698046236, 35.60254287247659 ], [ 80.291496273339931, 35.602539061293477 ], [ 80.294670102315223, 35.597515103095141 ], [ 80.295310977049581, 35.595676426258123 ], [ 80.297775274222374, 35.58938980045162 ], [ 80.298400879558272, 35.58759689180998 ], [ 80.300613401881748, 35.58323669721873 ], [ 80.302047729884976, 35.576240539609749 ], [ 80.305961609459629, 35.567844390256553 ], [ 80.305641172092507, 35.566268920654942 ], [ 80.306816100322322, 35.557704927918913 ], [ 80.311286923164573, 35.549297331179559 ], [ 80.312538148386665, 35.544536585216683 ], [ 80.312240605342055, 35.544094087661996 ], [ 80.315956117736974, 35.524749752854056 ], [ 80.316810609049341, 35.521274568372 ], [ 80.317596437843918, 35.51813507520594 ], [ 80.320129392084937, 35.499839786428034 ], [ 80.321441650350366, 35.493625640601422 ], [ 80.32711029529537, 35.472019192812539 ], [ 80.327784639081429, 35.470831652676267 ], [ 80.328147888939341, 35.470191957911901 ], [ 80.328636174689223, 35.46772003081503 ], [ 80.32800292987902, 35.464797971689158 ], [ 80.326309202102351, 35.461925503220556 ], [ 80.323501588239878, 35.460407258750699 ], [ 80.321289061365988, 35.460224150969388 ], [ 80.320182795204289, 35.459346770784279 ], [ 80.319419860282466, 35.459323881461835 ], [ 80.31801605607609, 35.458660122854646 ], [ 80.309989929747289, 35.458400728081251 ], [ 80.309425352005121, 35.457954408514169 ], [ 80.305831909797689, 35.457363129437262 ], [ 80.304992677883774, 35.457164767257602 ], [ 80.304702759313471, 35.45671844224092 ], [ 80.303329463903978, 35.456966400077945 ], [ 80.301429744473239, 35.457668302406027 ], [ 80.300315853387474, 35.456802369157195 ], [ 80.299743651170928, 35.456359861602593 ], [ 80.298721316925409, 35.456161494422929 ], [ 80.297554013169886, 35.455940243370435 ], [ 80.297439572456796, 35.455825802657344 ], [ 80.296127324641034, 35.45447921858262 ], [ 80.295547482500439, 35.454032899015708 ], [ 80.291069030183792, 35.449401852714594 ], [ 80.289642332104577, 35.447967529711306 ], [ 80.28118131247281, 35.436175551974635 ], [ 80.281066892432079, 35.436016086421873 ], [ 80.280746460064947, 35.434642791012301 ], [ 80.281280514010191, 35.423042298886919 ], [ 80.282424928443106, 35.413139341550526 ], [ 80.28318023344093, 35.4096527101322 ], [ 80.283859256446405, 35.404651640806605 ], [ 80.283968675230739, 35.396226233488107 ], [ 80.284034729303627, 35.391139981864413 ], [ 80.283538819079268, 35.383045198467407 ], [ 80.281517029461057, 35.377182008355135 ], [ 80.274978633805233, 35.358436587098574 ], [ 80.270919799720659, 35.339408877195581 ], [ 80.266532893794675, 35.329566957902713 ], [ 80.256263731345484, 35.312923430718435 ], [ 80.254524230373505, 35.309474942571313 ], [ 80.252784729401426, 35.305843351642984 ], [ 80.248107909905144, 35.296348571051972 ], [ 80.241256716806248, 35.285682679243465 ], [ 80.239707943539443, 35.282756807655524 ], [ 80.23566436885335, 35.271823886599314 ], [ 80.231666562362619, 35.255241392008784 ], [ 80.229835514999976, 35.246948240982526 ], [ 80.23006439097648, 35.24490737450386 ], [ 80.228858948949735, 35.232479097850522 ], [ 80.228683475642924, 35.223304749177053 ], [ 80.226020811290354, 35.216354370213146 ], [ 80.225990292493549, 35.215229032190912 ], [ 80.222358702014901, 35.209281925612061 ], [ 80.220710751983802, 35.207111359471455 ], [ 80.214904782452862, 35.199001311226397 ], [ 80.19462585232796, 35.177745814601664 ], [ 80.19094848820427, 35.172512052287267 ], [ 80.183532717363292, 35.161956788729853 ], [ 80.178438152968155, 35.143238823179352 ], [ 80.178405760837933, 35.143119811082457 ], [ 80.178439420388287, 35.142995954534946 ], [ 80.17889404158781, 35.141323089978819 ], [ 80.178462527262994, 35.134638317164153 ], [ 80.178443904558833, 35.134349821692467 ], [ 80.177848818019839, 35.132087708711623 ], [ 80.179847713765213, 35.119644162659924 ], [ 80.179588318991819, 35.119243620838525 ], [ 80.18023681820047, 35.112838747756221 ], [ 80.183830260407916, 35.086265561900738 ], [ 80.185621212775288, 35.061826177704162 ], [ 80.185867314874258, 35.05846786260777 ], [ 80.185394288522758, 35.052894591065815 ], [ 80.183906557400093, 35.035762783581262 ], [ 80.181213384250725, 35.024955749724818 ], [ 80.177627566517657, 35.013782500755575 ], [ 80.176628111594667, 35.006237029802989 ], [ 80.176269535506549, 35.003883365881194 ], [ 80.174751286036766, 34.997589110600394 ], [ 80.170883179207777, 34.984127042315471 ], [ 80.170036312819491, 34.982704166248546 ], [ 80.167167666812873, 34.977890017166324 ], [ 80.160293579391464, 34.966289520040938 ], [ 80.150947570322856, 34.943027498196344 ], [ 80.149787901491408, 34.940876003466499 ], [ 80.148010256798528, 34.937652588833963 ], [ 80.141517639787665, 34.925605777141477 ], [ 80.1365737905938, 34.914421080786184 ], [ 80.130043029862051, 34.904163360273451 ], [ 80.12366485811458, 34.888721468103618 ], [ 80.122795107403746, 34.887611389479829 ], [ 80.120254518238752, 34.884494780636295 ], [ 80.119438170647271, 34.884513852496738 ], [ 80.110549928531725, 34.868236540874975 ], [ 80.106842045611188, 34.863334652864097 ], [ 80.106056216816626, 34.862865448974574 ], [ 80.105239869225144, 34.862216944765926 ], [ 80.093933102682286, 34.852111818237574 ], [ 80.093154903811779, 34.85189437919739 ], [ 80.090141293295275, 34.849174499713172 ], [ 80.08849334371385, 34.848972320071432 ], [ 80.084014896397221, 34.844104768319546 ], [ 80.073516847971447, 34.824424741745922 ], [ 80.073143007484958, 34.823741916278387 ], [ 80.071853633991651, 34.816333770361318 ], [ 80.069656371066628, 34.804435730191237 ], [ 80.069023136256362, 34.8003654491703 ], [ 80.068008421485217, 34.791519162338346 ], [ 80.067418066538849, 34.788213176133368 ], [ 80.067016600586925, 34.785964968106434 ], [ 80.067596432727441, 34.780101772994158 ], [ 80.068199158740896, 34.773612977995697 ], [ 80.068855287873504, 34.771301269807175 ], [ 80.070671085837773, 34.755451201341629 ], [ 80.07038116726747, 34.754772188336084 ], [ 80.070075984298711, 34.753883360764803 ], [ 80.071395872038607, 34.749645231361022 ], [ 80.072722398021355, 34.741748404342601 ], [ 80.072776797372157, 34.741424565314567 ], [ 80.072685245981518, 34.732723232992598 ], [ 80.072326659893477, 34.730895993091963 ], [ 80.072547911395674, 34.728416441520693 ], [ 80.071174620986113, 34.718650818770243 ], [ 80.070838929220514, 34.716407773099526 ], [ 80.071060180273022, 34.71504592462643 ], [ 80.070190430011777, 34.713481901511678 ], [ 80.06903076073074, 34.710109715356651 ], [ 80.065696718296692, 34.707462305402544 ], [ 80.063491815447605, 34.707042692170475 ], [ 80.062637329584902, 34.706394192961739 ], [ 80.061843870866269, 34.70641326937259 ], [ 80.059379578693367, 34.705787659486383 ], [ 80.059097290047134, 34.70533370999533 ], [ 80.05796051008852, 34.704433440487662 ], [ 80.051383976161475, 34.701850890589299 ], [ 80.050552363638374, 34.701858514307474 ], [ 80.047531129180655, 34.701000216738905 ], [ 80.045890804073622, 34.700820921419684 ], [ 80.044479369943161, 34.699726107194373 ], [ 80.03927612642569, 34.699356079619569 ], [ 80.037910465490512, 34.698692326012463 ], [ 80.036537170080919, 34.698051451278211 ], [ 80.034645080124577, 34.697746278309438 ], [ 80.03232574246168, 34.697372438272652 ], [ 80.031173703104614, 34.696815490454561 ], [ 80.026397702743282, 34.696193697580746 ], [ 80.024200439818259, 34.695262904276191 ], [ 80.022811890010232, 34.694686885047332 ], [ 80.021888736629734, 34.694580079258238 ], [ 80.019493106525047, 34.694293977700333 ], [ 80.018135075513925, 34.694320674484835 ], [ 80.015930173114427, 34.693527220766207 ], [ 80.013343810304463, 34.69323730219589 ], [ 80.011970519894973, 34.69258880298726 ], [ 80.005638121342784, 34.691143033047574 ], [ 79.998115539712728, 34.689941403033146 ], [ 79.996414182461635, 34.689117430967293 ], [ 79.994804381151539, 34.688400269240837 ], [ 79.991584773980975, 34.688106538208537 ], [ 79.991027836162885, 34.687686914976375 ], [ 79.986854551814929, 34.687431332664964 ], [ 79.985786443667749, 34.686920168789129 ], [ 79.979743958942549, 34.685718538027821 ], [ 79.978660586653604, 34.685741422350354 ], [ 79.974510196628174, 34.684024815251135 ], [ 79.965171812033844, 34.68281555076242 ], [ 79.960769651709413, 34.680866240674312 ], [ 79.953666688311415, 34.679405211336167 ], [ 79.950027467908697, 34.677433016925633 ], [ 79.94832611020793, 34.677352907471459 ], [ 79.946235658521672, 34.677261351080801 ], [ 79.945388792133286, 34.67684555031073 ], [ 79.944557190143371, 34.676418307154492 ], [ 79.936386109304564, 34.676998139295023 ], [ 79.934768673520054, 34.677692416699031 ], [ 79.9331283584131, 34.677719118033856 ], [ 79.932060245972295, 34.678192139385381 ], [ 79.932350159542523, 34.678855892992473 ], [ 79.931030276802687, 34.680690767817175 ], [ 79.930763242105243, 34.681381222759107 ], [ 79.927772525911152, 34.682575222849465 ], [ 79.917457580266685, 34.683849332394004 ], [ 79.915290836138482, 34.68503189054789 ], [ 79.903549196965187, 34.685691831692999 ], [ 79.901130677987553, 34.686382296634932 ], [ 79.900299075997722, 34.686618807535574 ], [ 79.87789916993988, 34.686771391519862 ], [ 79.860649104280256, 34.684120179103772 ], [ 79.860366825634017, 34.683692935947633 ], [ 79.857353205117505, 34.682842257097242 ], [ 79.85622406008288, 34.682178498490138 ], [ 79.85182189975842, 34.678646088876441 ], [ 79.851257322016281, 34.678222658182278 ], [ 79.850906370852329, 34.678173067524931 ], [ 79.849861147733876, 34.678016666078562 ], [ 79.843719485987762, 34.671329494350111 ], [ 79.842880249523446, 34.670650480894878 ], [ 79.840652462801486, 34.668880461125987 ], [ 79.838699345251499, 34.66735458173212 ], [ 79.834060669476003, 34.665390012245567 ], [ 79.833480832335482, 34.664478300801449 ], [ 79.832092282527455, 34.663383487025811 ], [ 79.831535339709362, 34.662952421407589 ], [ 79.824821471196401, 34.656505587142306 ], [ 79.822311400828227, 34.651752471103514 ], [ 79.821670531093972, 34.649585726975303 ], [ 79.820411680947885, 34.642353058915461 ], [ 79.81652832517014, 34.638816831839762 ], [ 79.812133789319986, 34.637771608271805 ], [ 79.804237362653055, 34.638355252424716 ], [ 79.803123472016964, 34.637916567332113 ], [ 79.795677187379098, 34.633285521031006 ], [ 79.794036867721744, 34.633083341839033 ], [ 79.788414000522337, 34.629581450572559 ], [ 79.787681574847127, 34.629131313543496 ], [ 79.785758971093856, 34.628471372398479 ], [ 79.783988951325057, 34.627735133811484 ], [ 79.780479435584198, 34.626064300357307 ], [ 79.778007508487221, 34.624092100946783 ], [ 79.775894162478451, 34.622982022772682 ], [ 79.773757937147153, 34.621002198437985 ], [ 79.773654712560329, 34.620821445753258 ], [ 79.771965028505434, 34.617862700721695 ], [ 79.772613527714071, 34.615840916103402 ], [ 79.774642942256449, 34.613506318592442 ], [ 79.777053836309904, 34.612319942976484 ], [ 79.778755189010681, 34.610572817530105 ], [ 79.779396053744932, 34.607967378309297 ], [ 79.780403138592007, 34.606227872337328 ], [ 79.781082151597559, 34.605640410722408 ], [ 79.782768249899874, 34.603027347027215 ], [ 79.784423823955578, 34.60142898765347 ], [ 79.7873077350893, 34.596015935104781 ], [ 79.791077392502544, 34.590184315785081 ], [ 79.792503358403735, 34.587978361305012 ], [ 79.79299926862808, 34.585029600844223 ], [ 79.7924346913356, 34.584373472161197 ], [ 79.788291930784553, 34.58260345239232 ], [ 79.782035823774962, 34.581405639839964 ], [ 79.781494140355335, 34.580955502810973 ], [ 79.777633668450434, 34.580532077116736 ], [ 79.777351379804188, 34.580078127625669 ], [ 79.775726314095706, 34.579387662234062 ], [ 79.770996096929665, 34.577472688404946 ], [ 79.76400756924474, 34.569236757510424 ], [ 79.758964544185943, 34.561428070221737 ], [ 79.758345896890148, 34.55775828612078 ], [ 79.758010862008547, 34.555770877213121 ], [ 79.758445740088845, 34.550121308678882 ], [ 79.759498591016609, 34.548751825213763 ], [ 79.761909487634341, 34.547382352334218 ], [ 79.764816286912151, 34.547203067015012 ], [ 79.766838076980051, 34.547077179365544 ], [ 79.769561768926351, 34.547924040753848 ], [ 79.775016782293235, 34.547401429194665 ], [ 79.776290891837775, 34.546352383164617 ], [ 79.776824950783023, 34.545219425668087 ], [ 79.782478331329656, 34.539825439894855 ], [ 79.783294678921052, 34.53934860108135 ], [ 79.785186768877409, 34.538887022115993 ], [ 79.78546142804926, 34.538417818226478 ], [ 79.787071228909682, 34.53748321745983 ], [ 79.788154601198627, 34.537460323587077 ], [ 79.790061950553451, 34.537204741275673 ], [ 79.792465215132523, 34.534225467018054 ], [ 79.793533322573325, 34.533771517527008 ], [ 79.798973086541849, 34.532993318206806 ], [ 79.802726747657644, 34.531349181087386 ], [ 79.803558349647588, 34.531333926689015 ], [ 79.804077144194366, 34.53064346174699 ], [ 79.805717469301399, 34.529743192239344 ], [ 79.809219360118192, 34.527622226306413 ], [ 79.810272218610237, 34.526710515311983 ], [ 79.814559938221592, 34.517295838725566 ], [ 79.815158967685136, 34.515721644183465 ], [ 79.815216067354399, 34.51557159215205 ], [ 79.815208437430329, 34.511577603123207 ], [ 79.814964297055297, 34.50382232850427 ], [ 79.81426171678703, 34.502259026520221 ], [ 79.81289672424181, 34.499221801000068 ], [ 79.812904283260195, 34.499204475704296 ], [ 79.814529419424773, 34.495479586820643 ], [ 79.812385559619088, 34.492324829705815 ], [ 79.805984498549194, 34.491996767414619 ], [ 79.804336548967768, 34.491352080667959 ], [ 79.803558349647588, 34.490104672458266 ], [ 79.803276061001341, 34.489650727967202 ], [ 79.802604677470171, 34.489479067572049 ], [ 79.800559998979125, 34.486003878090095 ], [ 79.799217221916777, 34.483844753436365 ], [ 79.797317502486038, 34.481975557802443 ], [ 79.796241760121163, 34.481781008084774 ], [ 79.795402528207234, 34.481796262483229 ], [ 79.794303891969534, 34.480915069836023 ], [ 79.794013973399231, 34.480468749819352 ], [ 79.791816710923882, 34.479579927697756 ], [ 79.790206909613758, 34.479396819916452 ], [ 79.789916996043459, 34.478969577210009 ], [ 79.788566589506729, 34.478996273544837 ], [ 79.788490292514538, 34.478977201684387 ], [ 79.78270721730614, 34.47748184608735 ], [ 79.782035823774962, 34.477329252102962 ], [ 79.781120300318534, 34.47712326044892 ], [ 79.779853815248387, 34.476890562010361 ], [ 79.768836972725424, 34.475914005510511 ], [ 79.767471311790331, 34.475479122879911 ], [ 79.759201050086517, 34.475769041450199 ], [ 79.755371091978503, 34.476360315527195 ], [ 79.743515017541711, 34.476757049886437 ], [ 79.738883971240696, 34.476371767463583 ], [ 79.733665463324684, 34.474205013335357 ], [ 79.733383179228767, 34.473751068844301 ], [ 79.724914550345375, 34.474113462394406 ], [ 79.722976682193732, 34.474052424800661 ], [ 79.718925478033242, 34.474029540478142 ], [ 79.716773988303487, 34.474018098541769 ], [ 79.706993101604255, 34.475063322109811 ], [ 79.702842711129136, 34.474498744367665 ], [ 79.698219299752097, 34.473869322019468 ], [ 79.697143552387217, 34.473888393430222 ], [ 79.695770266977661, 34.473220822810823 ], [ 79.693878177021304, 34.473937989087581 ], [ 79.693061829429908, 34.474384309104266 ], [ 79.684608459944883, 34.474082943597502 ], [ 79.681694030293315, 34.475135806639926 ], [ 79.680442810071298, 34.47615051141107 ], [ 79.678245542146186, 34.477096553664403 ], [ 79.672988890958962, 34.47899627354483 ], [ 79.668922421950398, 34.479061128150974 ], [ 79.668357844657947, 34.478607178659892 ], [ 79.666435240904661, 34.47817611849127 ], [ 79.66532135026857, 34.477302550768137 ], [ 79.664512632151471, 34.477310185242523 ], [ 79.663116452419473, 34.475082393520587 ], [ 79.662002561783297, 34.4751052878431 ], [ 79.660934445737652, 34.475578316131738 ], [ 79.660408024871643, 34.476711271691151 ], [ 79.659057618784587, 34.47718811505505 ], [ 79.654747009850709, 34.480419159611671 ], [ 79.652381898542842, 34.48382949903791 ], [ 79.651313780652345, 34.484077456874928 ], [ 79.647491452468444, 34.48411560014614 ], [ 79.643692018157253, 34.485553745611426 ], [ 79.637580865657654, 34.48535537843177 ], [ 79.629226687487261, 34.485080719709593 ], [ 79.624069216715384, 34.486312868071167 ], [ 79.622055057021242, 34.48620223482007 ], [ 79.620803831349448, 34.486133577751943 ], [ 79.60884094112366, 34.487411499308884 ], [ 79.607116699550048, 34.488128661035418 ], [ 79.602874753133946, 34.489795687477205 ], [ 79.597297669129915, 34.495754240992504 ], [ 79.596229551689106, 34.496208190483564 ], [ 79.593238830495025, 34.496257781140834 ], [ 79.591018673247476, 34.495159149453514 ], [ 79.589088445019911, 34.493606568724744 ], [ 79.58796691445967, 34.492958064516088 ], [ 79.587120058071363, 34.49228286852285 ], [ 79.584938049544689, 34.489948271461579 ], [ 79.58383941330699, 34.488838192837804 ], [ 79.583053589512417, 34.488628383721668 ], [ 79.582801819213415, 34.487895962596866 ], [ 79.580200197454587, 34.485366820817831 ], [ 79.574996948937113, 34.484115600146133 ], [ 79.573905942623469, 34.483440394602567 ], [ 79.572784427063311, 34.482765199059095 ], [ 79.571952820073363, 34.482780453457551 ], [ 79.570869442784414, 34.48213195879913 ], [ 79.567489622155094, 34.481216430342705 ], [ 79.565856936972139, 34.481014250700966 ], [ 79.565292359230071, 34.480560301209998 ], [ 79.564628600622967, 34.480361939030331 ], [ 79.56307220243211, 34.480190273635188 ], [ 79.562530519012498, 34.479732511682037 ], [ 79.56188964427821, 34.479541779426448 ], [ 79.556304930799797, 34.477989198248082 ], [ 79.554122927273241, 34.477378842760331 ], [ 79.552490232090278, 34.477199557441125 ], [ 79.545639038991283, 34.475276943687838 ], [ 79.543464660388679, 34.474395751040639 ], [ 79.540550236186789, 34.47399902168133 ], [ 79.537414545482818, 34.473571778525177 ], [ 79.533889770343492, 34.473438266401246 ], [ 79.528411867654171, 34.471912387007293 ], [ 79.523284916128816, 34.471687318492805 ], [ 79.516975401449443, 34.47141265432095 ], [ 79.513099670146175, 34.470344541880145 ], [ 79.511306766504447, 34.47010040650521 ], [ 79.509317390784219, 34.469835513628063 ], [ 79.50849914764197, 34.469726561468327 ], [ 79.507652281253684, 34.467716218336896 ], [ 79.509452819819387, 34.463378903068168 ], [ 79.520401005274138, 34.451251981921523 ], [ 79.525474549129839, 34.444396976360558 ], [ 79.527290347093924, 34.440990448946714 ], [ 79.528121949083868, 34.432441715609052 ], [ 79.528185288957204, 34.42909769649517 ], [ 79.528289797466698, 34.423580174828324 ], [ 79.527704231675372, 34.4208254339284 ], [ 79.526908872133063, 34.417083739905785 ], [ 79.527084350439878, 34.415702815021916 ], [ 79.528121949083868, 34.413440702041072 ], [ 79.530815122233264, 34.41112899385255 ], [ 79.531623840350335, 34.411113739454102 ], [ 79.531883239674045, 34.410648348026662 ], [ 79.534576417823445, 34.40994644569858 ], [ 79.538513181720518, 34.407093044090509 ], [ 79.539405826304204, 34.406482698153084 ], [ 79.541862484002621, 34.405548097836125 ], [ 79.543479919787146, 34.405292515524806 ], [ 79.548255925148453, 34.405513761577311 ], [ 79.549049378867196, 34.405548097836125 ], [ 79.550605777057953, 34.405620577366321 ], [ 79.559585575564171, 34.406635282137472 ], [ 79.559806827066268, 34.406478881140778 ], [ 79.561195376874224, 34.405464171369537 ], [ 79.561386499195194, 34.404188991122808 ], [ 79.561904908676667, 34.400730131741497 ], [ 79.560714721048413, 34.394870759091233 ], [ 79.560646053530604, 34.39477920770068 ], [ 79.554914810954799, 34.387131239049488 ], [ 79.554862977872531, 34.38706207135295 ], [ 79.553962708814467, 34.38342285095014 ], [ 79.56044769135093, 34.366847995834078 ], [ 79.561950681871949, 34.359989163260707 ], [ 79.562179562848527, 34.358924862832296 ], [ 79.562218957362845, 34.357701891083643 ], [ 79.562347416231276, 34.353713989840358 ], [ 79.561241150069577, 34.338371273535543 ], [ 79.560180507813598, 34.332451748801873 ], [ 79.559829710939113, 34.33049392327937 ], [ 79.559806827066268, 34.329479218957907 ], [ 79.559555056767266, 34.327903743906695 ], [ 79.562797543260359, 34.319824214458535 ], [ 79.570281981169515, 34.31249618254607 ], [ 79.575714110663554, 34.299282077098169 ], [ 79.590080265468515, 34.281661988863739 ], [ 79.590621949337844, 34.281425472963114 ], [ 79.591099067115124, 34.280239823342754 ], [ 79.59189605843271, 34.278259278462293 ], [ 79.592147828731697, 34.277133940889748 ], [ 79.590881348661554, 34.273155216259362 ], [ 79.590011598400395, 34.268669129018569 ], [ 79.590263368249722, 34.268253328248484 ], [ 79.587982178858113, 34.259330749874017 ], [ 79.587196355063568, 34.253463747749365 ], [ 79.587417601116059, 34.251873013299686 ], [ 79.585723878339351, 34.239936824408716 ], [ 79.584213253343862, 34.23384857578187 ], [ 79.57917785820915, 34.22465133323557 ], [ 79.572372438305536, 34.218368530340726 ], [ 79.571586609510888, 34.218166350699093 ], [ 79.569198609330257, 34.215980529710428 ], [ 79.567008975879531, 34.215339655425858 ], [ 79.564804073480104, 34.213333129756329 ], [ 79.562614440479052, 34.212913516524253 ], [ 79.561790467963604, 34.212917328986244 ], [ 79.560699466649936, 34.212268829777599 ], [ 79.559616084360997, 34.211620330568863 ], [ 79.552001951340273, 34.211112977958464 ], [ 79.550064083638347, 34.210613250272111 ], [ 79.548942563078086, 34.209964751063467 ], [ 79.546401978913082, 34.204124450273639 ], [ 79.544464115761372, 34.202793120597356 ], [ 79.543640138245905, 34.202808379995815 ], [ 79.543357849599673, 34.202350613042761 ], [ 79.540069579911318, 34.201045995150999 ], [ 79.537094118115675, 34.201320643873167 ], [ 79.535789489774245, 34.202186582122003 ], [ 79.534202572786654, 34.203250882550414 ], [ 79.531173707871673, 34.205242153371806 ], [ 79.530097960506808, 34.205486293746745 ], [ 79.529029848065989, 34.205734251583756 ], [ 79.528755183894134, 34.206199648011193 ], [ 79.528221130398578, 34.206890102953139 ], [ 79.52613067826249, 34.207294462236611 ], [ 79.525619503639774, 34.207756041201982 ], [ 79.519577028208275, 34.208354949753343 ], [ 79.518180848476263, 34.207710263006696 ], [ 79.514076231646044, 34.206638333103811 ], [ 79.512168886025719, 34.206439967385116 ], [ 79.511901852593837, 34.205986021433091 ], [ 79.511077880527964, 34.206001280831543 ], [ 79.50720977369906, 34.201301577462409 ], [ 79.494758603172912, 34.175483701604669 ], [ 79.491798400326047, 34.162197116626572 ], [ 79.492042540700993, 34.161277770708054 ], [ 79.491050720252375, 34.15748214340929 ], [ 79.489700313715645, 34.152721407446407 ], [ 79.489952088564962, 34.152046201902856 ], [ 79.489578161396366, 34.149876201685913 ], [ 79.489021300710093, 34.146644591205629 ], [ 79.489257816161043, 34.144367218826417 ], [ 79.494026182047989, 34.136627198605844 ], [ 79.494049736115571, 34.136451696031244 ], [ 79.494728084375993, 34.131397243753455 ], [ 79.493255617651798, 34.12934875235073 ], [ 79.487236026542831, 34.121788027449362 ], [ 79.477668760971952, 34.112255098137474 ], [ 79.472549439370638, 34.107067109018381 ], [ 79.468116764979982, 34.10306549721512 ], [ 79.467422487845283, 34.102939602865689 ], [ 79.466873164501578, 34.102951049802151 ], [ 79.466102600105458, 34.10180664036907 ], [ 79.46121978395513, 34.09751510829571 ], [ 79.459838868621475, 34.09714126780915 ], [ 79.456817623630485, 34.09529495104816 ], [ 79.450256348652218, 34.092475895698911 ], [ 79.446197515017332, 34.092079161339591 ], [ 79.441795349692796, 34.090114591853045 ], [ 79.434188841596168, 34.088848111782887 ], [ 79.432548521489224, 34.08819961757424 ], [ 79.43033599916572, 34.086441040191417 ], [ 79.429710384279531, 34.085510251886852 ], [ 79.429161070935834, 34.085517886810919 ], [ 79.424743651212921, 34.078136447228779 ], [ 79.42033386096432, 34.073677061322904 ], [ 79.419555662093742, 34.071681978039521 ], [ 79.416336059923154, 34.063087461506576 ], [ 79.414405821245907, 34.058753968699854 ], [ 79.414363012724991, 34.057097293966528 ], [ 79.414215083990328, 34.051372529117714 ], [ 79.414474488763716, 34.050453188199192 ], [ 79.415260317558293, 34.049316408240593 ], [ 79.417930606385212, 34.047916411046586 ], [ 79.420310972091485, 34.043590542714249 ], [ 79.421401978854803, 34.043346402339225 ], [ 79.422477721219678, 34.043098449951884 ], [ 79.424629210499759, 34.04127502706374 ], [ 79.430015566798602, 34.038948054476776 ], [ 79.432098385282231, 34.035285955350517 ], [ 79.435028073060479, 34.0325355564704 ], [ 79.436363220198757, 34.03024292014242 ], [ 79.436770853250607, 34.028587687698597 ], [ 79.437873845194261, 34.024108883320288 ], [ 79.437599181022406, 34.023445129713188 ], [ 79.433723449719039, 34.018531799765931 ], [ 79.427101132596718, 34.013645171153513 ], [ 79.426559449177006, 34.012985229558723 ], [ 79.425849917374634, 34.012920379952583 ], [ 79.420524593669583, 34.010124208476185 ], [ 79.42023467509928, 34.010051728496393 ], [ 79.419692991679653, 34.009914398910468 ], [ 79.414299010456901, 34.010417939058897 ], [ 79.412132266778286, 34.011119841386879 ], [ 79.407028199125762, 34.015739440301836 ], [ 79.405723570784318, 34.017784119242577 ], [ 79.405738835182774, 34.018905639802725 ], [ 79.404396058570114, 34.019382478616222 ], [ 79.40389251842177, 34.020065308634173 ], [ 79.400619503581453, 34.021255491712232 ], [ 79.399841314261295, 34.022163390694267 ], [ 79.398742678023567, 34.0226364165961 ], [ 79.392944332967019, 34.023677828151754 ], [ 79.391639704625661, 34.024780276851459 ], [ 79.382278441158505, 34.026702880604724 ], [ 79.380935669545849, 34.027412412407109 ], [ 79.375640869637735, 34.028953551199422 ], [ 79.372474670136839, 34.029304502363466 ], [ 79.369560245934935, 34.029865267643544 ], [ 79.366622922410613, 34.030437469860075 ], [ 79.365379331662908, 34.030662533374574 ], [ 79.35630035684207, 34.032051088182513 ], [ 79.355613709362132, 34.032444005079839 ], [ 79.355514528047507, 34.032501220211493 ], [ 79.353530886700497, 34.032524104534019 ], [ 79.353057860798586, 34.032531739008412 ], [ 79.344909663832709, 34.03333663966351 ], [ 79.341674807263701, 34.034065248326343 ], [ 79.332855227216257, 34.035240171556246 ], [ 79.32508850066084, 34.0358047492984 ], [ 79.324081420364081, 34.035869599354129 ], [ 79.321083069245944, 34.036602015029338 ], [ 79.310844425593658, 34.037952421566075 ], [ 79.305938715570377, 34.038600920774805 ], [ 79.297142029395772, 34.038715366487892 ], [ 79.296981810937012, 34.038719178500195 ], [ 79.294517513764205, 34.038311007204499 ], [ 79.284439088570679, 34.035511018266014 ], [ 79.274383547249926, 34.034976959770454 ], [ 79.272651676200155, 34.035530085132145 ], [ 79.272224423045756, 34.035667419712475 ], [ 79.268989566476748, 34.038909911205472 ], [ 79.268783569822702, 34.039558410414209 ], [ 79.264450076566291, 34.041423793586041 ], [ 79.264183042318521, 34.041893007475473 ], [ 79.263641358898894, 34.042560578544652 ], [ 79.262817381383329, 34.042575832943108 ], [ 79.262580870932453, 34.043033604896173 ], [ 79.260383608007345, 34.043903355606993 ], [ 79.260162351954847, 34.043991089535567 ], [ 79.258262632074491, 34.044219970512046 ], [ 79.253486631713059, 34.045383456805567 ], [ 79.252937318369447, 34.045856472707392 ], [ 79.251037598938723, 34.045879367029926 ], [ 79.247718805876474, 34.046867374506469 ], [ 79.237922669355754, 34.046760559677125 ], [ 79.236854556804104, 34.047233574828724 ], [ 79.231170657121808, 34.048179623281982 ], [ 79.222961428011786, 34.048290251533075 ], [ 79.219779964112533, 34.048332212266359 ], [ 79.213775637401938, 34.047763822062215 ], [ 79.211029051582798, 34.046722410956242 ], [ 79.210250852262618, 34.046428680373531 ], [ 79.206985476896776, 34.046012879153778 ], [ 79.200714115488722, 34.046478270581211 ], [ 79.198837279930714, 34.047035218848983 ], [ 79.198036196737704, 34.046813962346796 ], [ 79.19371795832943, 34.05027389243039 ], [ 79.188697812593162, 34.057342529569389 ], [ 79.187896734400042, 34.057582857482338 ], [ 79.183189391106822, 34.061874390005471 ], [ 79.179862978147241, 34.065822605838932 ], [ 79.178817749579196, 34.067649840739477 ], [ 79.177200318794689, 34.068130496565374 ], [ 79.171218875956939, 34.068439481996123 ], [ 79.168220519838783, 34.067329403372348 ], [ 79.167060851007335, 34.063705442367997 ], [ 79.164878847480765, 34.062175750512139 ], [ 79.162635801810055, 34.062072756735439 ], [ 79.161071778695316, 34.062000277205328 ], [ 79.153488155179446, 34.063880924353924 ], [ 79.151611328913503, 34.063678745583559 ], [ 79.149627687566479, 34.060756686457616 ], [ 79.149078364672462, 34.058746338775769 ], [ 79.147285460581131, 34.041664121948585 ], [ 79.147163390393672, 34.040885922628412 ], [ 79.146018980960591, 34.038646698970084 ], [ 79.143745421043363, 34.030773161625589 ], [ 79.138809202223356, 34.025711059706339 ], [ 79.135795591706753, 34.022830961763361 ], [ 79.13523101396467, 34.022377012272379 ], [ 79.134399411974755, 34.022163390694274 ], [ 79.132446289424664, 34.020511628650858 ], [ 79.131362912585402, 34.020294189610759 ], [ 79.131080628939145, 34.019851687505756 ], [ 79.122375484155114, 34.018356326459021 ], [ 79.12181091641304, 34.017902376968053 ], [ 79.121566776038009, 34.017807003565018 ], [ 79.120178221230077, 34.017257690221406 ], [ 79.116645811616365, 34.017089846838566 ], [ 79.112571713133434, 34.015304567671308 ], [ 79.102333069481119, 34.015411373460324 ], [ 79.10015869087853, 34.015872952875455 ], [ 79.095481876382138, 34.015972138740402 ], [ 79.089233399296603, 34.017429351066227 ], [ 79.084083558448796, 34.017486576197882 ], [ 79.082740781836051, 34.01794433815094 ], [ 79.082473757588275, 34.018409729578472 ], [ 79.078437807376531, 34.019817351246857 ], [ 79.077064516966971, 34.019828793183322 ], [ 79.071640012396998, 34.021018980811597 ], [ 79.065734866551423, 34.023822782212065 ], [ 79.061935422240239, 34.024284366177511 ], [ 79.059226989692405, 34.025928493746441 ], [ 79.057304380939229, 34.02650451342506 ], [ 79.056884767707075, 34.026508325437376 ], [ 79.056510927670175, 34.026512147899453 ], [ 79.056411741805249, 34.026668544345824 ], [ 79.056236268498438, 34.026950832992064 ], [ 79.055572509891249, 34.027015688047797 ], [ 79.054916380758513, 34.027080533103508 ], [ 79.05472564350292, 34.027332302952928 ], [ 79.054397586661324, 34.02777481050753 ], [ 79.054122927489573, 34.028244019397043 ], [ 79.051422114416098, 34.029426572550939 ], [ 79.04885864137826, 34.029941559635738 ], [ 79.046829226835968, 34.030353547943825 ], [ 79.04441833233281, 34.031295778184756 ], [ 79.043853765040353, 34.032047270720518 ], [ 79.042526242376468, 34.033805848552952 ], [ 79.041282652078436, 34.034172054115444 ], [ 79.040901182117565, 34.034286499378837 ], [ 79.040100103924544, 34.03429031184092 ], [ 79.037437439571974, 34.036800382209009 ], [ 79.036064149162399, 34.037281038034905 ], [ 79.034690853303246, 34.037757876848403 ], [ 79.033668514057709, 34.039562222876192 ], [ 79.031776424101366, 34.040275576690959 ], [ 79.030158993316846, 34.040748593042473 ], [ 79.028022762985543, 34.043941498878205 ], [ 79.02586364878141, 34.044639588744296 ], [ 79.025054930664311, 34.044651030680676 ], [ 79.023445129803875, 34.045562747124791 ], [ 79.022354128040547, 34.04649734744175 ], [ 79.01750183068701, 34.046112060468488 ], [ 79.014755244418282, 34.045894621428296 ], [ 79.008453364662984, 34.042797089445209 ], [ 79.006904600946598, 34.042625428600381 ], [ 79.004913336103712, 34.04240798426806 ], [ 79.003494261520444, 34.041774749750005 ], [ 78.99980926747277, 34.04019165522439 ], [ 78.998977657310519, 34.040191656816276 ], [ 78.998168947815429, 34.039516449680917 ], [ 78.996711725489575, 34.039237973047072 ], [ 78.993171695951887, 34.037559509668746 ], [ 78.992095943587003, 34.037567139143228 ], [ 78.987213137436569, 34.036502839164314 ], [ 78.986930848790337, 34.036064144071787 ], [ 78.986099241800403, 34.036075596008182 ], [ 78.985839847026995, 34.03561782905512 ], [ 78.980934146554134, 34.033630370695718 ], [ 78.979537966822122, 34.032516474609949 ], [ 78.97841644126197, 34.031612393089894 ], [ 78.97468566946857, 34.031196592319823 ], [ 78.973258970939654, 34.031005859614545 ], [ 78.970046993693174, 34.029991149843404 ], [ 78.968681332757981, 34.029312136837852 ], [ 78.967819211971232, 34.029026035729622 ], [ 78.965362549272712, 34.028591158099005 ], [ 78.964263918035087, 34.02859878257339 ], [ 78.963165281797359, 34.02794647090267 ], [ 78.961814885260637, 34.027732849774239 ], [ 78.959098817788728, 34.02640533211035 ], [ 78.958816529142496, 34.025947570606981 ], [ 78.957458498131373, 34.025970454479733 ], [ 78.953926088068059, 34.025108338692974 ], [ 78.952812192431978, 34.024459839484329 ], [ 78.952003474314878, 34.024471281420709 ], [ 78.948966979925515, 34.022460933738969 ], [ 78.943267821183596, 34.020477292391959 ], [ 78.942192073818717, 34.020492551790419 ], [ 78.941635136000627, 34.019802096848387 ], [ 78.940551753711688, 34.019611359143127 ], [ 78.937828061765458, 34.016120905262802 ], [ 78.932502748510032, 34.007709501511052 ], [ 78.927154540482547, 33.994667056458297 ], [ 78.92341613876512, 33.989284512621524 ], [ 78.91968536197183, 33.984775546507976 ], [ 78.916023252246575, 33.981334683284913 ], [ 78.911338803275783, 33.97693633497277 ], [ 78.91088867579721, 33.976528163676988 ], [ 78.910003661137523, 33.976222991157996 ], [ 78.908973691968001, 33.975864410069882 ], [ 78.908180238249344, 33.975875857455954 ], [ 78.90624237009763, 33.973178861844566 ], [ 78.905795474644904, 33.972138059138956 ], [ 78.905662538406801, 33.971828455307858 ], [ 78.905082706266185, 33.967536923234405 ], [ 78.906669613253868, 33.9645576489768 ], [ 78.907989500993665, 33.962753292949003 ], [ 78.911201478689861, 33.959770206229408 ], [ 78.911758426507959, 33.959762576755026 ], [ 78.91202545075582, 33.959095000685842 ], [ 78.913887021915272, 33.958152765444815 ], [ 78.914421080860507, 33.957256318399153 ], [ 78.917930601601384, 33.955852509192759 ], [ 78.918754573667258, 33.954925533350185 ], [ 78.919265748739647, 33.954463959384825 ], [ 78.919815061633656, 33.954456329460761 ], [ 78.92114257384786, 33.952877042397141 ], [ 78.922187807415909, 33.950607294941911 ], [ 78.922721866361172, 33.949459073046924 ], [ 78.927650450706892, 33.940795898996178 ], [ 78.928146360931251, 33.939926148735033 ], [ 78.934295657151736, 33.929122927340593 ], [ 78.936981200377161, 33.922817230123329 ], [ 78.940193178073343, 33.920303347293149 ], [ 78.945648191889916, 33.919551849757397 ], [ 78.947820269873873, 33.916922823864411 ], [ 78.948295591843944, 33.916347506985304 ], [ 78.949340819962316, 33.9122619665659 ], [ 78.948783872144219, 33.911373138994627 ], [ 78.947692870380962, 33.910930631889627 ], [ 78.946861268391032, 33.910705568375128 ], [ 78.9457411494528, 33.90834643867457 ], [ 78.945495602905524, 33.907829282444553 ], [ 78.943771366331916, 33.904186249579752 ], [ 78.949676516727891, 33.898933410404915 ], [ 78.952667233371656, 33.897998815087959 ], [ 78.954483036335731, 33.894573210813668 ], [ 78.954633640271808, 33.893490073038286 ], [ 78.955238341333569, 33.889141086319626 ], [ 78.954776669811395, 33.887987931123149 ], [ 78.953521729234339, 33.884853361708181 ], [ 78.96169281507315, 33.86664199394707 ], [ 78.967750554453417, 33.855270382798189 ], [ 78.972801209436298, 33.847732546769663 ], [ 78.973350522330307, 33.847499848780778 ], [ 78.97393798894521, 33.846893310305425 ], [ 78.975212098489749, 33.845447540365747 ], [ 78.979461669829902, 33.838161464186555 ], [ 78.980232234226122, 33.836128237631883 ], [ 78.994941705720763, 33.810310361774228 ], [ 79.000808717845345, 33.798976893896537 ], [ 79.00453186016432, 33.794193269060827 ], [ 79.006446838993526, 33.793258663294168 ], [ 79.007789611055884, 33.793239591883413 ], [ 79.008323669551444, 33.793689728912398 ], [ 79.01564788900194, 33.794067381411274 ], [ 79.016787414255745, 33.794522661491129 ], [ 79.017280579184813, 33.794719698081991 ], [ 79.019180299065241, 33.794464115770587 ], [ 79.019706728086419, 33.792434691228308 ], [ 79.019424439440172, 33.791748048298771 ], [ 79.01375423083725, 33.784716582536333 ], [ 79.013084410964083, 33.783885957890732 ], [ 79.012512208297849, 33.782535551354009 ], [ 79.013534547993075, 33.779144288338621 ], [ 79.015037533514104, 33.776893612743841 ], [ 79.016738895765187, 33.774345394104451 ], [ 79.020187373912307, 33.771381374245209 ], [ 79.021286010150021, 33.770908357893695 ], [ 79.024528506643122, 33.770866392160407 ], [ 79.02860259512606, 33.772850033507417 ], [ 79.030883789517674, 33.77759933253391 ], [ 79.031951906958554, 33.779159542737084 ], [ 79.034126286010746, 33.779361722378731 ], [ 79.034912114805408, 33.778659820500337 ], [ 79.036018365967124, 33.778415680125391 ], [ 79.036544799988363, 33.777519223079736 ], [ 79.03784179840568, 33.772277830841276 ], [ 79.0389404246434, 33.769474029890482 ], [ 79.040748593133173, 33.766349791122792 ], [ 79.04321289030608, 33.763088223218951 ], [ 79.044891358684325, 33.762081147922203 ], [ 79.047241210593725, 33.761772152941127 ], [ 79.049606321451932, 33.762310023898763 ], [ 79.050804134004267, 33.763282777936617 ], [ 79.05184173309793, 33.765506747196483 ], [ 79.052940369335559, 33.770847325299975 ], [ 79.053825378995271, 33.774070739932597 ], [ 79.055358888313094, 33.775463107202526 ], [ 79.057235713871108, 33.776565550902319 ], [ 79.058921812173395, 33.776821138213641 ], [ 79.060249334387606, 33.775966647350948 ], [ 79.061219756736037, 33.774149900776266 ], [ 79.061233515361849, 33.774124142602268 ], [ 79.061531068406524, 33.772010806593407 ], [ 79.061530389076708, 33.772003013150268 ], [ 79.061126709572818, 33.767372130818011 ], [ 79.061279298557196, 33.765399931407458 ], [ 79.062263484531442, 33.763706203630768 ], [ 79.065422059108258, 33.761131288206869 ], [ 79.067573543838023, 33.758995057875481 ], [ 79.067866493801858, 33.758184258759719 ], [ 79.068542480413896, 33.75631332711226 ], [ 79.069007871841322, 33.753498073775305 ], [ 79.068473812896087, 33.752090452106934 ], [ 79.066444398353795, 33.750850673821297 ], [ 79.064247135878446, 33.750316619876052 ], [ 79.06204986295333, 33.750061032564645 ], [ 79.061203006565023, 33.749366760160626 ], [ 79.060630799348473, 33.749004362060219 ], [ 79.059669492247011, 33.748394016122774 ], [ 79.059226989692391, 33.748340603453109 ], [ 79.056457524550922, 33.748012541161913 ], [ 79.052421574788781, 33.747779848173032 ], [ 79.050224302313353, 33.747386931275706 ], [ 79.04922485194065, 33.747070311370571 ], [ 79.047683717698646, 33.746578218158618 ], [ 79.04482269161619, 33.746192931185355 ], [ 79.042953490532668, 33.745361329195418 ], [ 79.042523892819901, 33.744412433618905 ], [ 79.042259218128677, 33.743827819877481 ], [ 79.041404722265881, 33.742424015671091 ], [ 79.04170990478498, 33.740600582782854 ], [ 79.042262648344249, 33.73914831604791 ], [ 79.042518612902072, 33.73847579983763 ], [ 79.043319706095076, 33.736068722796475 ], [ 79.043128968839497, 33.734111787784386 ], [ 79.042678831360746, 33.733489989910581 ], [ 79.041923526363078, 33.732433319406148 ], [ 79.039039615958103, 33.730777740350341 ], [ 79.036315919011813, 33.72898101424672 ], [ 79.033927918831083, 33.727382664872962 ], [ 79.032768254550049, 33.726909638521462 ], [ 79.026206970021363, 33.71831512743821 ], [ 79.023086548715739, 33.711795803642815 ], [ 79.021468876723731, 33.705277262192368 ], [ 79.020507811279444, 33.70140457055647 ], [ 79.024192804877529, 33.693649290937522 ], [ 79.028968810688554, 33.68748092330619 ], [ 79.03494262360222, 33.682651519825427 ], [ 79.03807067438224, 33.680122377596796 ], [ 79.041572570199051, 33.6789779681638 ], [ 79.042388917790532, 33.678276060835813 ], [ 79.04399108962626, 33.677227020255366 ], [ 79.044532773045901, 33.676872256629416 ], [ 79.045333866238906, 33.67686080469295 ], [ 79.053947454182719, 33.673809050905234 ], [ 79.057174681277274, 33.673652654458763 ], [ 79.057556151238217, 33.673633572598327 ], [ 79.060852050400982, 33.673473354139567 ], [ 79.064750670577084, 33.67324447816307 ], [ 79.071807860779799, 33.674751280696498 ], [ 79.076217650578656, 33.678562166944033 ], [ 79.07806396733973, 33.679199219216294 ], [ 79.08058166763189, 33.680065152465048 ], [ 79.080825808006921, 33.680522914418198 ], [ 79.081390385299386, 33.680976863909173 ], [ 79.083442684164126, 33.682220464656886 ], [ 79.083999631982209, 33.682880405801988 ], [ 79.085456843855056, 33.68365859516809 ], [ 79.08574676242857, 33.683818813580942 ], [ 79.086280821373819, 33.684101102227174 ], [ 79.089546206739655, 33.684055329031821 ], [ 79.089820860911502, 33.683589937604374 ], [ 79.091156008049765, 33.682659149749483 ], [ 79.091702790891816, 33.678376736352078 ], [ 79.092109680227196, 33.675189970789098 ], [ 79.091537478010721, 33.67156982224683 ], [ 79.09073851893227, 33.658546821290699 ], [ 79.090469360120224, 33.654159543128522 ], [ 79.09044647124739, 33.652782440256871 ], [ 79.090629579028601, 33.652008053398674 ], [ 79.09145355109446, 33.648464201398916 ], [ 79.096366881041732, 33.633441927461234 ], [ 79.100799565163172, 33.625858308237426 ], [ 79.105300901802266, 33.618167878674143 ], [ 79.105938342673554, 33.616132229720215 ], [ 79.107055667172787, 33.612564088335361 ], [ 79.106834410670601, 33.612033841852103 ], [ 79.107086180969603, 33.610443112402429 ], [ 79.106552122024354, 33.609764099396877 ], [ 79.10544585490716, 33.609336857495016 ], [ 79.099533080542614, 33.609405513758439 ], [ 79.099487307347346, 33.609405513758439 ], [ 79.098312374117427, 33.609928130767315 ], [ 79.093315122253912, 33.612201690234855 ], [ 79.09249114973845, 33.612205502696931 ], [ 79.091705320943888, 33.612907410024924 ], [ 79.087646482308998, 33.613162992336328 ], [ 79.083900455667475, 33.615047452368607 ], [ 79.074188231036359, 33.617191312174299 ], [ 79.072334289800978, 33.61878204662397 ], [ 79.069351193081289, 33.619506832824797 ], [ 79.067489621921752, 33.621578218100368 ], [ 79.065361026514537, 33.622501371480872 ], [ 79.060089115479158, 33.622817996386019 ], [ 79.04778289901337, 33.623405458450613 ], [ 79.044784542895215, 33.623207091270942 ], [ 79.042861944142032, 33.622085570710787 ], [ 79.040969849185657, 33.621673581953011 ], [ 79.035072323264103, 33.62220382843627 ], [ 79.030136108994398, 33.621799469602564 ], [ 79.030097965723101, 33.621765133343658 ], [ 79.02960967997312, 33.621364596971944 ], [ 79.027717590016849, 33.621158604868221 ], [ 79.024444585249285, 33.619842533922302 ], [ 79.023979183299417, 33.619544981545779 ], [ 79.023368832811656, 33.619163511584922 ], [ 79.020095827521658, 33.619205472318114 ], [ 79.019287104854243, 33.618545531173105 ], [ 79.019004825758415, 33.618087769219954 ], [ 79.014129639532044, 33.616760257005751 ], [ 79.013847350436123, 33.616329191387536 ], [ 79.010322570296879, 33.614669799869745 ], [ 79.005683899521387, 33.612586977657799 ], [ 78.999679562810783, 33.607894898762957 ], [ 78.996978759737317, 33.607231145155936 ], [ 78.989898680661867, 33.606876371529822 ], [ 78.984504699888689, 33.607833861169219 ], [ 78.983963011469072, 33.608276368723907 ], [ 78.982887269104268, 33.608291623122355 ], [ 78.979675291408014, 33.609477998288661 ], [ 78.978332514795341, 33.610187530091032 ], [ 78.977226258633564, 33.610195155015091 ], [ 78.971870426131701, 33.611595151759495 ], [ 78.971328732712067, 33.61206436064893 ], [ 78.968399044111734, 33.612575530721415 ], [ 78.96067810030199, 33.613918307334082 ], [ 78.953811642804638, 33.615894318756922 ], [ 78.94976043864412, 33.616401671367342 ], [ 78.948974609849472, 33.617088318847273 ], [ 78.946540836473474, 33.618465421718831 ], [ 78.945747377754827, 33.618476863655296 ], [ 78.941429138896865, 33.620113371300249 ], [ 78.9359970098525, 33.623352050331249 ], [ 78.932556151179739, 33.624523161548773 ], [ 78.928001406870905, 33.627059938251776 ], [ 78.924217221958187, 33.627559660938125 ], [ 78.922340391400283, 33.628940581271763 ], [ 78.919227600018644, 33.629272455575354 ], [ 78.916694635777688, 33.628028869827638 ], [ 78.915889819812449, 33.626421980177497 ], [ 78.91445922913168, 33.623565671909368 ], [ 78.915283201647242, 33.621856684734304 ], [ 78.917053221416126, 33.618114475554883 ], [ 78.917053221416126, 33.617634398621206 ], [ 78.917053221416126, 33.611995693580809 ], [ 78.916286413659265, 33.602444964695444 ], [ 78.915946960254345, 33.59821701039084 ], [ 78.91715240728108, 33.592288970672364 ], [ 78.917541502166003, 33.589984891958309 ], [ 78.917770387692897, 33.589290619554298 ], [ 78.917915167383001, 33.587000963388036 ], [ 78.918182376450659, 33.582775117771313 ], [ 78.917022702619207, 33.57622528017901 ], [ 78.917282107392708, 33.57530593926051 ], [ 78.916458129877142, 33.575317381196975 ], [ 78.916032883300886, 33.57397827340894 ], [ 78.915306095520066, 33.571689607730626 ], [ 78.91514587706132, 33.57005310008568 ], [ 78.915809630668406, 33.568298344715245 ], [ 78.917823790812236, 33.566963193026666 ], [ 78.920944217117864, 33.565525052561284 ], [ 78.92144775681659, 33.564395907077049 ], [ 78.924911499362111, 33.560722350415432 ], [ 78.926910394784088, 33.55671692441922 ], [ 78.927177429804942, 33.556041718906748 ], [ 78.927032470295032, 33.555465699228208 ], [ 78.927833558488061, 33.555461881766227 ], [ 78.9287796061911, 33.552734377357929 ], [ 78.931396482348291, 33.545082091065936 ], [ 78.940574648034158, 33.522266383788335 ], [ 78.941574093406842, 33.517028804461553 ], [ 78.942448207686652, 33.508318150440097 ], [ 78.942779545433581, 33.505016328578392 ], [ 78.941551209084423, 33.496200560543258 ], [ 78.941818233781802, 33.495300291485293 ], [ 78.939796448713977, 33.490020750975553 ], [ 78.939239505895884, 33.489128111391871 ], [ 78.938186642853537, 33.486724856812799 ], [ 78.937103275564581, 33.486278531796117 ], [ 78.93601989372533, 33.484703067194587 ], [ 78.932487489111608, 33.473854062604865 ], [ 78.931465149416411, 33.469585419404268 ], [ 78.931035950902327, 33.464215535286719 ], [ 78.930793765885227, 33.461185457588904 ], [ 78.932205200015702, 33.444087980913665 ], [ 78.932883488453896, 33.440052180087861 ], [ 78.932891847945328, 33.440002440494261 ], [ 78.932890738304138, 33.439961457025994 ], [ 78.932769777757841, 33.435493464830401 ], [ 78.933334350499905, 33.428531643480412 ], [ 78.936935427181766, 33.416812898179778 ], [ 78.940002440817622, 33.40879058431306 ], [ 78.940322878184759, 33.408077240048605 ], [ 78.94219207381866, 33.406471251200472 ], [ 78.943527225956942, 33.405757906936017 ], [ 78.950004579019051, 33.404098505418311 ], [ 78.95143890702235, 33.399318692594896 ], [ 78.951644898676406, 33.386623381244107 ], [ 78.953651423896147, 33.376861570955725 ], [ 78.954734806185101, 33.37591934616438 ], [ 78.956069948323389, 33.375698089662194 ], [ 78.959045410119003, 33.374073029403299 ], [ 78.960098268161346, 33.373378756999379 ], [ 78.966285707653242, 33.372173309522879 ], [ 78.968711851554858, 33.371246339130082 ], [ 78.969703672003476, 33.369876860732894 ], [ 78.971847532258835, 33.364398958043495 ], [ 78.972267150491007, 33.360698700047038 ], [ 78.972335817559127, 33.360084531647523 ], [ 78.972045899438498, 33.358726500636408 ], [ 78.972557064061306, 33.356239319590763 ], [ 78.973846437554613, 33.354656214615474 ], [ 78.974403380822309, 33.354648590141089 ], [ 78.980270382946983, 33.351634979624571 ], [ 78.983131409479199, 33.341831203602823 ], [ 78.985893249696716, 33.335723878565297 ], [ 78.989166256168531, 33.329277045129501 ], [ 78.989952083781205, 33.328601838756462 ], [ 78.992385862157178, 33.327445981937409 ], [ 78.993431090725224, 33.326530458480981 ], [ 78.996391298122404, 33.326267241245503 ], [ 78.996940611466101, 33.326702118876128 ], [ 79.000457761681346, 33.327354430546848 ], [ 79.001045228745966, 33.327621454794624 ], [ 79.003379820807226, 33.327758789380553 ], [ 79.006942749667445, 33.327968598496597 ], [ 79.01238250863598, 33.330387112923809 ], [ 79.013450626076775, 33.330379482999739 ], [ 79.015892029376857, 33.330577850179488 ], [ 79.016448972194851, 33.331237791324497 ], [ 79.017784119333228, 33.331226349388125 ], [ 79.02104187022465, 33.328609463230841 ], [ 79.022323609243685, 33.328014376691954 ], [ 79.023933410104121, 33.327533720866064 ], [ 79.025794981263559, 33.325027462959874 ], [ 79.030891419441716, 33.323120118605154 ], [ 79.03229522864811, 33.322181700826114 ], [ 79.035423279428102, 33.319889069498124 ], [ 79.036758421566375, 33.319667812995945 ], [ 79.037582393632263, 33.31965255859749 ], [ 79.041870113693392, 33.316654202479434 ], [ 79.042938231134201, 33.316436768889012 ], [ 79.043472285079446, 33.315738679023006 ], [ 79.045082090939886, 33.315258023197025 ], [ 79.046340941085973, 33.315052031093387 ], [ 79.046600340859371, 33.314594269590003 ], [ 79.048027039388288, 33.314319615418071 ], [ 79.05393981470823, 33.311740877532181 ], [ 79.061927792765843, 33.305519106781489 ], [ 79.067298889666148, 33.303653718609645 ], [ 79.069969173493092, 33.302700041432239 ], [ 79.07103729138359, 33.302021028426687 ], [ 79.071655271795407, 33.302013398502609 ], [ 79.072677611040845, 33.30200195656623 ], [ 79.073524477429231, 33.301574703410004 ], [ 79.074607849718177, 33.300922391739284 ], [ 79.076461790953573, 33.299953460163522 ], [ 79.077491760123166, 33.29966354704289 ], [ 79.078315732638742, 33.299652104656829 ], [ 79.078552248089693, 33.299209597551815 ], [ 79.078788751316822, 33.298744195836427 ], [ 79.086585999342475, 33.295703888823354 ], [ 79.089233399296575, 33.293415069957376 ], [ 79.091392513500708, 33.292926784207395 ], [ 79.096252440778315, 33.291053771111486 ], [ 79.097305298820672, 33.290344239309022 ], [ 79.102699280043495, 33.289867400495517 ], [ 79.110748290694829, 33.287689209430944 ], [ 79.112335207682435, 33.287502289187749 ], [ 79.112907414898984, 33.287437439581609 ], [ 79.118843079091775, 33.287818904542476 ], [ 79.123664858098067, 33.286632538926504 ], [ 79.125022889109189, 33.28594589099697 ], [ 79.125999450159441, 33.285812378873025 ], [ 79.126136784745356, 33.285793302012586 ], [ 79.126884460268712, 33.285686496673172 ], [ 79.134208684719113, 33.285827638271485 ], [ 79.139923092859391, 33.287647243697648 ], [ 79.140205381505638, 33.287738795088288 ], [ 79.14421844239493, 33.288421630555838 ], [ 79.148384097301204, 33.288322454255329 ], [ 79.150199895232674, 33.288299560368372 ], [ 79.158271794756772, 33.287479400314901 ], [ 79.163864132709591, 33.285911560187742 ], [ 79.166305546009653, 33.285881041390837 ], [ 79.167190550669261, 33.286376951615104 ], [ 79.168998719159035, 33.286724090317144 ], [ 79.170616149943555, 33.286705013456704 ], [ 79.174926758877447, 33.289161681155122 ], [ 79.176864627029076, 33.29026794731692 ], [ 79.177185059396223, 33.290248870456473 ], [ 79.186309812412418, 33.289684297714324 ], [ 79.189804078754818, 33.288299560368365 ], [ 79.192230227206736, 33.288139341459917 ], [ 79.192535400175501, 33.28812027504916 ], [ 79.194122317163107, 33.288013459260142 ], [ 79.203826902319832, 33.28788757161059 ], [ 79.208564758960293, 33.288101193188702 ], [ 79.210556035231278, 33.288539888281321 ], [ 79.213523867552496, 33.289192199952041 ], [ 79.216674802205347, 33.289451599725439 ], [ 79.219055177911585, 33.289989470683068 ], [ 79.222351077074336, 33.290729521282273 ], [ 79.228820800212361, 33.291732784117052 ], [ 79.229728699194496, 33.291873936164961 ], [ 79.230865474153092, 33.292049409022184 ], [ 79.234642029591441, 33.293609619674939 ], [ 79.238418579580085, 33.293102267064526 ], [ 79.240608217581141, 33.293537140144842 ], [ 79.250282288940966, 33.29156112327221 ], [ 79.255615232120377, 33.289009092170751 ], [ 79.255874631893775, 33.288543700743396 ], [ 79.261528017440298, 33.287136079074919 ], [ 79.264450076566277, 33.285041809476837 ], [ 79.267433168285976, 33.284564971113006 ], [ 79.275329594952893, 33.281055450372151 ], [ 79.277847289795474, 33.279888156616636 ], [ 79.279411317910245, 33.279586796109946 ], [ 79.296943662216108, 33.276428221533116 ], [ 79.306617738576008, 33.272697444290166 ], [ 79.31005096232461, 33.270347592830348 ], [ 79.313285828893711, 33.270103452455416 ], [ 79.314888005279755, 33.269409185051401 ], [ 79.315696712947172, 33.268943783174279 ], [ 79.327552792833643, 33.268314360826075 ], [ 79.329742430834614, 33.269210817871731 ], [ 79.329772949631518, 33.269210817871731 ], [ 79.332969667929333, 33.269165044676463 ], [ 79.337844849155601, 33.270889281249978 ], [ 79.3389511153174, 33.270877838863917 ], [ 79.340293881930052, 33.270854954991073 ], [ 79.341400143091832, 33.271533962996635 ], [ 79.344383244811524, 33.272853850736546 ], [ 79.349746707237458, 33.274116517895003 ], [ 79.351692199863479, 33.274547573513154 ], [ 79.357467650597485, 33.276885988036575 ], [ 79.358406068376439, 33.277309413730734 ], [ 79.360542298707827, 33.277488709049862 ], [ 79.365768436098236, 33.278430934290895 ], [ 79.370040891760837, 33.278369901697154 ], [ 79.375755309901109, 33.277416229519744 ], [ 79.379470822745702, 33.275524139563394 ], [ 79.381660460746758, 33.275051113661569 ], [ 79.382720948713171, 33.275039671275501 ], [ 79.38896942579872, 33.273357390884868 ], [ 79.389762879067675, 33.272888181995434 ], [ 79.390853880831003, 33.272869105134987 ], [ 79.397361752690003, 33.270709990930769 ], [ 79.406318667323362, 33.268371580957734 ], [ 79.409461977501735, 33.268180848702151 ], [ 79.411186219075361, 33.268074032913127 ], [ 79.413719173765969, 33.267204282202293 ], [ 79.417587280145241, 33.265903471322929 ], [ 79.423248295615878, 33.265182497584078 ], [ 79.426460267862353, 33.263751982042862 ], [ 79.430259707173533, 33.2637023913855 ], [ 79.434539797310507, 33.262294769717037 ], [ 79.435546872607262, 33.262165069605494 ], [ 79.447441100315373, 33.260505673087707 ], [ 79.449310301398882, 33.259571077770829 ], [ 79.453414918678703, 33.256103517763258 ], [ 79.45409393168427, 33.254508971301171 ], [ 79.454887384953324, 33.254264830926246 ], [ 79.455619811078122, 33.251071925090514 ], [ 79.455655812859248, 33.250688594975408 ], [ 79.456085207505666, 33.246116638960288 ], [ 79.45322418097345, 33.238208770356891 ], [ 79.453453066950019, 33.236179350814695 ], [ 79.452354430712305, 33.226490020506027 ], [ 79.45118713695679, 33.221046449075516 ], [ 79.450622559214708, 33.213058471018016 ], [ 79.446640012122344, 33.201545712821201 ], [ 79.439338681994357, 33.187549590591033 ], [ 79.438262939629482, 33.185565949244037 ], [ 79.435050962383002, 33.180355070802484 ], [ 79.434036252611861, 33.178894046464357 ], [ 79.430625917735938, 33.173641202289446 ], [ 79.430732723524955, 33.172908781614218 ], [ 79.430435180480345, 33.172451014661164 ], [ 79.429626462363245, 33.172229768608652 ], [ 79.427444453836685, 33.168251033978372 ], [ 79.41858672551794, 33.155708311611953 ], [ 79.411560059112119, 33.147182462147136 ], [ 79.405372619620351, 33.139755249369614 ], [ 79.399337764112829, 33.129291537202839 ], [ 79.393424988792901, 33.120201110445535 ], [ 79.388999934595603, 33.109939572470822 ], [ 79.387855534712926, 33.107025143268935 ], [ 79.387573246066694, 33.106403350395119 ], [ 79.381378172100511, 33.093589781318848 ], [ 79.377751502195238, 33.081739206195515 ], [ 79.377372740685615, 33.080501558070807 ], [ 79.377059938242553, 33.078250882476034 ], [ 79.37724304102376, 33.077621460127837 ], [ 79.378097536886457, 33.074817658727362 ], [ 79.381797795332588, 33.070690157574674 ], [ 79.381782530934132, 33.069999697632738 ], [ 79.383476253710825, 33.066932673996888 ], [ 79.385154722089169, 33.065361021407654 ], [ 79.385498043329136, 33.06483077492441 ], [ 79.385482788930673, 33.064140324982468 ], [ 79.391960141992769, 33.053073881352645 ], [ 79.393516540183541, 33.049873351042535 ], [ 79.394747090759651, 33.041939332448862 ], [ 79.394752501007204, 33.041904449845383 ], [ 79.395523075852992, 33.039627077466172 ], [ 79.395347592546088, 33.038799287938225 ], [ 79.393745426160038, 33.031951902301337 ], [ 79.390365605081115, 33.029026030713389 ], [ 79.388015743621295, 33.027816771224671 ], [ 79.38311004314842, 33.024154661499423 ], [ 79.382301330481013, 33.023494720354314 ], [ 79.380142210827188, 33.023288728250577 ], [ 79.374458311483735, 33.020652770682631 ], [ 79.373123169345462, 33.02067565955538 ], [ 79.367538455867034, 33.019207000293271 ], [ 79.365478517977607, 33.018360133904956 ], [ 79.362808228700985, 33.017635347704044 ], [ 79.354263302825387, 33.016899109566836 ], [ 79.350395201446105, 33.016002652521166 ], [ 79.346641540330282, 33.015602115699771 ], [ 79.346092221986581, 33.015148166208711 ], [ 79.345008850147323, 33.014244084688649 ], [ 79.340957640986829, 33.014297487808008 ], [ 79.340675356890998, 33.013835908392963 ], [ 79.337715149493746, 33.012744901629631 ], [ 79.335540770891242, 33.012111666819358 ], [ 79.334767258821913, 33.011278926895763 ], [ 79.334693905250163, 33.011199953357561 ], [ 79.332260131126844, 33.009662624044992 ], [ 79.331954958158178, 33.007850643542824 ], [ 79.333297724770844, 33.006237030220305 ], [ 79.339218140014864, 33.00343322381984 ], [ 79.340751643883095, 33.002258305590011 ], [ 79.344749445373935, 33.001304628412598 ], [ 79.346916199502147, 33.001274109615686 ], [ 79.347724917169543, 33.000823977137024 ], [ 79.350410460844557, 33.00078582886573 ], [ 79.350914000543284, 33.000320437438376 ], [ 79.351989742908074, 32.999385831671724 ], [ 79.355232239401246, 32.998672487856958 ], [ 79.356269838045151, 32.99706268654684 ], [ 79.357337950935644, 32.996608737055773 ], [ 79.357582091310661, 32.995685573675281 ], [ 79.35968780739536, 32.992244725452224 ], [ 79.360733030963416, 32.991107940493613 ], [ 79.363243101331591, 32.989219662549552 ], [ 79.364959718430725, 32.988830568114302 ], [ 79.366340633764281, 32.987842560127696 ], [ 79.367156981355848, 32.987831117741628 ], [ 79.367424015603632, 32.987369533776167 ], [ 79.368209839398205, 32.986682895846542 ], [ 79.372489929535277, 32.986167903761832 ], [ 79.373291012728302, 32.985481266281901 ], [ 79.376663208883244, 32.985317234911371 ], [ 79.377777099969009, 32.985260009779722 ], [ 79.379631041204476, 32.985233308444883 ], [ 79.380172729624107, 32.984760282093362 ], [ 79.380744931840553, 32.984733580758537 ], [ 79.381347658303611, 32.98468017308879 ], [ 79.384056090851445, 32.984867097882386 ], [ 79.385102666775239, 32.980765720984373 ], [ 79.385795596823414, 32.978050231042388 ], [ 79.38549041385474, 32.976482390465563 ], [ 79.384213638860132, 32.97120488543338 ], [ 79.383460999312462, 32.968093876036264 ], [ 79.384231568708557, 32.965362549615669 ], [ 79.385536192050026, 32.963748930843565 ], [ 79.390647884176943, 32.963218689360303 ], [ 79.39691162066093, 32.96508789544383 ], [ 79.402275087637264, 32.966007231362326 ], [ 79.409248350923619, 32.965908045047698 ], [ 79.410568238663515, 32.965202330707299 ], [ 79.414039610683403, 32.963348384471836 ], [ 79.415374757821766, 32.963329317611397 ], [ 79.415374757821766, 32.962867738196266 ], [ 79.419342040515687, 32.958732602569192 ], [ 79.420692447052417, 32.958019258304823 ], [ 79.422294613438453, 32.957324980900815 ], [ 79.422279359040019, 32.956859589473375 ], [ 79.423583987381363, 32.954582217094064 ], [ 79.424133300275372, 32.954582217094064 ], [ 79.425567628278685, 32.952804562850801 ], [ 79.426208493013036, 32.951599120374389 ], [ 79.428344723344338, 32.950206753104368 ], [ 79.429138186613287, 32.949962613179117 ], [ 79.433105469307208, 32.945827482102359 ], [ 79.43416595727372, 32.944446566768811 ], [ 79.437850950871706, 32.941329957925284 ], [ 79.439041138949761, 32.940296176743296 ], [ 79.439720151955228, 32.940288546819296 ], [ 79.444999697464979, 32.934280397646639 ], [ 79.459030150504361, 32.921607970618368 ], [ 79.462463374253034, 32.917701715518184 ], [ 79.46402740236789, 32.915863038681188 ], [ 79.469520569455653, 32.908077239815647 ], [ 79.471076962646436, 32.904747009843682 ], [ 79.481506349003993, 32.886775970445214 ], [ 79.484123230161202, 32.883781431339465 ], [ 79.485191347602083, 32.882862090420957 ], [ 79.488838192928867, 32.877136230344306 ], [ 79.492530821450941, 32.87323379270611 ], [ 79.49396514945424, 32.872779843215042 ], [ 79.494155886709848, 32.872718810621315 ], [ 79.49627685764267, 32.872043604628146 ], [ 79.49805450233562, 32.870429991305635 ], [ 79.50065612428196, 32.868015296264112 ], [ 79.501495365558682, 32.867771149415155 ], [ 79.501731871459342, 32.867103573345972 ], [ 79.506156920656636, 32.863044739261504 ], [ 79.507865902831696, 32.86070632973815 ], [ 79.508819575386042, 32.85935974587214 ], [ 79.516052248068945, 32.851543428450739 ], [ 79.530746465165109, 32.831558228908449 ], [ 79.542037966859738, 32.818000796770896 ], [ 79.546691897483299, 32.808822631085029 ], [ 79.552703858668281, 32.80036163667593 ], [ 79.555099488773052, 32.798732758955047 ], [ 79.564079287279256, 32.789730076126318 ], [ 79.567977902455368, 32.782619478254041 ], [ 79.573242188566653, 32.778244019264335 ], [ 79.57430267653308, 32.777996066427406 ], [ 79.575744629460459, 32.778144833399388 ], [ 79.577804567799575, 32.778362276989817 ], [ 79.578353880693584, 32.77839660824872 ], [ 79.581542964517013, 32.777423859210856 ], [ 79.582328798311565, 32.776943203384967 ], [ 79.584655760898542, 32.771911620712224 ], [ 79.586257937284614, 32.77098846733174 ], [ 79.586250307810218, 32.770526887916603 ], [ 79.587059020477625, 32.770301819402121 ], [ 79.587326049725405, 32.769840240436665 ], [ 79.590270993173789, 32.769584657675665 ], [ 79.591491699598976, 32.770420077127596 ], [ 79.592460631174845, 32.771347042970163 ], [ 79.596221926765026, 32.772655483323916 ], [ 79.597038274356535, 32.772640228925461 ], [ 79.598114016721382, 32.773292545596192 ], [ 79.601875307761262, 32.773239132926527 ], [ 79.603210444449942, 32.772773741498995 ], [ 79.613899230580799, 32.760841364620426 ], [ 79.614532470391168, 32.760093684546739 ], [ 79.619636538043707, 32.749099725896713 ], [ 79.619918826689926, 32.748451236238374 ], [ 79.621246338904129, 32.746170041846774 ], [ 79.622245784276814, 32.742965699074588 ], [ 79.622741694501173, 32.741809847705213 ], [ 79.624359135285673, 32.740650173424086 ], [ 79.626017175041568, 32.739002452031151 ], [ 79.626197812572272, 32.738822938523448 ], [ 79.62718963302089, 32.735160823798282 ], [ 79.626884460052224, 32.733348843296113 ], [ 79.617507932186783, 32.72008132972887 ], [ 79.613410949830936, 32.716960903423242 ], [ 79.600883486862955, 32.703514099536783 ], [ 79.597152710069594, 32.698661802183267 ], [ 79.593475340945986, 32.694149018607632 ], [ 79.584869382476555, 32.68251037321096 ], [ 79.578407283812922, 32.674552913950279 ], [ 79.578254704828538, 32.674484256432471 ], [ 79.577293393176745, 32.674060820738326 ], [ 79.575950626114519, 32.672328949690417 ], [ 79.574157712472768, 32.671249389863554 ], [ 79.567115781668619, 32.669090275659329 ], [ 79.566772460428638, 32.668613431845827 ], [ 79.565040589380644, 32.666404721984328 ], [ 79.558937076355434, 32.658046726352026 ], [ 79.547531128947625, 32.644165039385264 ], [ 79.539154056454777, 32.63348770564037 ], [ 79.515724181227426, 32.60396957178618 ], [ 79.502403259540813, 32.592205048739949 ], [ 79.501602171347713, 32.591995244623917 ], [ 79.49993896736791, 32.59033203064412 ], [ 79.49946594101641, 32.590141298388531 ], [ 79.498321536583418, 32.589679713973403 ], [ 79.497772213239728, 32.589691165909784 ], [ 79.493949895055806, 32.586128232499256 ], [ 79.493400571712087, 32.586135861973645 ], [ 79.490531925705582, 32.58446502851946 ], [ 79.489875796572775, 32.583694459123265 ], [ 79.486335757035093, 32.582386013319827 ], [ 79.484275819145566, 32.581626890860086 ], [ 79.48320007678069, 32.580745693662571 ], [ 79.481224059908186, 32.580169683983947 ], [ 79.47410583756141, 32.573883058177522 ], [ 79.471824648169786, 32.573081964984503 ], [ 79.471023559976771, 32.572425846301385 ], [ 79.470558168099643, 32.572330472448748 ], [ 79.469795223627514, 32.572170253989981 ], [ 79.467178347470323, 32.567340850509297 ], [ 79.466758729238151, 32.56545257301503 ], [ 79.465820316459215, 32.558582308055598 ], [ 79.461631772263189, 32.548854824026044 ], [ 79.455780029536896, 32.538299560468616 ], [ 79.448112488846519, 32.528388978657937 ], [ 79.446487428587616, 32.527507781010641 ], [ 79.439750670752147, 32.525325772483974 ], [ 79.432365418707988, 32.524669648800952 ], [ 79.429000852027357, 32.524368282844584 ], [ 79.424949647866939, 32.523506162057828 ], [ 79.424156189597895, 32.523056025028836 ], [ 79.418731689578252, 32.52336120799751 ], [ 79.413192754295096, 32.523674010440651 ], [ 79.406806948073253, 32.525566100397015 ], [ 79.400680541175177, 32.530227655494848 ], [ 79.39942169102909, 32.532939910504673 ], [ 79.396270750926661, 32.55208587813307 ], [ 79.396782887417203, 32.55468867348803 ], [ 79.397430419758109, 32.557979582042243 ], [ 79.396825574574137, 32.560456783795026 ], [ 79.395355227470148, 32.56647872972254 ], [ 79.394515990556229, 32.568183899435617 ], [ 79.389068601663723, 32.569778441347282 ], [ 79.388442996777428, 32.569950101742513 ], [ 79.387931821705124, 32.570415498619631 ], [ 79.38586425389154, 32.570701599727869 ], [ 79.384811405849192, 32.57138824220781 ], [ 79.379463197821622, 32.572319030512375 ], [ 79.376815797867522, 32.574615479302437 ], [ 79.375999450276126, 32.57463073870089 ], [ 79.374397278889987, 32.575115206988777 ], [ 79.374160763439036, 32.575572968941827 ], [ 79.372299192279584, 32.576755526646124 ], [ 79.36908721958342, 32.577266691718528 ], [ 79.36773681304669, 32.57795715666046 ], [ 79.366981508049022, 32.578449249422825 ], [ 79.366691589478719, 32.578639982128088 ], [ 79.360023499160931, 32.579425805922675 ], [ 79.3496170071259, 32.583862302506013 ], [ 79.348007197753873, 32.584117882643682 ], [ 79.343650819136215, 32.585510252087424 ], [ 79.343391414362813, 32.585979465976962 ], [ 79.342323306472323, 32.585990907913335 ], [ 79.340835565799352, 32.586730958512618 ], [ 79.340301511854094, 32.587642669956736 ], [ 79.339492798737012, 32.587882997869677 ], [ 79.336814879986079, 32.587810518339488 ], [ 79.333877566911369, 32.587730408885307 ], [ 79.333343507966106, 32.588428498751398 ], [ 79.330146789668404, 32.589370728992336 ], [ 79.322898862210081, 32.589244846342787 ], [ 79.320732118531566, 32.588603971608528 ], [ 79.320449829435645, 32.588146209655477 ], [ 79.318023685983718, 32.586124420037258 ], [ 79.316154474900202, 32.582244871721599 ], [ 79.31111907976549, 32.567653657952462 ], [ 79.308830265449828, 32.56466293175837 ], [ 79.307746883610534, 32.564682008618817 ], [ 79.304695129822719, 32.558368681477567 ], [ 79.295089720980712, 32.545993802493904 ], [ 79.289070129871661, 32.540668488788874 ], [ 79.283950807820688, 32.53614807073896 ], [ 79.28329467868798, 32.535614011793619 ], [ 79.281768799294014, 32.534374238507993 ], [ 79.280708311327601, 32.534385680444366 ], [ 79.277145387917074, 32.529888151716968 ], [ 79.276046751679345, 32.529670717676851 ], [ 79.273628232252122, 32.528339388000575 ], [ 79.267700192533738, 32.527267458097697 ], [ 79.267623905541541, 32.527271275559777 ], [ 79.266738890881939, 32.527278900034155 ], [ 79.265007019384356, 32.527301784356595 ], [ 79.261299131463815, 32.528739924821885 ], [ 79.258094783691632, 32.528778073093186 ], [ 79.257034305725213, 32.529472350497194 ], [ 79.25595855336033, 32.530155185964738 ], [ 79.25086975055585, 32.530014033916821 ], [ 79.246177671661087, 32.521205901255364 ], [ 79.243339539451398, 32.512611389722508 ], [ 79.243865968472576, 32.511913299856417 ], [ 79.242752077386797, 32.510356901665645 ], [ 79.241615292877782, 32.505817411755281 ], [ 79.241058349610114, 32.505134581287642 ], [ 79.237792973530347, 32.501762396660716 ], [ 79.233467105911913, 32.500244145213223 ], [ 79.233222965536882, 32.499786378260175 ], [ 79.232131959223238, 32.498878484278045 ], [ 79.231277462910867, 32.498638156365189 ], [ 79.230087285282593, 32.498306277061602 ], [ 79.229934691298212, 32.498172754937656 ], [ 79.229370118556133, 32.497665402776931 ], [ 79.228736878745863, 32.497402195541554 ], [ 79.227951049951301, 32.497406008003537 ], [ 79.226600648414546, 32.496501921483492 ], [ 79.224777225975913, 32.495761870884195 ], [ 79.223228452259519, 32.495140078010387 ], [ 79.222137455496281, 32.494949340305013 ], [ 79.221855166850048, 32.494487761339649 ], [ 79.220787048959551, 32.494270327299546 ], [ 79.219680788247459, 32.492923738224817 ], [ 79.217544552916166, 32.492053987963672 ], [ 79.216476440025673, 32.491832736461568 ], [ 79.213195805261293, 32.489040377447168 ], [ 79.211784361580499, 32.487743374029783 ], [ 79.206993101371125, 32.485820775276515 ], [ 79.202110295220677, 32.481998446642912 ], [ 79.200263978459603, 32.481281275366136 ], [ 79.195922850728806, 32.479595187063829 ], [ 79.195121767535852, 32.478908539583884 ], [ 79.187255859665726, 32.477691650171003 ], [ 79.183006288325572, 32.477031704025997 ], [ 79.147918700391372, 32.477027891563914 ], [ 79.141784664018843, 32.474540710068567 ], [ 79.140312197294719, 32.474277493282877 ], [ 79.139778138799073, 32.473613734675695 ], [ 79.139038087750194, 32.473300936782941 ], [ 79.137405392567231, 32.472866054152412 ], [ 79.135482784263644, 32.470603941621249 ], [ 79.131950379200234, 32.466789247911628 ], [ 79.131872804380862, 32.466197975684629 ], [ 79.131324768864431, 32.462020872024681 ], [ 79.134147642125285, 32.454708104510665 ], [ 79.136466974788277, 32.451839448504053 ], [ 79.137077330725617, 32.451709748842205 ], [ 79.137603759746881, 32.450782772999716 ], [ 79.140518189398364, 32.449405670128144 ], [ 79.141326902065771, 32.448474881823593 ], [ 79.146537780507416, 32.438869472981501 ], [ 79.146749005913463, 32.437068258072095 ], [ 79.147232057911339, 32.432949063187174 ], [ 79.146934504417061, 32.431125640298937 ], [ 79.145263670962891, 32.427295682190952 ], [ 79.144134515928343, 32.419754029150035 ], [ 79.144309998785474, 32.418663027386707 ], [ 79.143218992022142, 32.416416169253999 ], [ 79.142143249657252, 32.415294648693852 ], [ 79.141593936763243, 32.415306090630217 ], [ 79.140815737443049, 32.414829257266312 ], [ 79.138633728916389, 32.413494110128049 ], [ 79.134864803402138, 32.413108827705194 ], [ 79.134323119982511, 32.412673945074573 ], [ 79.133796695961323, 32.412216183121529 ], [ 79.132759092317329, 32.411979677670566 ], [ 79.128425599061003, 32.410186768579237 ], [ 79.125709532038783, 32.409564971155021 ], [ 79.123214725619363, 32.405536650867361 ], [ 79.121498108969817, 32.395996097081081 ], [ 79.120941166151738, 32.395328521011912 ], [ 79.121192936001151, 32.394634248607986 ], [ 79.12084960476119, 32.389858247796965 ], [ 79.120223999425292, 32.388187409342805 ], [ 79.1189346304823, 32.384872438319519 ], [ 79.115074159027159, 32.380165095026314 ], [ 79.113456728242554, 32.379261013506266 ], [ 79.108909608408112, 32.378875731083312 ], [ 79.108406063259793, 32.379783630065447 ], [ 79.108139039011931, 32.38025283395497 ], [ 79.106803891873625, 32.380264285891343 ], [ 79.105720520034382, 32.380283352751782 ], [ 79.105209350411641, 32.38074875417923 ], [ 79.103080749554735, 32.381446834045242 ], [ 79.102371217752278, 32.381526943499502 ], [ 79.098625181560536, 32.381710051280699 ], [ 79.097557069119631, 32.382183072632131 ], [ 79.094604491196876, 32.382328036692449 ], [ 79.091285707711577, 32.382492067613278 ], [ 79.089416502077754, 32.383213041801724 ], [ 79.088645937681619, 32.383682255691241 ], [ 79.079536439063887, 32.384258269920089 ], [ 79.078453061774937, 32.384731291271606 ], [ 79.074462885208163, 32.385215759559493 ], [ 79.073959350509426, 32.385662079576171 ], [ 79.071006777586646, 32.38661956876588 ], [ 79.060562131830622, 32.386516575438854 ], [ 79.054389951737278, 32.38502883476589 ], [ 79.051719667910319, 32.385063170575108 ], [ 79.049011230362467, 32.383941650014947 ], [ 79.044197081280231, 32.383766177157817 ], [ 79.040153506594123, 32.382446289417921 ], [ 79.03952026178392, 32.382389064286258 ], [ 79.03372955165139, 32.381858822803011 ], [ 79.033470156877982, 32.381401060849946 ], [ 79.028320316030062, 32.379199980912524 ], [ 79.028076176104804, 32.378742218959474 ], [ 79.023475648600623, 32.376976011652573 ], [ 79.022407530710126, 32.37608337206899 ], [ 79.022125242063879, 32.37562179265386 ], [ 79.021308894472398, 32.375637052052319 ], [ 79.014587401035357, 32.373222350536778 ], [ 79.010948180632624, 32.369094849384091 ], [ 79.008621218045647, 32.366455078904366 ], [ 78.993782041889219, 32.341178891916037 ], [ 78.989166254986557, 32.335781098680805 ], [ 78.9853973394723, 32.333992007051471 ], [ 78.981910702604281, 32.333801269795885 ], [ 78.98113250373369, 32.334487917725511 ], [ 78.980079650241663, 32.334960933627336 ], [ 78.978988643927991, 32.335205079002279 ], [ 78.977432255287525, 32.337951660271003 ], [ 78.970603946511062, 32.347591399922315 ], [ 78.967765808851766, 32.354904172436356 ], [ 78.964683531267127, 32.358535763364671 ], [ 78.961723323869876, 32.362014770308626 ], [ 78.960136416882278, 32.362930298765136 ], [ 78.956794739524156, 32.362873078633399 ], [ 78.952598570853752, 32.362796786641212 ], [ 78.949935911501171, 32.363285067391168 ], [ 78.947868348687678, 32.365039822761602 ], [ 78.946792601322812, 32.365283963136548 ], [ 78.944404601142097, 32.367904666755813 ], [ 78.944137571444614, 32.36860275617213 ], [ 78.94066619942474, 32.369747166054815 ], [ 78.940414429575327, 32.370208740020267 ], [ 78.940139765403472, 32.370677948909695 ], [ 78.939323427812084, 32.370689390846159 ], [ 78.939056393114527, 32.37114715279921 ], [ 78.937728880900323, 32.371395115636226 ], [ 78.932685855841513, 32.373832706474197 ], [ 78.92974090284271, 32.375278476413875 ], [ 78.920982355389071, 32.378986359334412 ], [ 78.919654843174797, 32.380016328503999 ], [ 78.915397641910559, 32.38255691266901 ], [ 78.915161131459683, 32.383018496634463 ], [ 78.913284305901769, 32.383708952026076 ], [ 78.911933899365053, 32.384166713979134 ], [ 78.911697388914078, 32.38462829794458 ], [ 78.911460873013525, 32.385097501834011 ], [ 78.908126825579572, 32.386154177338433 ], [ 78.907859801331682, 32.386611939291576 ], [ 78.905319211717, 32.387683869194376 ], [ 78.904808047094207, 32.388355252725553 ], [ 78.903457641007151, 32.388832096089359 ], [ 78.900924686316529, 32.391151429201955 ], [ 78.898330689032164, 32.393527987446198 ], [ 78.897781371138151, 32.393535616920673 ], [ 78.894615176637259, 32.396762849015211 ], [ 78.892593382019044, 32.398033141097756 ], [ 78.888099664600944, 32.401962277413787 ], [ 78.887290957186835, 32.4021759066489 ], [ 78.875282283765628, 32.413196562083435 ], [ 78.872413637759038, 32.416526797055404 ], [ 78.870124813443326, 32.420085903453533 ], [ 78.865142820978264, 32.426307674204324 ], [ 78.862533569745125, 32.433170319239586 ], [ 78.85884856371068, 32.436603542401173 ], [ 78.85295104477585, 32.436901091482625 ], [ 78.851341243915329, 32.436477660788476 ], [ 78.850250247152076, 32.436031340771798 ], [ 78.846763610284043, 32.436061859568625 ], [ 78.84648132163781, 32.43582534411776 ], [ 78.846237181262779, 32.435611722539647 ], [ 78.841957096125796, 32.434513090852334 ], [ 78.841133119059904, 32.433849332245138 ], [ 78.839759823200652, 32.43296051012355 ], [ 78.834411620622859, 32.432094576874704 ], [ 78.832534790064855, 32.432350159186107 ], [ 78.827209476359812, 32.43466567983662 ], [ 78.823074340283142, 32.444942477209885 ], [ 78.820297240667173, 32.458385468634269 ], [ 78.816864016918487, 32.464107516698704 ], [ 78.816352842295771, 32.465015415680746 ], [ 78.813850401175756, 32.468715673187099 ], [ 78.811210631371935, 32.471481326806462 ], [ 78.809501649196761, 32.473278042910188 ], [ 78.807136532888919, 32.477626800115274 ], [ 78.805084229473763, 32.486282349241968 ], [ 78.805107113346608, 32.487411499726186 ], [ 78.803764346733942, 32.489051819383526 ], [ 78.800834652683989, 32.493949889932331 ], [ 78.79853820889393, 32.497943878961166 ], [ 78.797775269421805, 32.499984740439828 ], [ 78.793151857595163, 32.515277866087366 ], [ 78.791458129818437, 32.525382997615715 ], [ 78.790786746736885, 32.527973177438078 ], [ 78.790390012377642, 32.529155730592059 ], [ 78.789054875239373, 32.531894686936717 ], [ 78.785362241717195, 32.537494659813603 ], [ 78.781951902291027, 32.542659759610267 ], [ 78.779388428803514, 32.548404696997054 ], [ 78.776756288247853, 32.554302217918625 ], [ 78.775527951898596, 32.564769747547388 ], [ 78.775955047212904, 32.566868070235884 ], [ 78.776405337083801, 32.569080351481368 ], [ 78.781372070150439, 32.574085237819183 ], [ 78.782379154997599, 32.575092312666243 ], [ 78.783241265708597, 32.575954433495717 ], [ 78.783744815932693, 32.576484679936257 ], [ 78.785072328146981, 32.576927187490945 ], [ 78.786148070511871, 32.577613825420478 ], [ 78.786956788628885, 32.578502652542163 ], [ 78.787490847574219, 32.578495027618104 ], [ 78.789657591252663, 32.579372402803308 ], [ 78.79077911181291, 32.581413269731655 ], [ 78.791564934490765, 32.58163833473251 ], [ 78.79431152187621, 32.585029600811943 ], [ 78.797088626492197, 32.594299313338048 ], [ 78.796601789930804, 32.598195268806862 ], [ 78.795639034090513, 32.605899810463434 ], [ 78.795906068338283, 32.606342318018115 ], [ 78.795417788038023, 32.608394626433245 ], [ 78.792495728912058, 32.61436080487254 ], [ 78.788818359788422, 32.618251800124568 ], [ 78.786399840810873, 32.618953707452654 ], [ 78.784568788448254, 32.621025082728138 ], [ 78.784027104578925, 32.621025082728146 ], [ 78.78294372273966, 32.621269228103174 ], [ 78.780029298537784, 32.623794552869704 ], [ 78.779212955946292, 32.624034880782744 ], [ 78.773963924233428, 32.631130214256558 ], [ 78.772689814688903, 32.637050629500578 ], [ 78.771003721386577, 32.639373774625476 ], [ 78.765548703019675, 32.645317078742323 ], [ 78.763175962237412, 32.64940643162371 ], [ 78.762649538216237, 32.65100479554777 ], [ 78.763701202175525, 32.654107579983382 ], [ 78.763725280581127, 32.654178619523137 ], [ 78.765197756855727, 32.658706667497036 ], [ 78.76584625106436, 32.669158932727441 ], [ 78.76911163643021, 32.6822738673104 ], [ 78.76965332029954, 32.686100002956408 ], [ 78.769821168682284, 32.68796539657793 ], [ 78.769512933676495, 32.690590258639496 ], [ 78.769340512406785, 32.692058561471704 ], [ 78.76911163643021, 32.692962648441352 ], [ 78.767509465044171, 32.693439486805254 ], [ 78.762664792614686, 32.693717953439091 ], [ 78.761322016225236, 32.693275458088074 ], [ 78.753684998658755, 32.684947968599332 ], [ 78.749557497506061, 32.677497866949075 ], [ 78.742248537454103, 32.669635771541024 ], [ 78.733848576088377, 32.663116457745645 ], [ 78.72790527152182, 32.66066360250921 ], [ 78.727371218026263, 32.659999848902117 ], [ 78.726280211262917, 32.659778597399935 ], [ 78.723838807962949, 32.65800094315675 ], [ 78.723564148791084, 32.6575431812036 ], [ 78.72303771476993, 32.657112120585474 ], [ 78.714683536149892, 32.654243464578855 ], [ 78.706710812490712, 32.652820588512022 ], [ 78.706077577680446, 32.652709960260921 ], [ 78.703674313101345, 32.652507781068877 ], [ 78.697937010638526, 32.652667999527644 ], [ 78.690788269494917, 32.6528663667073 ], [ 78.689178468184778, 32.653343195520797 ], [ 78.680335999264457, 32.654357910291942 ], [ 78.672668458574051, 32.653713223095615 ], [ 78.671875004855323, 32.65325927360454 ], [ 78.669723510575238, 32.653099065145874 ], [ 78.668640138286392, 32.652442936013053 ], [ 78.667701720507338, 32.652423859152613 ], [ 78.666351323970616, 32.651512148158183 ], [ 78.664161680969642, 32.650539394120337 ], [ 78.662841793229831, 32.649955749967418 ], [ 78.662292480335708, 32.649963374441803 ], [ 78.662048339960776, 32.649505612488738 ], [ 78.655403138515908, 32.638603210229348 ], [ 78.651519777738145, 32.632484432805683 ], [ 78.64985656375832, 32.630241397134981 ], [ 78.647842403614504, 32.627388005077144 ], [ 78.641525269460814, 32.611896517249939 ], [ 78.64062499995309, 32.608791350792472 ], [ 78.639007569168555, 32.60566711202496 ], [ 78.633758547455699, 32.599575041385712 ], [ 78.63321685403605, 32.599582675860098 ], [ 78.632225033234917, 32.598461147781869 ], [ 78.631134036824108, 32.598266605582275 ], [ 78.629570008709251, 32.597625731297697 ], [ 78.628448488149004, 32.597164151882573 ], [ 78.627922059127812, 32.596477504402621 ], [ 78.623748784779849, 32.594203949485404 ], [ 78.622528077905059, 32.594032288640577 ], [ 78.621177671817918, 32.593124389658456 ], [ 78.620903012646153, 32.592662815693096 ], [ 78.620086670054661, 32.592674257629461 ], [ 78.619018557164168, 32.592014311484355 ], [ 78.61604309688768, 32.592037203786006 ], [ 78.61418151420898, 32.593418120690735 ], [ 78.608634949451428, 32.602108001076331 ], [ 78.605979914573325, 32.603279111844245 ], [ 78.601913456014358, 32.604915619489191 ], [ 78.600059514778977, 32.604705810373062 ], [ 78.599792480081518, 32.605163572326205 ], [ 78.595039369042595, 32.606323241157583 ], [ 78.593704221904318, 32.607460021116275 ], [ 78.592903138711293, 32.608398438895229 ], [ 78.592117309916716, 32.608634944346093 ], [ 78.589988709059696, 32.610473631183105 ], [ 78.588905337220439, 32.611152644638338 ], [ 78.588119508425848, 32.611854556516661 ], [ 78.581230166605948, 32.612468714916169 ], [ 78.577964781240098, 32.613338475177315 ], [ 78.57337188865985, 32.613563538691807 ], [ 78.572570795466916, 32.613109589200732 ], [ 78.571235658328547, 32.613117219124817 ], [ 78.565849302029747, 32.611137390239882 ], [ 78.561630249486484, 32.610477448645092 ], [ 78.558860779344897, 32.610046388476547 ], [ 78.554801940260305, 32.60758972077813 ], [ 78.55374145274358, 32.6076049751765 ], [ 78.552131651433442, 32.607181549482434 ], [ 78.546722411261797, 32.606231689767021 ], [ 78.541648867406067, 32.606143950838451 ], [ 78.535720822687637, 32.604606629058445 ], [ 78.534652709797129, 32.603717801936845 ], [ 78.533851626604104, 32.602802278480347 ], [ 78.531959536647733, 32.602352141001667 ], [ 78.531967161571814, 32.601890567036222 ], [ 78.530120849810714, 32.600269313789717 ], [ 78.529388423685816, 32.600044250275232 ], [ 78.529129029362082, 32.599330906010756 ], [ 78.518974307176322, 32.589080810422018 ], [ 78.514900208693277, 32.585468290904451 ], [ 78.513290407832827, 32.585025783799537 ], [ 78.512519837987028, 32.584877017277229 ], [ 78.512001033889817, 32.584209446208057 ], [ 78.509773252167861, 32.582561496626646 ], [ 78.508163450857722, 32.582118989072036 ], [ 78.506271361351054, 32.581024169846714 ], [ 78.501678468321217, 32.579444887783104 ], [ 78.500610350880393, 32.578559872673821 ], [ 78.4995422379899, 32.577663425628145 ], [ 78.495964050180788, 32.576869962359197 ], [ 78.490585328356474, 32.576698301514369 ], [ 78.487976072123232, 32.576614380047793 ], [ 78.486366270813122, 32.576862332435134 ], [ 78.483177187439338, 32.578502652542156 ], [ 78.479995728989678, 32.578899386901483 ], [ 78.479209904745389, 32.579349518930464 ], [ 78.472442623562628, 32.579479218592411 ], [ 78.459831233678415, 32.575984957249908 ], [ 78.457138060978693, 32.573925019360487 ], [ 78.456054688689747, 32.573940273758865 ], [ 78.453628540237716, 32.571468351661984 ], [ 78.449310301379811, 32.569911958471202 ], [ 78.447685235671216, 32.568557739472496 ], [ 78.446891782402261, 32.567668912350904 ], [ 78.446350098982634, 32.567676542274874 ], [ 78.44384765308881, 32.565898892582005 ], [ 78.436607365554522, 32.55754852142401 ], [ 78.431381227714482, 32.546905513938022 ], [ 78.430572510047071, 32.544860844997288 ], [ 78.430458064333891, 32.544166567593351 ], [ 78.429161070916507, 32.536476132580447 ], [ 78.429908751439882, 32.529632568955869 ], [ 78.429359438096256, 32.529193873863257 ], [ 78.42854309050476, 32.529201508787331 ], [ 78.427993777161063, 32.528743741834269 ], [ 78.427993777161063, 32.52781677144138 ], [ 78.42713928629837, 32.527297971894583 ], [ 78.425094602357618, 32.527034759659124 ], [ 78.416465759565696, 32.525352478818895 ], [ 78.414583425931383, 32.525251593247958 ], [ 78.405433652194688, 32.524761200191584 ], [ 78.399971004353262, 32.521957398791109 ], [ 78.411918635180825, 32.520835873230943 ], [ 78.415458674718607, 32.519374848892816 ], [ 78.416595459677239, 32.518669129102754 ], [ 78.417778017381536, 32.515975955953365 ], [ 78.418930056738503, 32.510452265068665 ], [ 78.422782899169064, 32.507396693818876 ], [ 78.422744750448174, 32.506504059235205 ], [ 78.426452633368726, 32.504989627227332 ], [ 78.426689148819591, 32.504295349373699 ], [ 78.432495118800261, 32.503265380653794 ], [ 78.443191523956074, 32.504295349373706 ], [ 78.449234009387609, 32.502532959528892 ], [ 78.45313262956374, 32.499996187825879 ], [ 78.453887939561497, 32.499309539896252 ], [ 78.45592498402786, 32.497596735259116 ], [ 78.457519530489861, 32.495441433517051 ], [ 78.458168029698498, 32.4927787841645 ], [ 78.461036686154813, 32.491539000878859 ], [ 78.462547301150323, 32.490142826146858 ], [ 78.465133668510617, 32.484642029584613 ], [ 78.46541543657105, 32.484053860097973 ], [ 78.46622466527397, 32.482364657205387 ], [ 78.46618652155297, 32.48144531128689 ], [ 78.465835570838607, 32.479419704206599 ], [ 78.46545410587774, 32.478580477292681 ], [ 78.463241578554246, 32.474304199617691 ], [ 78.459068299206251, 32.469917298691612 ], [ 78.45478820906915, 32.463275904708759 ], [ 78.453409471621029, 32.458845705304988 ], [ 78.453231810878449, 32.45827484083285 ], [ 78.452873224790338, 32.454776762028452 ], [ 78.454040528545775, 32.451572414256262 ], [ 78.454566950219231, 32.451328281911444 ], [ 78.454521174821437, 32.450206753321169 ], [ 78.45555877846536, 32.449256893605764 ], [ 78.455535889142837, 32.448589322536662 ], [ 78.458923339696241, 32.446907041696349 ], [ 78.460586549125722, 32.446506495324627 ], [ 78.463424681335439, 32.445709229144015 ], [ 78.472160334466778, 32.442729949886392 ], [ 78.47941589684909, 32.44017410632285 ], [ 78.483543398001828, 32.437332156651152 ], [ 78.484237675405836, 32.435272218312065 ], [ 78.485038758598861, 32.435012818538659 ], [ 78.485580442018488, 32.4349975591402 ], [ 78.485557558145658, 32.434543609649147 ], [ 78.486091617090906, 32.434291839799819 ], [ 78.488273625167892, 32.429496767577952 ], [ 78.488769535841854, 32.429279323537848 ], [ 78.48930359199511, 32.42902755267049 ], [ 78.490409850499205, 32.425075530393059 ], [ 78.49098968263975, 32.424686430957721 ], [ 78.492263792184374, 32.423294068687717 ], [ 78.492492677711155, 32.422370915307212 ], [ 78.494041446427659, 32.421192169615317 ], [ 78.493965149435468, 32.419616699564088 ], [ 78.495285037175279, 32.418880461426802 ], [ 78.49552154262615, 32.417984009381136 ], [ 78.501060487909342, 32.417144777916803 ], [ 78.504722597634597, 32.417396547766224 ], [ 78.520004276345787, 32.41834259001957 ], [ 78.528915407783941, 32.415821077715002 ], [ 78.531837466909906, 32.414051057946111 ], [ 78.534876801233167, 32.411629252281216 ], [ 78.536155705318194, 32.410610194273374 ], [ 78.5346069316018, 32.405246732297151 ], [ 78.534049988783707, 32.404598233088407 ], [ 78.522338863407072, 32.39503097251761 ], [ 78.521224972770966, 32.393932341279893 ], [ 78.51943969860362, 32.392612453540089 ], [ 78.519065858566819, 32.392166138973082 ], [ 78.514968871211025, 32.387344364966793 ], [ 78.513191221518042, 32.382873532574138 ], [ 78.511283872163318, 32.369396209890759 ], [ 78.509010317245981, 32.365383149001566 ], [ 78.502319333055411, 32.359783176124687 ], [ 78.501312257758656, 32.358943934660367 ], [ 78.500198362122546, 32.357963566148122 ], [ 78.499023433892646, 32.357345585736304 ], [ 78.485229496304115, 32.350082393879639 ], [ 78.484077456947034, 32.348430631836223 ], [ 78.481849675225078, 32.345249177936971 ], [ 78.481292722406991, 32.344318385081998 ], [ 78.480110164253091, 32.341651918267452 ], [ 78.478515627341409, 32.335044860543498 ], [ 78.478307472327643, 32.333111073794093 ], [ 78.477897646929591, 32.329303740618705 ], [ 78.478431705874826, 32.32907867210421 ], [ 78.481826780902537, 32.312709809091785 ], [ 78.482482910035344, 32.304359437933876 ], [ 78.483858551314469, 32.286978980915919 ], [ 78.484100340819865, 32.283924106362512 ], [ 78.483261109355524, 32.276054386030403 ], [ 78.481407167670469, 32.269805908944875 ], [ 78.479804991284396, 32.268154147351154 ], [ 78.476219178551219, 32.262737272255478 ], [ 78.475502017274451, 32.261173244140721 ], [ 78.473556514198734, 32.259876250723345 ], [ 78.471031189432082, 32.25609970028502 ], [ 78.469963071991259, 32.255676269590865 ], [ 78.467895508728077, 32.253921504220351 ], [ 78.467575071810629, 32.253452300330906 ], [ 78.466949461474726, 32.252532959412413 ], [ 78.465400692758323, 32.250267029419255 ], [ 78.464218139604426, 32.249149326321096 ], [ 78.462478633784599, 32.247783655078685 ], [ 78.462066645324271, 32.247383119014287 ], [ 78.459521205310907, 32.244713292409074 ], [ 78.458709718567761, 32.243862150887352 ], [ 78.45792388977317, 32.243652341771231 ], [ 78.456436158650504, 32.240303039938738 ], [ 78.456230166996463, 32.238494871449056 ], [ 78.463752743176983, 32.237827300379863 ], [ 78.464370723588729, 32.237762450773744 ], [ 78.464469909903443, 32.237751008387676 ], [ 78.464935301330883, 32.237701418180009 ], [ 78.476089478889349, 32.237449647880986 ], [ 78.477157596330272, 32.237190243107591 ], [ 78.481155397821027, 32.237957000491399 ], [ 78.486511230323003, 32.237144469912323 ], [ 78.499885554679381, 32.235111238357646 ], [ 78.512809751557157, 32.236900329986987 ], [ 78.518577577816814, 32.237697605718012 ], [ 78.520881651530956, 32.238815308816172 ], [ 78.522933959946101, 32.239807129264804 ], [ 78.525550841103311, 32.240325923811582 ], [ 78.530952451800587, 32.241394041702073 ], [ 78.537300104751168, 32.24209213111839 ], [ 78.537834163696431, 32.242137904313758 ], [ 78.540809635492053, 32.242408751023632 ], [ 78.552764896243545, 32.241767881738959 ], [ 78.556488038562549, 32.241924282735638 ], [ 78.560134888889365, 32.240680692437621 ], [ 78.579292298903923, 32.229244231232983 ], [ 78.590980529958031, 32.22322845213634 ], [ 78.609939572792811, 32.21055221764599 ], [ 78.610443117491542, 32.209625242253196 ], [ 78.611335752075149, 32.209014896315757 ], [ 78.612048386785048, 32.20859976243355 ], [ 78.612121580869811, 32.208557124362706 ], [ 78.61219024838762, 32.207641600906193 ], [ 78.612152099666716, 32.203350068383159 ], [ 78.608131414303031, 32.19581603981662 ], [ 78.607933542829841, 32.193887393672945 ], [ 78.607482910094276, 32.189495088200907 ], [ 78.608253474490496, 32.189247135813559 ], [ 78.610826485813178, 32.181403818878799 ], [ 78.611175533616461, 32.180339816837474 ], [ 78.610671993468117, 32.174274442083551 ], [ 78.609222411066355, 32.171813967372735 ], [ 78.606452945924772, 32.165805818200077 ], [ 78.605697625927021, 32.163349150951241 ], [ 78.602249147779872, 32.160793302387795 ], [ 78.601043705753142, 32.160331727972739 ], [ 78.594940182727882, 32.157375333037578 ], [ 78.594779964269108, 32.156925200558895 ], [ 78.594215396526963, 32.156913758622437 ], [ 78.592432993590933, 32.154614613186993 ], [ 78.591491699580729, 32.153400425419584 ], [ 78.591232294807341, 32.150474549281327 ], [ 78.591583250971297, 32.149570467761265 ], [ 78.592636104013735, 32.149536131502366 ], [ 78.593132014687683, 32.148391721619696 ], [ 78.596603396707664, 32.146312716869737 ], [ 78.605194090778681, 32.139194489073375 ], [ 78.605674746604578, 32.137828828587885 ], [ 78.606437681526316, 32.137371066634827 ], [ 78.606834410885625, 32.134185790723095 ], [ 78.607063296862208, 32.133972164145057 ], [ 78.608108520430164, 32.132999425107215 ], [ 78.609375000050719, 32.131832121351678 ], [ 78.611083982225807, 32.127490998620971 ], [ 78.611351016473577, 32.123699189233882 ], [ 78.613197323234672, 32.11521148848994 ], [ 78.613990786953309, 32.11475753899888 ], [ 78.614189149132983, 32.113830563156398 ], [ 78.614540099847332, 32.113628383514651 ], [ 78.616134646759008, 32.112705230134168 ], [ 78.616333008938682, 32.112152104778069 ], [ 78.62304687745177, 32.109275818847479 ], [ 78.626998894633289, 32.109584803383129 ], [ 78.632781986405348, 32.107589720994852 ], [ 78.633300780502552, 32.107799530110974 ], [ 78.633956904635269, 32.108005521764923 ], [ 78.645462037908075, 32.106727600208096 ], [ 78.656455992007849, 32.103889462548722 ], [ 78.664726258711724, 32.098892211134881 ], [ 78.665237428334436, 32.098194121268882 ], [ 78.665840149347801, 32.097049711386212 ], [ 78.666470508425817, 32.090642301186087 ], [ 78.666488648596953, 32.090457913218899 ], [ 78.667892457803461, 32.08509445079288 ], [ 78.669219970467324, 32.079998013064419 ], [ 78.673522956671064, 32.075569156305221 ], [ 78.674209592406797, 32.073047639100508 ], [ 78.67477417014895, 32.072612761020196 ], [ 78.676567073790608, 32.071201327339423 ], [ 78.676635741308317, 32.070739747924378 ], [ 78.677597042960201, 32.070003509787078 ], [ 78.680343628779269, 32.068183904360922 ], [ 78.691184993894652, 32.06099319248397 ], [ 78.697570800566126, 32.055557250527841 ], [ 78.698097229587404, 32.055130007371694 ], [ 78.698493958946713, 32.054473878688682 ], [ 78.698822025800752, 32.053932194222945 ], [ 78.698951720450083, 32.05359268104138 ], [ 78.699333190410968, 32.052585600744621 ], [ 78.701599120404197, 32.05026245561973 ], [ 78.701675417396302, 32.050205230487975 ], [ 78.70287322994875, 32.049324037840776 ], [ 78.704383854944155, 32.045059202102159 ], [ 78.704910273965424, 32.044815061727228 ], [ 78.705589297420573, 32.044261931371224 ], [ 78.706161499637133, 32.042659759985078 ], [ 78.706848142117053, 32.037418367746632 ], [ 78.710182190000722, 32.034835812848335 ], [ 78.710708619021887, 32.034381863357275 ], [ 78.710670470750699, 32.033470151913164 ], [ 78.712234498415853, 32.032981871163273 ], [ 78.712677000970444, 32.031589503893265 ], [ 78.713722229538519, 32.030887602014879 ], [ 78.714218139762863, 32.030414580663354 ], [ 78.721939088572611, 32.025367733592162 ], [ 78.722152710150738, 32.0247344983323 ], [ 78.728668211484063, 32.020919795072359 ], [ 78.728950500130296, 32.020690919095877 ], [ 78.730026247495189, 32.019817355923045 ], [ 78.733627314626716, 32.016899109259093 ], [ 78.733863830077581, 32.016250610050449 ], [ 78.736236576309537, 32.014423370149807 ], [ 78.739311213970197, 32.012062071304022 ], [ 78.739555359345133, 32.011409764633299 ], [ 78.74218749990078, 32.009166718962597 ], [ 78.74265289132822, 32.007907868816503 ], [ 78.743591309107174, 32.004848480104634 ], [ 78.744369508427354, 32.004592892793227 ], [ 78.745643617971908, 32.003658292476359 ], [ 78.745872498948486, 32.002735139095861 ], [ 78.746398922969675, 32.002510075581377 ], [ 78.746879578795571, 32.0011405921842 ], [ 78.746841430524341, 32.000450137242176 ], [ 78.747871399244175, 31.999958039030215 ], [ 78.748115539619221, 31.99928283348666 ], [ 78.74966430833561, 31.998302454974507 ], [ 78.753768920615443, 31.995702741946637 ], [ 78.755134581100961, 31.99591636807515 ], [ 78.756172187060073, 31.996078487361508 ], [ 78.767250060311184, 31.995254513198997 ], [ 78.76983642267156, 31.99464035524926 ], [ 78.777259823436637, 31.992835999221469 ], [ 78.785087582585888, 31.991495131339857 ], [ 78.78665161070063, 31.990987778729448 ], [ 78.7869279359968, 31.991094540073924 ], [ 78.787742617463977, 31.99140930069256 ], [ 78.787704468743087, 31.98801040820279 ], [ 78.787536625363444, 31.98742484530835 ], [ 78.787284855510933, 31.986536028197232 ], [ 78.787078858856887, 31.986103053847966 ], [ 78.785858151982012, 31.982912061743288 ], [ 78.777687076592855, 31.955364223568679 ], [ 78.774108888334183, 31.946243288014482 ], [ 78.769165039590064, 31.931144717084607 ], [ 78.766830442079026, 31.926214219007857 ], [ 78.761940001004589, 31.916601185691469 ], [ 78.756805420004824, 31.911535266310228 ], [ 78.756072998879901, 31.911357879721976 ], [ 78.754028314939163, 31.908948898949863 ], [ 78.752494811070903, 31.907615655992224 ], [ 78.75173187614908, 31.907409663888505 ], [ 78.751434328104395, 31.906694410893092 ], [ 78.75106811754199, 31.906330104511319 ], [ 78.749267578976259, 31.904584887346221 ], [ 78.748855590218497, 31.901195528061884 ], [ 78.747772218379225, 31.900455477462582 ], [ 78.747636826761308, 31.900364671370159 ], [ 78.746665957217417, 31.899713518132245 ], [ 78.745948790940673, 31.898151398748453 ], [ 78.745780942557829, 31.897264480357816 ], [ 78.747550962326713, 31.895851137496319 ], [ 78.747870663824713, 31.89454689235777 ], [ 78.747886653642638, 31.894481659548827 ], [ 78.748085020822302, 31.889728543060336 ], [ 78.744850159253275, 31.88156890415792 ], [ 78.744125363052419, 31.881027220738286 ], [ 78.743667601099361, 31.880195618748445 ], [ 78.741226198248981, 31.87654876342166 ], [ 78.740806585016799, 31.875511169777685 ], [ 78.740554804717803, 31.874824526848041 ], [ 78.740401621284562, 31.874033076279574 ], [ 78.740211483477836, 31.873050695066855 ], [ 78.740391397272901, 31.868516074762621 ], [ 78.740463253195358, 31.866704945548904 ], [ 78.739776615715414, 31.838502881972541 ], [ 78.738296509516815, 31.829507829067882 ], [ 78.738151550006819, 31.828847887473181 ] ] ] ] } }
]
}
